datetime,date,year,rgt,beam,transect,period,n_points,median_wse_evrs_m,mean_wse_evrs_m,std_m,mad_m,nmad_m,p05_m,p95_m,range_m,along_track_slope_m_per_km,track_length_km,mean_stdev_water_surf_m,lat_mean,lon_mean,qc_pass,qc_flags
2018-10-16 01:21:22.938854656+00:00,2018-10-16,2018,265,gt3l,265_gt3l,PRE_BREACH,303,15.880799987108041,15.877548095376612,0.03126640905842871,0.01523169495967025,0.02258251094720711,15.824689810290018,15.928555381911812,0.10386557162179422,-0.00031112202313963734,35.87694213031797,0.013353703038419708,47.46305958900803,34.20309943036546,True,
2018-10-16 01:21:23.286455040+00:00,2018-10-16,2018,265,gt3r,265_gt3r,PRE_BREACH,1061,15.862897013552018,15.856353138034773,0.027974772605021826,0.015530197020748204,0.023025070102961287,15.801628211528318,15.891461637733467,0.08983342620514989,-4.8721338526154154e-05,35.76344078093792,0.010446521338570467,47.48121620666255,34.20454559143788,True,
2018-10-16 01:21:23.374154752+00:00,2018-10-16,2018,265,gt2l,265_gt2l,PRE_BREACH,171,15.851058620541142,15.847746371932232,0.02070577714182656,0.01452858128736878,0.021540074616652954,15.81045257771646,15.876785008705914,0.06633243098945485,-0.002074625462525455,20.897972754536326,0.012352940790793476,47.508992924898,34.25244100641945,True,
2018-10-16 01:21:23.714154752+00:00,2018-10-16,2018,265,gt2r,265_gt2r,PRE_BREACH,584,15.85791746885146,15.855750367128575,0.02735748328979246,0.01454232802017863,0.021560455522716834,15.81190607564656,15.887999014339446,0.07609293869288614,-0.0027329823143838056,33.83009597166128,0.01497506862345142,47.506102057455564,34.25097646304269,True,
2018-10-16 01:21:23.922155008+00:00,2018-10-16,2018,265,gt1l,265_gt1l,PRE_BREACH,181,15.822106744114325,15.820802898265992,0.018719685289215738,0.01165194915623502,0.01727517981903404,15.791714586341513,15.846450268978487,0.05473568263697359,-0.0012481462781744426,17.856016233871628,0.024733113734955677,47.48381230784081,34.29175938193631,True,
2018-10-16 01:21:24.256754944+00:00,2018-10-16,2018,265,gt1r,265_gt1r,PRE_BREACH,671,15.836251160530697,15.835022913746982,0.019990978550545047,0.014045861815130678,0.02082439472711274,15.799830263435563,15.865910004202979,0.06607974076741563,-0.0019503018920842246,17.27334723192848,0.023546687615392085,47.49017448377422,34.29161348919426,True,
2018-10-20 01:13:17.117198080+00:00,2018-10-20,2018,325,gt1l,325_gt1l,PRE_BREACH,104,15.796405045720793,15.792985176436689,0.023297024654835363,0.018292455580409595,0.027120394643515264,15.756418803706259,15.82885188313004,0.07243307942378152,-0.0033446486399873474,5.7741092180622475,0.008499999810010195,46.80748372314973,33.41753620746624,True,
2018-10-20 01:13:17.457897984+00:00,2018-10-20,2018,325,gt1r,325_gt1r,PRE_BREACH,364,15.798615788151798,15.79786126952098,0.027593144667244555,0.020712939672995034,0.030709004359182435,15.754970936178227,15.839834888300167,0.08486395212194076,-0.003641485737353834,5.881106554283408,0.0091666664617757,46.81046257509121,33.416904247185705,True,
2018-10-20 01:13:17.698697984+00:00,2018-10-20,2018,325,gt2l,325_gt2l,PRE_BREACH,151,15.849202969484427,15.83776745261222,0.06236582133091384,0.0480877336277068,0.0712948738764381,15.734619455342191,15.929783776583898,0.19516432124170713,0.02818898855211094,2.1782987866172743,0.01133333301792542,46.787650250821436,33.37242837224915,True,
2018-10-20 01:13:18.056197888+00:00,2018-10-20,2018,325,gt2r,325_gt2r,PRE_BREACH,239,15.782600611416921,15.785095882103743,0.028674192259671737,0.020356452831315153,0.030180476967707842,15.740609212260138,15.833233848245147,0.09262463598500936,0.007519562844544261,1.9627490864871135,0.013916570077568417,46.78637047610655,33.371211778025696,False,track_too_short
2018-11-03 12:09:00.724847360+00:00,2018-11-03,2018,545,gt3l,545_gt3l,PRE_BREACH,92,15.783977313575626,15.787646931501937,0.020864722645614866,0.014726716811653162,0.021833830344956978,15.756117249916995,15.822088091589352,0.06597084167235678,0.0013493215137828519,17.96071031782484,0.06013114904900166,47.489307345162636,34.89463283911139,True,
2018-11-03 12:09:01.054947328+00:00,2018-11-03,2018,545,gt3r,545_gt3r,PRE_BREACH,348,15.727600638077828,15.726135741957373,0.02375244283174975,0.01694775807328419,0.025126746119451142,15.687093349294008,15.763609166408466,0.07651581711445843,0.0016568864082586441,17.99985479264843,0.05604903314840691,47.48999501095988,34.89543089569188,True,
2018-11-03 12:09:01.469547264+00:00,2018-11-03,2018,545,gt2r,545_gt2r,PRE_BREACH,268,15.790120983334726,15.789728065202237,0.018182669143611663,0.011501301015867327,0.017051828886124897,15.759011251299825,15.814210486599325,0.05519923529950077,0.000178091939917259,17.27665406855262,0.009999999955583077,47.51177243804751,34.849378796712614,True,
2018-11-03 12:09:01.600847360+00:00,2018-11-03,2018,545,gt2l,545_gt2l,PRE_BREACH,89,15.815514267882346,15.824548257219108,0.07664260783688089,0.009599973653980243,0.014232920939391108,15.79497064923504,15.843396163844584,0.04842551460954425,0.0031197598203565905,13.934368690197466,0.05877687633456139,47.513587156092605,34.84822450461175,True,
2018-11-03 12:09:01.893247488+00:00,2018-11-03,2018,545,gt1l,545_gt1l,PRE_BREACH,78,15.821147656168975,15.818310567247575,0.01712464561790172,0.013626320045270646,0.020202382099118257,15.791423442822163,15.842401214116004,0.050977771293840846,0.00014245294492153788,12.512787544067315,0.014046757840193234,47.51623084129076,34.80489957802503,True,
2018-11-03 12:09:02.227447296+00:00,2018-11-03,2018,545,gt1r,545_gt1r,PRE_BREACH,292,15.81802648972144,15.816640381167012,0.016536222717783315,0.010026994332156036,0.014866021796854539,15.789604616042693,15.841761435352378,0.052156819309685076,0.0005668783901528513,12.653056175308222,0.010517241112117109,47.515560609908846,34.805940638408714,True,
2018-11-07 12:00:43.739478528+00:00,2018-11-07,2018,609,gt1l,609_gt1l,PRE_BREACH,175,15.833417736926705,15.834824890925203,0.02391794365119564,0.015968561109247048,0.023674988700569673,15.801710106127796,15.879857283317877,0.0781471771900808,-0.002174155453351979,27.144416944419184,0.050588236190378666,47.4681720934205,34.033125753486495,True,
2018-11-07 12:00:43.752978688+00:00,2018-11-07,2018,609,gt3l,609_gt3l,PRE_BREACH,171,15.848771529934133,15.848823297116695,0.021426773772416804,0.013972973716654735,0.02071633083231231,15.814785874021648,15.88411089692387,0.06932502290222153,-0.0005597696219846915,26.457592590294684,0.07537969944656954,47.46792861580921,34.11894030921246,True,
2018-11-07 12:00:43.775378432+00:00,2018-11-07,2018,609,gt2l,609_gt2l,PRE_BREACH,136,15.838617013317878,15.83912081705212,0.022562700956109485,0.01616712143326815,0.023969374236963357,15.800551795735656,15.871645855012762,0.07109405927710633,-0.001440189535586664,26.989372747730954,0.07588565259185784,47.492583187663115,34.07260071065095,True,
2018-11-07 12:00:44.095278592+00:00,2018-11-07,2018,609,gt1r,609_gt1r,PRE_BREACH,675,15.819456475977791,15.822246276593916,0.03157386205987812,0.02234899132125534,0.03313461453289317,15.775723423095185,15.873710959697739,0.09798753660255421,-0.002549697040358156,27.086295966500817,0.062089552532937096,47.4703200522713,34.033816629263086,True,
2018-11-07 12:00:44.097978624+00:00,2018-11-07,2018,609,gt3r,609_gt3r,PRE_BREACH,704,15.811220248327547,15.811850172064958,0.026389670401751157,0.017370474350983045,0.02575346527276746,15.77123684319596,15.853766265956173,0.08252942276021358,-0.0004183089523402556,26.453229478295167,0.06657142860016653,47.46698922684697,34.12005450724294,True,
2018-11-07 12:00:44.117378560+00:00,2018-11-07,2018,609,gt2r,609_gt2r,PRE_BREACH,431,15.761115210381032,15.762427766534802,0.024752789909094724,0.01663456836554289,0.024662411058753886,15.723858282800265,15.802344289691263,0.07848600689099783,-0.0011159369152878885,27.032522679864083,0.07465390886275847,47.492282084075825,34.073571887778996,True,
2018-11-11 11:52:15.636923136+00:00,2018-11-11,2018,669,gt2l,669_gt2l,PRE_BREACH,36,15.877516684695497,15.876841511665829,0.022581416812698603,0.018424305194072232,0.02731587488073149,15.839214306350286,15.909079086098352,0.06986477974806604,-0.002353705590098046,4.913788888746582,0.08856429724255577,46.78389213190908,33.393694425641975,True,
2018-11-11 11:52:15.999422976+00:00,2018-11-11,2018,669,gt3l,669_gt3l,PRE_BREACH,23,15.903729057097156,15.902279225474224,0.01740493206617945,0.013673753910840247,0.020272707548211748,15.87582118521364,15.92519655209636,0.04937536688271926,0.0038009179019330886,4.41623583604669,0.07250000163912773,46.81465623526231,33.43159963848852,True,
2018-11-11 11:52:16.040923136+00:00,2018-11-11,2018,669,gt2r,669_gt2r,PRE_BREACH,74,15.851541958364695,15.850007197641874,0.029171704691338743,0.013964686156995754,0.020704043696361904,15.810336569275952,15.889103220705815,0.07876665142986283,-0.008052643924068252,4.657002468045958,0.06670966988580453,46.79019508133577,33.393604545390694,True,
2018-11-11 11:52:16.342123008+00:00,2018-11-11,2018,669,gt3r,669_gt3r,PRE_BREACH,98,15.79100548148322,15.792183573554546,0.02243223199875318,0.01518288645139343,0.0225101474528359,15.758120246092105,15.827718896903653,0.06959865081154781,-0.006355608430079563,4.763951820927737,0.06855755797302236,46.81616861470512,33.43232715132413,True,
2018-12-02 10:44:52.014361088+00:00,2018-12-02,2018,989,gt3l,989_gt3l,PRE_BREACH,1011,15.868288660923731,15.86413315671723,0.030488689664122836,0.017646360120103566,0.026162493514065546,15.801549462342262,15.905773162474413,0.10422370013215065,-0.0006849784252264887,43.60113267471369,0.011361096622893075,47.57175729373414,35.142614636075024,True,
2018-12-02 10:44:52.153461248+00:00,2018-12-02,2018,989,gt2l,989_gt2l,PRE_BREACH,561,15.858572871892626,15.856135532955781,0.03296604176612832,0.01880207644575904,0.027875958538482355,15.805466872292762,15.895077547684963,0.08961067539220124,-0.00020851622146318032,45.99105371011476,0.011537941329911379,47.56673799104069,35.100387107005375,True,
2018-12-02 10:44:52.213561344+00:00,2018-12-02,2018,989,gt1l,989_gt1l,PRE_BREACH,417,15.880935760806562,15.876729463067825,0.021554384661356063,0.014256588650205515,0.021136818332794696,15.837735865775791,15.905482421875195,0.06774655609940439,-0.00036703974013106293,19.000234182489887,0.009788956149197597,47.53622251721261,35.06176284186438,True,
2018-12-02 10:44:52.354161152+00:00,2018-12-02,2018,989,gt3r,989_gt3r,PRE_BREACH,3768,15.842044484587678,15.837711384909234,0.031732783357656676,0.01879839277387063,0.027870497126540595,15.779683479038132,15.882139338315001,0.10245585927686918,-0.0006567638604995736,43.54644798384704,0.010850995594009778,47.570349012785556,35.143831530587164,True,
2018-12-02 10:44:52.495561216+00:00,2018-12-02,2018,989,gt2r,989_gt2r,PRE_BREACH,1890,15.863415041165757,15.85906056292021,0.06649660055792436,0.01632599182202732,0.024204915475337704,15.791434787418245,15.900644600594672,0.10920981317642742,-0.0017947826137975356,46.054215243366684,0.010112806507557998,47.56527537433266,35.10155173719038,True,
2018-12-02 10:44:52.555161344+00:00,2018-12-02,2018,989,gt1r,989_gt1r,PRE_BREACH,1611,15.852635878023932,15.845371489171333,0.03134620022583822,0.020838181846684734,0.030894688405894783,15.786706759388025,15.886349253087053,0.09964249369902767,-0.00027524214349976565,19.04594316569641,0.010869564939729915,47.53604660979677,35.06277154803624,True,
2018-12-10 10:28:06.122268928+00:00,2018-12-10,2018,1109,gt1l,1109_gt1l,PRE_BREACH,2,15.909331866425276,15.909331866425276,0.10227143837205227,0.07231682759458025,0.10721692859172467,15.844246721590155,15.974417011260398,0.13017028967024302,,,0.9802213311195374,47.006809608890435,33.57959429325907,False,too_few_points|stdev_too_large
2018-12-10 10:28:06.924968960+00:00,2018-12-10,2018,1109,gt3r,1109_gt3r,PRE_BREACH,4,15.87002288303171,15.82441491780969,0.1213441377819532,0.023969630722813662,0.03553737450964353,15.677968848818693,15.907009835489863,0.22904098667116912,-0.3559065934744722,0.5246412757541407,2.365185022354126,47.04540380607052,33.66027968114423,False,too_few_points|track_too_short|stdev_too_large
2018-12-16 22:25:11.571028736+00:00,2018-12-16,2018,1209,gt1l,1209_gt1l,PRE_BREACH,88,15.991775618932273,15.990305807762354,0.026669124061383827,0.01671229592226453,0.024777649934349392,15.946066881365935,16.03355391682392,0.08748703545798442,-0.0011137861586236794,24.982860234289618,0.12821880694140086,47.46680450563101,34.030514494303226,True,
2018-12-16 22:25:11.829728512+00:00,2018-12-16,2018,1209,gt2l,1209_gt2l,PRE_BREACH,55,15.954613418768997,15.945879409577055,0.06463982159991107,0.016915236000222933,0.02507852889393052,15.887479815970517,16.016762451827937,0.12928263585741995,0.001859230822898148,20.224385033618436,0.1567605407360722,47.491435446161574,33.99109367664241,True,
2018-12-16 22:25:11.906128640+00:00,2018-12-16,2018,1209,gt1r,1209_gt1r,PRE_BREACH,369,15.957720295757525,15.959283518144737,0.048122979194282205,0.02744812198813662,0.04069458565961135,15.887679450392522,16.03550701764468,0.14782756725215762,-0.001617924952167375,24.99322830349254,0.1287025457152183,47.468811000412366,34.0297248425415,True,
2018-12-16 22:25:12.165928704+00:00,2018-12-16,2018,1209,gt2r,1209_gt2r,PRE_BREACH,185,15.968571228972717,15.967041848639631,0.04331910221318145,0.02643266313939563,0.039189066370467956,15.896909668661475,16.034902122491104,0.13799245382962866,0.0004802208738929147,20.729821571254682,0.15113288118859022,47.48746095025541,33.98946634818004,True,
2018-12-16 22:25:12.248128768+00:00,2018-12-16,2018,1209,gt3l,1209_gt3l,PRE_BREACH,25,15.985394059161276,15.978843351456193,0.04850288065690185,0.027098269915921236,0.04017589497734482,15.911119050996438,16.039151590895656,0.12803253989921792,0.006362077402680781,11.654190456318558,0.11276374420239813,47.50953608414186,33.95071713966009,True,
2018-12-16 22:25:12.581428480+00:00,2018-12-16,2018,1209,gt3r,1209_gt3r,PRE_BREACH,100,16.00467493280699,15.992191028057137,0.06072881899347642,0.03161494386925057,0.046872315780550886,15.88821648178914,16.072847935167974,0.18463145337883446,0.001714552046074573,11.8614480164694,0.13768965871228525,47.5090745136547,33.9494806356666,True,
2019-01-08 09:04:15.292431360+00:00,2019-01-08,2019,165,gt1l,165_gt1l,PRE_BREACH,32,15.79229721355614,15.789734159435428,0.020081455399875606,0.014512823750235881,0.021516712492099715,15.766557826479344,15.815443088911902,0.04888526243255775,0.010474697858976591,7.65934196657568,0.006666666517655055,47.1253010001532,33.78629897239681,True,
2019-01-08 09:04:15.689831168+00:00,2019-01-08,2019,165,gt1r,165_gt1r,PRE_BREACH,11,15.841602203610623,15.858054976023205,0.04944735686534715,0.01361697043071075,0.020188520360571758,15.81464880883046,15.952184772524332,0.1375359636938711,0.008375536020674623,7.285294116551336,0.3127929031848907,47.136805439979476,33.7856404668379,False,too_few_points
2019-03-03 06:24:52.916768512+00:00,2019-03-03,2019,989,gt1l,989_gt1l,PRE_BREACH,615,15.60934987761761,15.59866846241143,0.041877639435727435,0.020964207642609978,0.031081534250933553,15.511245460107457,15.647963002556951,0.1367175424494942,0.005862647120885529,17.337804296285913,0.04926229480531861,47.50301911336973,35.019899896130774,True,
2019-03-03 06:24:53.266368512+00:00,2019-03-03,2019,989,gt3l,989_gt3l,PRE_BREACH,849,15.642517255505648,15.63672981673276,0.02922981430427567,0.014591020916324027,0.021632647610542,15.5704913648176,15.673017102828293,0.10252573801069254,-0.0002566689194726341,45.87762310985824,0.02840877192790662,47.580117759003315,35.09473883624802,True,
2019-03-03 06:24:53.270768384+00:00,2019-03-03,2019,989,gt1r,989_gt1r,PRE_BREACH,156,15.644653458138015,15.644845785402786,0.02307645118860809,0.01917868791045052,0.02843432269603394,15.609238392357053,15.679308463970848,0.07007007161379519,0.002860194539828385,17.28088813991724,0.04166666685293118,47.504646524185574,35.02083372903077,True,
2019-03-03 06:24:53.327668480+00:00,2019-03-03,2019,989,gt2l,989_gt2l,PRE_BREACH,517,15.666737800341352,15.665989529118706,0.020256840257817398,0.012903268957046521,0.01913038655571717,15.629367052890938,15.696541669612927,0.06717461672198866,0.0018606425422572658,18.83494058981842,0.022725178530472158,47.540602887015844,35.057416106929665,True,
2019-03-03 06:24:53.606268416+00:00,2019-03-03,2019,989,gt3r,989_gt3r,PRE_BREACH,217,15.666479085633892,15.664761637630143,0.021414041803029943,0.013522060866286267,0.02004780744035602,15.627730997000278,15.694731436414116,0.06700043941383882,0.00016354874043445728,45.91284877327331,0.027802113927184388,47.58075875770171,35.09583156582387,True,
2019-03-03 06:24:53.667368448+00:00,2019-03-03,2019,989,gt2r,989_gt2r,PRE_BREACH,166,15.653792516594613,15.652505255486384,0.0206724184892616,0.012747569036386963,0.01889954585334731,15.616637808173307,15.684676948559806,0.0680391403864995,0.0020761594402214562,18.829107387879557,0.0250844434913562,47.540228967439035,35.058665219574664,True,
2019-03-07 06:16:33.024385536+00:00,2019-03-07,2019,1049,gt2l,1049_gt2l,PRE_BREACH,67,15.633185049132997,15.632050651110362,0.029490156341576132,0.008744120709163639,0.01296403336340601,15.614232585163021,15.655227124641872,0.040994539478850456,-0.0039123786121426024,16.83950482908667,0.033240352715574094,47.49304761116618,34.285592924573734,True,
2019-03-07 06:16:33.139385600+00:00,2019-03-07,2019,1049,gt1l,1049_gt1l,PRE_BREACH,177,15.59742291548676,15.593125359647896,0.06636539772156096,0.018713566992659025,0.02774473442331627,15.515840778514278,15.62783668479393,0.1119959062796525,-0.003493422209553605,21.511784029129974,0.043987515536736854,47.53764276059965,34.23634362992091,True,
2019-03-07 06:16:33.266885632+00:00,2019-03-07,2019,1049,gt3l,1049_gt3l,PRE_BREACH,67,15.600350888490176,15.59694262249146,0.06584879715711615,0.00991639850545667,0.014702052424190057,15.58176676265122,15.63184206303709,0.050075300385868715,-0.0025915732297026903,12.336706760727363,0.04121418280610398,47.530961593969934,34.32312107206812,True,
2019-03-07 06:16:33.497885696+00:00,2019-03-07,2019,1049,gt1r,1049_gt1r,PRE_BREACH,33,15.616398022572575,15.624121581098308,0.04998498133112718,0.013615554043340694,0.02018642042465691,15.57808071818365,15.657720911969019,0.07964019378536946,-0.0014639426655304734,18.38311300788318,0.054409799667505115,47.532599697917696,34.2382407629503,True,
2019-03-07 06:16:33.591185664+00:00,2019-03-07,2019,1049,gt2r,1049_gt2r,PRE_BREACH,13,15.608198532526668,15.60900603839494,0.012314347354112283,0.010795429305964888,0.016005303489023542,15.594513749043275,15.627392577570902,0.032878828527627135,-0.0016705838804491327,10.842459900267382,0.019139997153119606,47.480590744094584,34.28854463285107,False,too_few_points
2019-03-07 06:16:33.636485632+00:00,2019-03-07,2019,1049,gt3r,1049_gt3r,PRE_BREACH,16,15.62996158134008,15.629104015672613,0.01252465965609535,0.007812400170500666,0.011582664492784287,15.607004855896708,15.644908828303667,0.03790397240695853,-0.0014866559705875087,12.046280216882435,0.08248868735972792,47.55107132663782,34.32145610266072,False,too_few_points
2019-03-13 18:13:29.512933376+00:00,2019-03-13,2019,1149,gt2l,1149_gt2l,PRE_BREACH,434,15.648051593296294,15.646882106836157,0.01803666146046344,0.008956582865440765,0.013279029756302478,15.620743301382984,15.669405413935321,0.04866211255233743,-0.0008783541289232238,11.5682862049216,0.01709302267882713,47.52489106850428,34.78359145722279,True,
2019-03-13 18:13:29.516633344+00:00,2019-03-13,2019,1149,gt1l,1149_gt1l,PRE_BREACH,573,15.633305411299759,15.632307858215531,0.015309795423931823,0.009775733241912832,0.014493502104459963,15.606337226749243,15.655427586917064,0.049090360167820535,-0.00011146604514864309,12.53696552156387,0.017543859175292022,47.519753846882466,34.82582397367955,True,
2019-03-13 18:13:29.612733184+00:00,2019-03-13,2019,1149,gt3l,1149_gt3l,PRE_BREACH,587,15.621850114046516,15.620054017036885,0.018357038927142445,0.00997639434535813,0.014791002256427963,15.590565487262921,15.645338157310208,0.05477267004728681,-0.0002872340597948172,9.279134832765166,0.01979513931226182,47.52403280307507,34.74052367259834,True,
2019-03-13 18:13:29.853533184+00:00,2019-03-13,2019,1149,gt1r,1149_gt1r,PRE_BREACH,137,15.663752974901175,15.663328628843091,0.011752848373085776,0.007827222200504025,0.011604639634467267,15.647389119173928,15.683043838768231,0.03565471959430333,-0.00017525531164448415,12.531030145341768,0.015000077467547716,47.5210631940724,34.82484850403481,True,
2019-03-13 18:13:29.858933248+00:00,2019-03-13,2019,1149,gt2r,1149_gt2r,PRE_BREACH,133,15.651662169091281,15.652625422322327,0.014294658979835062,0.008877350848749188,0.013161560368355545,15.63225441968557,15.677757364822854,0.04550294513728481,0.0013217506000254302,11.50747725660074,0.012692307122051716,47.52625003893426,34.78264602678923,True,
2019-03-13 18:13:29.950433280+00:00,2019-03-13,2019,1149,gt3r,1149_gt3r,PRE_BREACH,153,15.631436782549521,15.635011404010601,0.023404975022421393,0.009812916528417759,0.014548630045032169,15.612241893421476,15.662745677420688,0.050503783999211294,0.0032809440871099348,9.294845727154362,0.019666665978729726,47.52503794203074,34.73949359717251,True,
2019-03-17 18:05:09.428558592+00:00,2019-03-17,2019,1209,gt1l,1209_gt1l,PRE_BREACH,2987,15.55594764934057,15.561379009192656,0.03118307116354653,0.018349469170420463,0.027204922992065377,15.520224714375043,15.621015201420748,0.10079048704570504,0.0008637232023880675,28.959727592432166,0.01015714021350288,47.459047492563975,34.05392744592543,True,
2019-03-17 18:05:09.522858496+00:00,2019-03-17,2019,1209,gt2l,1209_gt2l,PRE_BREACH,7409,15.581513486500214,15.586304385233523,0.02723866889792905,0.01144126113794286,0.016962813763114083,15.55704910528396,15.638691464313965,0.08164235903000439,0.00018370746044653167,39.954054462432985,0.009254799738178403,47.40967809485423,34.00400061466482,True,
2019-03-17 18:05:09.648358656+00:00,2019-03-17,2019,1209,gt3l,1209_gt3l,PRE_BREACH,7209,15.57529617657243,15.575872301111513,0.026505615580612842,0.017916542340746133,0.026563065674390214,15.534908423240502,15.619709174624841,0.08480075138433918,-3.162824682698702e-05,44.432660779027835,0.012923610748516189,47.3949247664319,33.959066916640175,True,
2019-03-17 18:05:09.776058368+00:00,2019-03-17,2019,1209,gt1r,1209_gt1r,PRE_BREACH,859,15.612043736969909,15.616804339877843,0.020678656752842646,0.011614846576801341,0.01722017153476567,15.589807066796924,15.65869994951451,0.06889288271758609,0.00115917233773966,29.006488270822224,0.007214438052416127,47.46738809356797,34.0539572836441,True,
2019-03-17 18:05:09.866558464+00:00,2019-03-17,2019,1209,gt2r,1209_gt2r,PRE_BREACH,2076,15.5508928278216,15.560677223007964,0.037148467346317514,0.016690148804784144,0.024744814617972972,15.516668737255934,15.636717762655733,0.12004902539979945,0.0010799050488687497,40.14931082114413,0.017584540453797953,47.41884017130494,34.004137809243,True,
2019-03-17 18:05:09.998858496+00:00,2019-03-17,2019,1209,gt3r,1209_gt3r,PRE_BREACH,2271,15.639629307658407,15.640547837329601,0.0559336132678135,0.04615807619717316,0.06843396376992893,15.55822873623842,15.727349150544718,0.16912041430629898,0.0015353545970983409,44.4143010743123,0.01162301049407527,47.414580393660266,33.960667713318635,True,
2019-04-01 05:00:53.316803328+00:00,2019-04-01,2019,45,gt1l,45_gt1l,PRE_BREACH,649,15.732146313448354,15.724270549040588,0.028278755917142098,0.011733859976651217,0.017396620801383093,15.66594651500912,15.75681844434931,0.0908719293401905,0.004737475653262479,10.452469749142423,0.011490704563485088,47.543186496823246,35.29208801283363,True,
2019-04-01 05:00:53.548503296+00:00,2019-04-01,2019,45,gt2l,45_gt2l,PRE_BREACH,24,15.710426761421887,15.70612948641192,0.02155492901449881,0.011037431819087118,0.01636409641497856,15.668548157188482,15.732411727511284,0.06386357032280188,-0.022182002397514215,0.23656840640934468,0.06535474397242069,47.52939779999463,35.337037377854514,False,track_too_short
2019-04-01 05:00:53.664203520+00:00,2019-04-01,2019,45,gt1r,45_gt1r,PRE_BREACH,161,15.738233698397494,15.73107167933387,0.023422534661498365,0.01193771883149708,0.01769886193957757,15.682878687128866,15.757399441240086,0.07452075411121939,0.0030191088464389224,10.107249461212495,0.011562499741557986,47.54224744718665,35.29341885340212,True,
2019-04-05 04:52:33.762029312+00:00,2019-04-05,2019,105,gt1l,105_gt1l,PRE_BREACH,1597,15.763209711414639,15.770547294313452,0.025409992436643995,0.01342175141686397,0.01989908865064252,15.740190916534122,15.81980254894058,0.07961163240645774,-0.006286344157517836,12.384179461629016,0.008176100446180728,47.58027086262437,34.50809306463649,True,
2019-04-05 04:52:34.058129408+00:00,2019-04-05,2019,105,gt2l,105_gt2l,PRE_BREACH,730,15.841206520603977,15.833802799383626,0.029061310847760174,0.011146568828165115,0.0165259029446376,15.763912405089819,15.867873555645943,0.10396115055612398,-0.0026948858008716495,9.50885806310978,0.01226027358374367,47.57048209987525,34.55249961266298,True,
2019-04-05 04:52:34.120929280+00:00,2019-04-05,2019,105,gt3l,105_gt3l,PRE_BREACH,1462,15.788404927407141,15.787991807148384,0.029664397847293144,0.02098909147594874,0.0311184270222416,15.729547833299327,15.831402130361326,0.10185429706199933,-0.0018638869534691818,9.484744329420352,0.010684931204233267,47.57576326351804,34.59474132393694,True,
2019-04-05 04:52:34.141329408+00:00,2019-04-05,2019,105,gt1r,105_gt1r,PRE_BREACH,401,15.787366356241833,15.794210733887947,0.025209682433092576,0.013893661720651096,0.020598742867037313,15.762211207921933,15.845023427991705,0.08281222006977274,-0.006286158966895184,12.084551493850801,0.0096220692356277,47.58100165243508,34.50920323837564,True,
2019-04-05 04:52:34.395529216+00:00,2019-04-05,2019,105,gt2r,105_gt2r,PRE_BREACH,216,15.810080289102993,15.808366653862754,0.03150314622681068,0.012542393733458113,0.018595352949224996,15.762919675386705,15.837766616329706,0.07484694094300082,-0.0018533752597232663,9.66807760379195,0.016070290305320686,47.57095199048208,34.5535931561567,True,
2019-04-05 04:52:34.458729216+00:00,2019-04-05,2019,105,gt3r,105_gt3r,PRE_BREACH,371,15.823963908919588,15.82424748507098,0.03218406762356752,0.022157549124177223,0.03285078233150515,15.765777110071044,15.870734534069463,0.10495742399841923,-0.005172493877942189,9.455576874571527,0.017837837036397006,47.57543821689689,34.59595978749277,True,
2019-04-09 04:44:06.534255616+00:00,2019-04-09,2019,165,gt1l,165_gt1l,PRE_BREACH,286,15.90879917320005,15.909708073059239,0.017940910735633114,0.011327887537243342,0.016794726062716977,15.881306088958022,15.936230947146823,0.05492485818880155,0.0009369116553374004,14.060370310247803,0.015607185147285879,47.11459751331752,33.79573565203724,True,
2019-04-09 04:44:06.719755776+00:00,2019-04-09,2019,165,gt2l,165_gt2l,PRE_BREACH,205,15.923392974249374,15.922848894375056,0.015839160931459845,0.010055325843563168,0.014908026095666752,15.896526011782452,15.946453754359968,0.0499277425775162,-0.0009803427421171988,13.954673745425165,0.022750000189989805,47.13432576893373,33.83559758416065,True,
2019-04-09 04:44:06.888355584+00:00,2019-04-09,2019,165,gt1r,165_gt1r,PRE_BREACH,77,15.930208642989193,15.928644608431016,0.028896167968159674,0.008482473528459877,0.012576115253294613,15.906156966181843,15.956522038301303,0.05036507211945995,-0.001702151452856165,13.951912409326884,0.024155140672991803,47.1161373414078,33.796680251822984,True,
2019-04-09 04:44:07.059555584+00:00,2019-04-09,2019,165,gt2r,165_gt2r,PRE_BREACH,69,15.906629036338845,15.905649854398666,0.022877023482500935,0.010343684471546766,0.015335546597515234,15.875493205090883,15.940973889608378,0.06548068451749423,-0.001260704248829173,13.983125313516487,0.03715004677288845,47.13488936350515,33.836686036786794,True,
2019-04-09 04:44:07.878055680+00:00,2019-04-09,2019,165,gt3l,165_gt3l,PRE_BREACH,126,15.89146177576538,15.89222760332208,0.018092800166788506,0.011263488697681012,0.016699248343181868,15.86566673675614,15.929070742723379,0.06340400596723939,0.0018547816907904509,6.931306693620273,0.02077612096059417,47.176597164353495,33.872291966989906,True,
2019-04-09 04:44:08.227055616+00:00,2019-04-09,2019,165,gt3r,165_gt3r,PRE_BREACH,35,15.937387306317575,15.934324673065166,0.014038996819126215,0.008649670739586668,0.012824001838511193,15.911464143474598,15.95246324272922,0.04099909925462164,0.0015138879263006304,6.824426543618028,0.06999999781449635,47.17736676078554,33.87337200610693,True,
2019-04-11 16:49:24.527188992+00:00,2019-04-11,2019,205,gt2l,205_gt2l,PRE_BREACH,96,15.802986357445889,15.806575126210817,0.018884976500893443,0.00887907942970223,0.013164123162476525,15.783719269702637,15.85048330754374,0.06676403784110363,-0.008645145117533866,4.796223279077364,0.014845152288520088,47.86113998845121,35.072456458633305,True,
2019-04-11 16:49:24.874088960+00:00,2019-04-11,2019,205,gt2r,205_gt2r,PRE_BREACH,55,15.786977672571084,15.779443320936627,0.04446114659324739,0.04008274484450425,0.059426677506461995,15.712697742092201,15.844522679651718,0.1318249375595162,0.015267235580581531,4.756311123572745,0.02247477075813905,47.83825085213223,35.06802970932975,True,
2019-04-11 16:49:25.020789248+00:00,2019-04-11,2019,205,gt1l,205_gt1l,PRE_BREACH,170,15.71606932672683,15.72958407872648,0.04402632155966611,0.024149311841176413,0.03580376973572815,15.673703788277901,15.819574619683587,0.14587083140568602,-0.003116640387048775,43.1929054291089,0.015079335211226659,47.81852037219687,35.10956984329928,True,
2019-04-11 16:49:25.356488960+00:00,2019-04-11,2019,205,gt1r,205_gt1r,PRE_BREACH,54,15.732638690475873,15.741756200660403,0.03090366119087163,0.012973672659255087,0.019234767084611592,15.709579562355446,15.80769487375997,0.09811531140452523,-0.006948168317640819,3.4075912443132332,0.0159999992698431,47.82615302404762,35.1094608679578,True,
2019-04-19 16:32:59.199052544+00:00,2019-04-19,2019,325,gt1l,325_gt1l,PRE_BREACH,14,15.98838993964969,15.990230552451283,0.013988205877699719,0.006049640374373055,0.008969196819045492,15.972431688069278,16.012220906795033,0.039789218725754694,-0.0006907628541904831,5.7038381449387305,0.009999999776482582,46.80922812921729,33.40900035225705,False,too_few_points
2019-05-04 03:28:29.437946368+00:00,2019-05-04,2019,545,gt3l,545_gt3l,PRE_BREACH,713,15.857084725029107,15.857487145119144,0.027208985361570435,0.019162306960851083,0.028410036300157815,15.809844884531623,15.902188708737352,0.09234382420572906,0.0033349009299835876,18.631434226837534,0.012274981623967432,47.47273183545357,34.86894084011291,True,
2019-05-04 03:28:29.769446400+00:00,2019-05-04,2019,545,gt3r,545_gt3r,PRE_BREACH,185,15.910432440082374,15.910917573206284,0.021415086934556418,0.01615004783324636,0.023944060917571054,15.8761245134778,15.943929005911716,0.06780449243391651,0.002054585588870479,18.62401407770406,0.017983359964312735,47.473265826102676,34.8700650821506,True,
2019-05-04 03:28:30.325046272+00:00,2019-05-04,2019,545,gt2l,545_gt2l,PRE_BREACH,322,15.884131207192,15.882522981084396,0.022294600113964343,0.011953139517801858,0.017721724649093034,15.856073833906441,15.911308809149293,0.05523497524285226,0.0022805675060929547,13.295065008944086,0.012187499698484316,47.51513778935298,34.820068291879345,True,
2019-05-04 03:28:30.560546304+00:00,2019-05-04,2019,545,gt1l,545_gt1l,PRE_BREACH,394,15.915252823921874,15.912018957622823,0.025481004187501734,0.010688559877658932,0.01584685887461713,15.839862173074298,15.94302151998178,0.10315934690748207,0.0037240744507592645,11.77983667262175,0.009871794627262996,47.5195740218613,34.77651186948029,True,
2019-05-04 03:28:30.656046336+00:00,2019-05-04,2019,545,gt2r,545_gt2r,PRE_BREACH,103,15.893626968562867,15.890784126915044,0.018491157876567885,0.010876985070336076,0.016126218065280265,15.856574127790397,15.91691026169649,0.060336133906092826,0.003260768810607889,13.304796766838995,0.008999999798834323,47.51334489207534,34.821499524665114,True,
2019-05-04 03:28:30.889046528+00:00,2019-05-04,2019,545,gt1r,545_gt1r,PRE_BREACH,99,15.931131148369076,15.929380134251815,0.015636817861656355,0.008778269076362477,0.013014661732615007,15.89455542378478,15.949294876888743,0.05473945310396289,0.0013767259437568082,11.830082680199938,0.015300971183060395,47.51889176761123,34.77776211521356,True,
2019-05-10 15:25:26.224355072+00:00,2019-05-10,2019,645,gt3l,645_gt3l,PRE_BREACH,1188,15.847293947159194,15.847874336871792,0.014316028146916817,0.009441859384297757,0.013998500723159854,15.824669177720866,15.871890621362741,0.04722144364187564,0.0004813944509134915,20.139035496318606,0.012083709818508589,47.584441891458546,35.249715080979065,True,
2019-05-10 15:25:26.551255040+00:00,2019-05-10,2019,645,gt3r,645_gt3r,PRE_BREACH,301,15.885783643338051,15.885048423960919,0.012048477923741766,0.007498927279993239,0.011117909585317977,15.86413353614084,15.9019333585379,0.03779982239705859,0.0005688571145966668,19.472916350715888,0.010166666439423959,47.58364864166991,35.24843146853197,True,
2019-05-10 15:25:27.020154880+00:00,2019-05-10,2019,645,gt2l,645_gt2l,PRE_BREACH,207,15.882953866277553,15.886345751101361,0.023719684208281765,0.018861727611444223,0.027964397356727205,15.849557738966917,15.924385183252111,0.07482744428519439,-0.004639486712466832,14.346510978408958,0.009999999729916453,47.504935380253144,35.281397791423814,True,
2019-05-10 15:25:27.360555008+00:00,2019-05-10,2019,645,gt2r,645_gt2r,PRE_BREACH,68,15.869177268494841,15.861133798685424,0.05357312501733967,0.03964949341807689,0.05878433894164079,15.793897461692897,15.940652357599333,0.14675489590643664,-0.010213888187570014,15.195517225421314,0.03547198868667086,47.499277283097015,35.279446769692754,True,
2019-05-10 15:25:27.598554880+00:00,2019-05-10,2019,645,gt1l,645_gt1l,PRE_BREACH,118,15.862139858328076,15.863841062713647,0.01666945434192979,0.010754064589557188,0.015943976160477488,15.843179561339376,15.90010822357244,0.05692866223306403,-0.004320385450219981,3.709583305635781,0.01522610117128845,47.53412783451752,35.32846387104821,True,
2019-05-10 15:25:27.888154880+00:00,2019-05-10,2019,645,gt1r,645_gt1r,PRE_BREACH,35,15.83361685601039,15.834235169975539,0.01186898631057475,0.00847914081321477,0.012571174169672216,15.817981624168521,15.856060922013414,0.03807929784489339,-0.00102277986952338,4.176577194830639,0.008333333147068819,47.53489655019796,35.32736276821107,True,
2019-05-12 03:11:39.682438656+00:00,2019-05-12,2019,669,gt3l,669_gt3l,PRE_BREACH,1037,15.707182044161485,15.714568250915043,0.03595101659847164,0.019145387293971083,0.028384951202041528,15.667655397523129,15.781705249557437,0.11404985203430762,0.0015764036677203502,5.530194774030248,0.01762135857625783,46.800321195082596,33.40578652061129,True,
2019-05-12 03:11:39.883538432+00:00,2019-05-12,2019,669,gt2l,669_gt2l,PRE_BREACH,117,15.765970011578514,15.760723351264494,0.034224550970181684,0.027090745777268666,0.040164739689378524,15.702503806282728,15.80282651438825,0.1003227081055229,0.011973616102420013,0.8410771881749088,0.010909090665253725,46.787240881892956,33.36532500143348,False,track_too_short
2019-05-12 03:11:40.072738560+00:00,2019-05-12,2019,669,gt3r,669_gt3r,PRE_BREACH,238,15.747976728204856,15.757103390629442,0.031121116571200997,0.020127237813852616,0.029840642782817887,15.718203738544938,15.813073505573668,0.09486976702872951,0.004292354372562946,5.234189582659364,0.01678614036151857,46.80095091558863,33.406864187169994,True,
2019-05-12 03:11:40.217738752+00:00,2019-05-12,2019,669,gt2r,669_gt2r,PRE_BREACH,47,15.80291974618072,15.805039682491937,0.047579587877196926,0.02536967651543165,0.03761308240177896,15.729538644690123,15.848523659324817,0.1189850146346938,0.01188874859240667,0.9802755621333162,0.05860415246428513,46.78680374021919,33.36652776817524,False,track_too_short
2019-05-14 15:17:05.922749952+00:00,2019-05-14,2019,705,gt1l,705_gt1l,PRE_BREACH,32,15.817261877039233,15.819421381730713,0.03521821664543081,0.008410487104040243,0.012469388180450064,15.780875830868592,15.842157265488412,0.061281434619820274,-0.003167662088857615,9.03486259081441,0.12059824048511443,47.56669702827594,34.55451447270533,True,
2019-05-14 15:17:05.962749952+00:00,2019-05-14,2019,705,gt3l,705_gt3l,PRE_BREACH,54,15.869755293525762,15.868195619639092,0.017821941595141062,0.012374304026542049,0.01834614314975124,15.837190038306458,15.893414244424406,0.05622420611794787,-0.0033219647251697747,12.662356509566713,0.02399999853223562,47.53739025289375,34.46453694287279,True,
2019-05-14 15:17:06.140950016+00:00,2019-05-14,2019,705,gt2l,705_gt2l,PRE_BREACH,38,15.85945308740093,15.84412323290473,0.08131233861545424,0.011569334253868746,0.017152694964785803,15.808606285184297,15.886338911985971,0.0777326268016747,0.0020444604983474303,11.177790136915819,0.09564436530988467,47.540116034072184,34.50782888771256,True,
2019-05-14 15:17:07.281349888+00:00,2019-05-14,2019,705,gt3r,705_gt3r,PRE_BREACH,4,15.895007506417958,15.913204220687794,0.07359088448932553,0.02510485696675957,0.03722046093891774,15.852486942637519,15.999396898715835,0.14690995607831603,-0.010753091430048288,4.095163041008043,1.3538440465927124,47.52448781173378,34.46149912951583,False,too_few_points|stdev_too_large
2019-05-18 15:08:53.317945344+00:00,2019-05-18,2019,769,gt1l,769_gt1l,PRE_BREACH,305,15.912811282814737,15.910582809105065,0.02050423495500726,0.013586177757744622,0.020142867143632174,15.876927592338097,15.939934161507304,0.06300656916920744,0.0009333459364373963,19.312211256680122,0.01149999996026357,46.95504628980013,33.689157567273426,True,
2019-05-18 15:08:53.763445248+00:00,2019-05-18,2019,769,gt1r,769_gt1r,PRE_BREACH,73,15.872133265145202,15.87148296602136,0.01661940903912552,0.010241505356276548,0.01518405584121561,15.85002656690958,15.894040966157005,0.04401439924742512,0.0006446670563747121,18.522755016725814,0.022093150271650625,46.95779550093312,33.688346977594065,True,
2019-05-18 15:08:53.846145280+00:00,2019-05-18,2019,769,gt3l,769_gt3l,PRE_BREACH,267,15.902833127752277,15.899732302907344,0.03435456389388585,0.017486271910271967,0.025925146734169215,15.859366765933482,15.939843213240989,0.08047644730750747,0.0019086646501772376,20.5678309537222,0.054639850340870565,46.89629040227015,33.59608819676936,True,
2019-05-18 15:08:53.968045312+00:00,2019-05-18,2019,769,gt2l,769_gt2l,PRE_BREACH,234,15.89586139803979,15.89635714779357,0.01572564973168307,0.01216533016865462,0.01803631850804734,15.871977944254636,15.923187553377103,0.051209609122466304,0.00019365740081202888,17.7716682485987,0.01716714252701454,46.90498650630201,33.63968719934685,True,
2019-05-18 15:08:54.189645312+00:00,2019-05-18,2019,769,gt3r,769_gt3r,PRE_BREACH,56,15.920466378942148,15.922654734150552,0.024083798355740958,0.015957414019641902,0.023658462025521083,15.887617683653481,15.961606392008875,0.07398870835539384,0.0027607804100556496,20.615971914428634,0.0778663123578385,46.89835602776085,33.5952176653632,True,
2019-05-18 15:08:54.326645248+00:00,2019-05-18,2019,769,gt2r,769_gt2r,PRE_BREACH,84,15.890318134238276,15.890089986638761,0.017269145394655152,0.013742869621165,0.020375178500339226,15.862672385211138,15.914827653045052,0.05215526783391411,0.0006003868125518575,17.77844686195594,0.027872616400648104,46.904927489816316,33.63854294878338,True,
2019-06-02 02:04:27.297279232+00:00,2019-06-02,2019,989,gt1l,989_gt1l,PRE_BREACH,333,16.04321208442337,16.03993942731032,0.02437831729797117,0.01573507473888114,0.023328821807865174,15.989740526364017,16.074353126904604,0.08461260054058783,0.0006093257190272569,16.466112649489943,0.0403030306721727,47.52420487185972,35.03564135123489,True,
2019-06-02 02:04:27.325379072+00:00,2019-06-02,2019,989,gt3l,989_gt3l,PRE_BREACH,887,16.074016175011607,16.067385775074637,0.0492358988727871,0.018568422656965566,0.02752954343121715,16.00856006022828,16.109854693272972,0.10129463304469155,-0.0006052876763161246,46.65336789778388,0.029820237520940696,47.60999115230339,35.109295916240775,True,
2019-06-02 02:04:27.434979328+00:00,2019-06-02,2019,989,gt2l,989_gt2l,PRE_BREACH,948,16.043560237743026,16.047213292282535,0.025626427008516316,0.021362369282682536,0.031671848698505124,16.010867363958216,16.08717066254143,0.07630329858321261,-0.002204371441035442,19.751859596931098,0.018571402543045255,47.59203187276852,35.068906477898615,True,
2019-06-02 02:04:27.651279104+00:00,2019-06-02,2019,989,gt1r,989_gt1r,PRE_BREACH,81,16.05862285232954,16.066384279598445,0.05933071998413935,0.014956898643983862,0.022175097929570474,16.030888034200892,16.092069346186577,0.06118131198568477,0.0025974991255081964,16.464544149019783,0.05083698363123852,47.52339939349341,35.03689697824959,True,
2019-06-02 02:04:27.662379264+00:00,2019-06-02,2019,989,gt3r,989_gt3r,PRE_BREACH,220,16.105032695694184,16.108383987322892,0.04021642926186778,0.013681472028965302,0.020284150430143956,16.06132464324206,16.143401530635412,0.0820768873933524,-0.00032048323699453146,46.71405893048275,0.040009992557087384,47.61317722436122,35.110057058264225,True,
2019-06-02 02:04:27.781079040+00:00,2019-06-02,2019,989,gt2r,989_gt2r,PRE_BREACH,266,16.049974204203078,16.047504168673044,0.04269753764553132,0.023968475791521726,0.03553566220851011,15.980003656142815,16.140612007500387,0.16060835135757223,0.0005827405092920544,19.754176396070037,0.023232238438840095,47.58989527616699,35.07040751164431,True,
2019-06-06 01:56:07.374678016+00:00,2019-06-06,2019,1049,gt2l,1049_gt2l,PRE_BREACH,1,16.226399325369176,16.226399325369176,,0.0,0.0,16.226399325369176,16.226399325369176,0.0,,,,47.43752403238002,34.31202244803643,False,too_few_points
2019-06-06 01:56:08.069578240+00:00,2019-06-06,2019,1049,gt3l,1049_gt3l,PRE_BREACH,2,16.1909950133479,16.1909950133479,0.0014027146231509631,0.0009918690220995785,0.001470545012164835,16.19010233122801,16.191887695467788,0.0017853642397760439,,,,47.48592727006537,34.34801281911146,False,too_few_points
2019-06-10 01:47:38.413275136+00:00,2019-06-10,2019,1109,gt1l,1109_gt1l,PRE_BREACH,109,16.26963878332954,16.270380944315086,0.017446259169872927,0.012495902886847432,0.01852642562004,16.24328451420181,16.29724795256357,0.053963438361758875,0.0013461000309723421,4.15370468923954,0.04541353754904292,46.83810571790645,33.57548573209097,True,
2019-06-10 01:47:38.461574912+00:00,2019-06-10,2019,1109,gt2l,1109_gt2l,PRE_BREACH,302,16.262758078310807,16.26247641850162,0.023872989862606605,0.017554000491156074,0.026025561128187994,16.224431354992365,16.3018384696547,0.07740711466233563,-0.001996994599690364,20.60351814463629,0.03146082761028669,46.89877799191534,33.60934890804678,True,
2019-06-10 01:47:38.763075072+00:00,2019-06-10,2019,1109,gt1r,1109_gt1r,PRE_BREACH,26,16.271168487802278,16.269205634328532,0.022139361011703607,0.015267374195424566,0.022635408982136458,16.23416679333614,16.304738716030315,0.07057192269417456,0.0009009404117097504,4.077025621234088,0.042959098131037675,46.83729711054354,33.57673754792136,True,
2019-06-10 01:47:38.808075264+00:00,2019-06-10,2019,1109,gt2r,1109_gt2r,PRE_BREACH,97,16.251913472823198,16.25028849890505,0.021977373851202568,0.01607200477441495,0.023828354278547605,16.21629024082409,16.28562212208926,0.06933188126517109,-0.0018036363540923435,20.573826465800135,0.03344134400723521,46.90029111658283,33.61029425178604,True,
2019-06-10 01:47:38.969175040+00:00,2019-06-10,2019,1109,gt3l,1109_gt3l,PRE_BREACH,257,16.248559312653924,16.247153809598412,0.021144869334521567,0.013438996240239476,0.019924655825779045,16.208768704807078,16.2796727921586,0.0709040873515221,-0.0011198272144294541,15.23570646990131,0.0722124934871131,46.933315530177055,33.64692126502502,True,
2019-06-10 01:47:39.315575040+00:00,2019-06-10,2019,1109,gt3r,1109_gt3r,PRE_BREACH,65,16.278490023203997,16.276326033602487,0.021644878551792097,0.016563726457203387,0.02455738084544974,16.238223042383368,16.309218068102812,0.07099502571944427,-0.001251985957869729,15.409976896948947,0.07061519316630438,46.93587028274056,33.64774312435581,True,
2019-06-12 13:53:05.301287424+00:00,2019-06-12,2019,1149,gt1l,1149_gt1l,PRE_BREACH,299,16.16691338119731,16.169032520377932,0.03202497050990333,0.021642418751511627,0.03208705004099114,16.114876027298756,16.223458801008224,0.10858277370946823,-0.0019346363650463666,12.634988793866645,0.10558163078134275,47.517939345716506,34.80710981846626,True,
2019-06-12 13:53:05.353287424+00:00,2019-06-12,2019,1149,gt2l,1149_gt2l,PRE_BREACH,188,16.1802166677896,16.17888231909502,0.033003071378552656,0.02113756412317258,0.03133855256901567,16.12229444235808,16.2328995605314,0.11060511817332142,-0.0007366013980357186,10.414143845486091,0.10832441614029255,47.527952179781984,34.765566808389366,True,
2019-06-12 13:53:05.409387520+00:00,2019-06-12,2019,1149,gt3l,1149_gt3l,PRE_BREACH,218,16.18156010698464,16.183518106077845,0.035889659947636515,0.023027680058508082,0.03414083845474408,16.123509507413516,16.23883188337929,0.11532237596577488,-0.0021715755027337416,9.482369027599832,0.11639824653163962,47.531948627036066,34.723190976653875,True,
2019-06-12 13:53:05.654787584+00:00,2019-06-12,2019,1149,gt1r,1149_gt1r,PRE_BREACH,77,16.17944773727275,16.17977427117226,0.024317363735506237,0.017369648401402316,0.02575224071991907,16.14426109986957,16.221126601069923,0.07686550120035207,0.00021138714273259427,12.499260351489527,0.11498080522983105,47.51935617353191,34.80614464436739,True,
2019-06-12 13:53:05.702887424+00:00,2019-06-12,2019,1149,gt2r,1149_gt2r,PRE_BREACH,59,16.154686428531544,16.157348647186044,0.027747391173851423,0.023014636904356678,0.03412150067439921,16.11739046013828,16.19564806463005,0.07825760449176755,-0.0023901843160631367,10.193335861955171,0.11068576675350383,47.53076252939405,34.76477762930209,True,
2019-06-12 13:53:05.754587648+00:00,2019-06-12,2019,1149,gt3r,1149_gt3r,PRE_BREACH,59,16.208241496770835,16.20648837272714,0.02285076141915286,0.015842652539497237,0.023488316655058603,16.17302944566482,16.241507448389118,0.06847800272429794,-0.0008304221305284892,9.467995405350756,0.11225571407605026,47.53273395050644,34.722096089785474,True,
2019-06-16 13:44:45.274883840+00:00,2019-06-16,2019,1209,gt1l,1209_gt1l,PRE_BREACH,636,16.236189824497437,16.2357146934442,0.021294835327752483,0.01314812657310327,0.019493412457282908,16.200392262825993,16.26814942618728,0.06775716336128568,-0.0006424554241470137,39.512670921705784,0.04682189550941939,47.423467752247404,34.01518980229409,True,
2019-06-16 13:44:45.478483712+00:00,2019-06-16,2019,1209,gt2l,1209_gt2l,PRE_BREACH,434,16.222145572383717,16.218597307810597,0.02609012079803795,0.01151985494786345,0.01707933694570235,16.170010331832014,16.25232422057927,0.08231388874725454,-0.00034009333120642993,42.835564064813134,0.027952985131384618,47.41262167782821,33.970761760264935,True,
2019-06-16 13:44:45.630883584+00:00,2019-06-16,2019,1209,gt1r,1209_gt1r,PRE_BREACH,186,16.221845689843235,16.22202430376892,0.023778624541046907,0.014093005369586464,0.02089428976094889,16.18542889565849,16.26094509235914,0.0755161967006508,-0.0003502908261165321,39.39905376849455,0.05761252041103432,47.41531644781,34.012851108466855,True,
2019-06-16 13:44:45.821883648+00:00,2019-06-16,2019,1209,gt2r,1209_gt2r,PRE_BREACH,153,16.2247135333075,16.224727493705625,0.022253947338060607,0.012446790063791013,0.018453610948576556,16.192224912858062,16.254533852835454,0.06230893997739173,-0.0004045979817359878,44.618101410354726,0.06801174482815478,47.39681162069181,33.96735643365934,True,
2019-06-16 13:44:45.887783680+00:00,2019-06-16,2019,1209,gt3l,1209_gt3l,PRE_BREACH,361,16.23794426288587,16.235664731210523,0.02095202136123568,0.012818380518396566,0.01900453095657475,16.198783750624386,16.26543999154051,0.06665624091612443,-0.00041687554884943924,44.09213503430509,0.015743044154596465,47.362579987815074,33.92088684895577,True,
2019-06-16 13:44:46.207183872+00:00,2019-06-16,2019,1209,gt3r,1209_gt3r,PRE_BREACH,96,16.25644319602995,16.253103725437327,0.0436843739035211,0.014255642111121958,0.021135414993949414,16.232366570721137,16.283888021974178,0.051521451253041306,-0.0005095581669457808,44.172568977519624,0.052986066563280074,47.352982546424734,33.918353615088826,True,
2019-07-11 12:28:48.866164992+00:00,2019-07-11,2019,205,gt3l,205_gt3l,PRE_BREACH,467,15.987639526131183,16.165024314764096,1.094945236506531,0.020914293037382237,0.031007530857222902,15.938265135302906,16.052511287995994,0.11424615269308802,0.020242020228976754,43.52666907148789,0.07438353402336742,47.587339877182266,35.07548988350937,True,
2019-07-11 12:28:49.072964864+00:00,2019-07-11,2019,205,gt2l,205_gt2l,PRE_BREACH,342,15.934672529783272,15.935775259005363,0.03091767630733481,0.019684381780731286,0.029184064428112205,15.889259632441869,15.990217326690576,0.1009576942487076,0.0014781576827956051,41.02328495086109,0.0916547829642178,47.55645207727845,35.11416875825437,True,
2019-07-11 12:28:49.220364800+00:00,2019-07-11,2019,205,gt3r,205_gt3r,PRE_BREACH,115,16.012089432467455,16.015519526693218,0.029884440832013037,0.015364638416059506,0.02277961291564982,15.976314788758087,16.06749576410481,0.09118097534672209,0.0005745145962979615,42.840521624383804,0.11096977405585684,47.58598629968174,35.07416303216763,True,
2019-07-11 12:28:49.423364864+00:00,2019-07-11,2019,205,gt2r,205_gt2r,PRE_BREACH,122,16.0198722441938,16.027101304632403,0.03079667710720184,0.016824545169702887,0.0249440706686015,15.986885378035499,16.083284264720408,0.09639888668490926,0.0019292941292508134,40.83690399938237,0.10543479519221213,47.557203241811784,35.1130774395973,True,
2019-07-11 12:28:50.350564864+00:00,2019-07-11,2019,205,gt1l,205_gt1l,PRE_BREACH,712,16.122684009536375,16.12163055013582,0.034816910962896616,0.02274311560575981,0.0337189431970995,16.064171887750273,16.177770229011504,0.11359834126123047,-0.0011175031680270085,32.1046003457915,0.10386268845383904,47.56853972858502,35.15872416022653,True,
2019-07-11 12:28:50.691664896+00:00,2019-07-11,2019,205,gt1r,205_gt1r,PRE_BREACH,197,15.969560407054189,15.96863883295165,0.031156622339678322,0.017474588522194523,0.025907824943005597,15.927033555778712,16.019536160374404,0.09250260459569226,0.0019276152821099588,31.9122765485297,0.09615606826386953,47.57322583522222,35.15815099986739,True,
2019-07-15 12:20:35.376396032+00:00,2019-07-15,2019,265,gt3l,265_gt3l,PRE_BREACH,109,15.966342189131545,15.963320283529251,0.043851159818751775,0.018631651100072588,0.02762328592096762,15.92080467830176,16.00542803781422,0.08462335951245947,0.00024990885617728805,13.156416069734565,0.11150039336003295,47.529967056151214,34.29430901633873,True,
2019-07-15 12:20:35.492695808+00:00,2019-07-15,2019,265,gt2l,265_gt2l,PRE_BREACH,31,15.952669784478719,15.953237574833125,0.04967276737112396,0.024569856761804232,0.036427269635050954,15.886913478595941,16.014816253042817,0.12790277444687526,0.006959734523353633,14.729162565472262,0.10499999920527141,47.54186922198956,34.33902620963311,True,
2019-07-15 12:20:35.710896128+00:00,2019-07-15,2019,265,gt3r,265_gt3r,PRE_BREACH,14,15.991885310047962,16.013538048324115,0.10924903500764407,0.021110818082934912,0.0312988988897593,15.93309494038441,16.153096155095334,0.2200012147109227,-0.010196769161717072,9.709279191132973,0.26115430756048724,47.547008485896136,34.29551290492922,False,too_few_points
2019-07-15 12:20:35.737596160+00:00,2019-07-15,2019,265,gt1l,265_gt1l,PRE_BREACH,12,15.91922696033224,15.924540711957377,0.03392933135774884,0.011430180012656166,0.016946384886764032,15.877535548512466,15.978022776711356,0.10048722819889022,0.00046242234186092237,6.054328531991867,0.2638552983601888,47.53339124706215,34.380710134326115,False,too_few_points
2019-07-15 12:20:35.831895808+00:00,2019-07-15,2019,265,gt2r,265_gt2r,PRE_BREACH,3,16.119512304225964,16.11045996443806,0.20624171255699342,0.1925141523823548,0.2854214823220792,15.921808249654497,16.29277504137008,0.3709667917155848,-0.7866928849792709,0.26068885908459755,,47.568304271348836,34.341646496185,False,too_few_points|track_too_short
2019-07-15 12:20:36.086395904+00:00,2019-07-15,2019,265,gt1r,265_gt1r,PRE_BREACH,3,16.049281414688128,16.04832926068377,0.0020875549180338474,0.0004895639772364291,0.0007258275526507297,16.046269991296846,16.04972202226764,0.0034520309707950503,0.014383060968584958,0.2426423960628588,,47.550414410831785,34.382016825690386,False,too_few_points|track_too_short
2019-07-19 12:12:27.735266048+00:00,2019-07-19,2019,325,gt1l,325_gt1l,PRE_BREACH,201,15.862887792256217,15.862238793481852,0.031723420851700566,0.022383764168409925,0.03318616875608455,15.811522237154616,15.919612143862963,0.10808990670834717,0.004635099076572314,5.236592967803738,0.06310580129824092,46.84184562105249,33.50415962977964,True,
2019-07-19 12:12:28.075965952+00:00,2019-07-19,2019,325,gt1r,325_gt1r,PRE_BREACH,49,16.006497619439706,15.999787711788228,0.02309492515979437,0.011502393213746132,0.017053448178700015,15.952906323286912,16.03120030739283,0.07829398410591715,-0.001051428190723334,5.2113239123030235,0.02943855456690839,46.841479792332905,33.50298182055055,True,
2019-07-19 12:12:28.110966016+00:00,2019-07-19,2019,325,gt2l,325_gt2l,PRE_BREACH,60,15.958424853070383,15.95837634707119,0.0245012808618717,0.010814729725737493,0.016033918291378405,15.915635245327236,16.0017111230519,0.08607587772466552,-0.003706139519198654,4.11352481840401,0.0691013966066142,46.82847167206728,33.45996381398605,True,
2019-07-19 12:12:28.395066112+00:00,2019-07-19,2019,325,gt3l,325_gt3l,PRE_BREACH,168,15.956048625456074,15.952792241147781,0.024509287790967085,0.01619843714926894,0.02401580291750613,15.910869314054052,15.983432482985286,0.07256316893123405,-0.0015430168055193564,5.963738921536278,0.027790202592898692,46.81038154404731,33.41502580599306,True,
2019-07-19 12:12:28.462165760+00:00,2019-07-19,2019,325,gt2r,325_gt2r,PRE_BREACH,22,15.855858122705039,15.85284622242172,0.03703039405765634,0.019634049467642356,0.029109441740726556,15.829500658077121,15.892173219857325,0.06267256178020375,0.0171223004205621,4.16028901442374,0.06453508865975198,46.83004555069404,33.4589274780875,True,
2019-07-19 12:12:28.733666048+00:00,2019-07-19,2019,325,gt3r,325_gt3r,PRE_BREACH,44,15.96399687672844,15.963216539279474,0.023620970975912668,0.014441281153116492,0.02141064343761051,15.927833155980343,15.993619111754548,0.06578595577420465,-0.0011785817039621294,5.966030932919818,0.006249999860301614,46.81475429239237,33.41435670908125,True,
2019-08-02 23:08:12.090850048+00:00,2019-08-02,2019,545,gt3l,545_gt3l,PRE_BREACH,284,16.041795689135487,16.042836100645903,0.01652491158440354,0.011197441737754943,0.016601327120395477,16.018979552235095,16.069704857597284,0.05072530536218878,0.001228104665296398,9.675337890048102,0.009821428351902537,47.52869277745382,34.73126965546703,True,
2019-08-02 23:08:12.157649920+00:00,2019-08-02,2019,545,gt2l,545_gt2l,PRE_BREACH,442,16.04557474844104,16.045733049139486,0.01995226559732795,0.012800770455383415,0.01897842227715145,16.016695707642405,16.075629843579033,0.058934135936627996,0.0025922575937992382,11.655046992288959,0.014543497815591793,47.53391921058385,34.68759743179337,True,
2019-08-02 23:08:12.436550144+00:00,2019-08-02,2019,545,gt3r,545_gt3r,PRE_BREACH,67,16.06695248277458,16.068649031796365,0.017552002218248722,0.010441548545927049,0.01548063987419144,16.046189900367633,16.094407192290422,0.04821729192278923,0.0029115581354371544,9.477185998529139,0.01900950441164757,47.52796097290758,34.73257009489078,True,
2019-08-02 23:08:12.491549952+00:00,2019-08-02,2019,545,gt2r,545_gt2r,PRE_BREACH,122,16.072081156695024,16.07600026386276,0.06871009499662697,0.010946821368330362,0.016229757360686593,16.04245733724776,16.094309933831457,0.05185259658369645,0.004051782853429502,11.721271122038445,0.033121252969159916,47.53572719878528,34.68855980645894,True,
2019-08-02 23:08:13.034450176+00:00,2019-08-02,2019,545,gt1l,545_gt1l,PRE_BREACH,193,15.977970086745579,15.976139225261782,0.019747592846774263,0.01141964771369075,0.016930769700317906,15.945505201088473,16.005829761040847,0.060324559952373846,-0.0002004770590079723,5.8534280852972325,0.05105263195735844,47.56518537777862,34.64026777168222,True,
2019-08-02 23:08:13.365950208+00:00,2019-08-02,2019,545,gt1r,545_gt1r,PRE_BREACH,47,16.08396920895726,16.078595483422202,0.02219585791715004,0.01677931516018205,0.024877012656485908,16.045635018879164,16.111311900593176,0.06567688171401187,-0.004941840355483928,5.767609951625283,0.05045064122594418,47.564180360034776,34.64156660851379,True,
2019-08-06 22:59:47.298486016+00:00,2019-08-06,2019,609,gt1l,609_gt1l,PRE_BREACH,430,15.993429597165127,15.993154486550537,0.019773857825719575,0.012999028801923274,0.019272360101731445,15.96030054430298,16.024865464761476,0.06456492045849593,0.0012711862049152593,7.9686045773734735,0.022209302154044774,47.20751697919132,33.912591774007396,True,
2019-08-06 22:59:47.660285952+00:00,2019-08-06,2019,609,gt1r,609_gt1r,PRE_BREACH,99,16.127944026053097,16.12489233001981,0.019701651271936363,0.011609397372712493,0.017212092544783543,16.087628622352113,16.15040629061912,0.0627776682670067,0.0045435138897147636,7.9178250527414855,0.0391472593476676,47.20798518328342,33.91366433304196,True,
2019-08-06 22:59:47.790185984+00:00,2019-08-06,2019,609,gt2l,609_gt2l,PRE_BREACH,397,16.09682954675533,16.09647179271744,0.022023368803882483,0.011773379567056708,0.017455212546118273,16.062584356078084,16.12990741353829,0.06732305746020728,-0.0016303739994463445,28.113748702736558,0.012601829717180343,47.26498875118405,33.947054376486875,True,
2019-08-06 22:59:48.142385920+00:00,2019-08-06,2019,609,gt2r,609_gt2r,PRE_BREACH,119,16.089073120990644,16.089772927576323,0.017731276066985078,0.011605118316200702,0.01720574841559916,16.0611988164699,16.116756611115786,0.055557794645885394,-0.00046929567808097597,27.918630159469462,0.0117073068395257,47.26310399690064,33.948492686435316,True,
2019-08-06 22:59:48.521385984+00:00,2019-08-06,2019,609,gt3l,609_gt3l,PRE_BREACH,1851,16.035102801390103,16.03227737411282,0.025639058564338714,0.015415798000226744,0.022855462115136168,15.983555311631774,16.068088742987502,0.08453343135572844,0.0001516248694870739,32.76318169673034,0.00994209304538812,47.40348109142,33.970286159702276,True,
2019-08-06 22:59:48.904086016+00:00,2019-08-06,2019,609,gt3r,609_gt3r,PRE_BREACH,439,16.119978005906848,16.11904218122953,0.032759917727642335,0.012716487321768,0.018853464103253236,16.07918478484645,16.14875642027924,0.06957163543279066,-1.3095842012415417e-05,32.38680408763173,0.01457459532606982,47.40246836991521,33.97159883727822,True,
2019-08-09 11:05:04.026014720+00:00,2019-08-09,2019,645,gt3l,645_gt3l,PRE_BREACH,1696,15.999591735957102,15.99592517313197,0.044417329704818126,0.02700054199610591,0.04003100356342662,15.917219917081535,16.064349842200727,0.14712992511919154,0.0014274204126852033,40.719980128665306,0.03918713299237719,47.56964515175251,35.11790352281242,True,
2019-08-09 11:05:04.355814656+00:00,2019-08-09,2019,645,gt3r,645_gt3r,PRE_BREACH,548,16.049010153225648,16.049629358678438,0.039538896559940154,0.021177382966405034,0.0313975879859921,15.990112666643252,16.10684791023967,0.11673524359641618,0.0009230634840049129,40.81225460391452,0.04673396887910831,47.551796220903135,35.11414272214677,True,
2019-08-09 11:05:05.268514816+00:00,2019-08-09,2019,645,gt2l,645_gt2l,PRE_BREACH,2958,16.022910607935742,16.02096333330421,0.03396781271084937,0.023530906611512137,0.03488692214222789,15.964854277243061,16.073684167516618,0.10882989027355627,0.0007078342925591769,32.26315886231268,0.01168734175465199,47.54128850075603,35.15682355843998,True,
2019-08-09 11:05:05.609914880+00:00,2019-08-09,2019,645,gt2r,645_gt2r,PRE_BREACH,899,16.070073250805386,16.06891577327647,0.02519071594612654,0.016842561669186296,0.0249707819307356,16.02563783712878,16.106844080386722,0.08120624325794168,0.0007434263264800157,32.18393554583299,0.011910112114267403,47.537986523769916,35.155102971384565,True,
2019-08-09 11:05:05.883114752+00:00,2019-08-09,2019,645,gt1l,645_gt1l,PRE_BREACH,4110,16.01180384829486,16.01514277311264,0.027139144719540483,0.01915183709841095,0.028394513682104074,15.974810954305031,16.06110912878867,0.08629817448363752,4.6045108663302596e-05,27.832688963128575,0.0073771290344832674,47.54618219701447,35.20041360276532,True,
2019-08-09 11:05:06.193114880+00:00,2019-08-09,2019,645,gt1r,645_gt1r,PRE_BREACH,1053,15.994169193431851,15.996768718289974,0.027078483900207614,0.016051885804042598,0.023798525893073554,15.960749254964485,16.038220970664483,0.077471715699998,0.00016286194431175925,28.063120675673215,0.010939487735177757,47.54307739136619,35.19880290710411,True,
2019-08-13 10:56:48.792959488+00:00,2019-08-13,2019,705,gt3l,705_gt3l,PRE_BREACH,943,15.94659547794189,15.945993711404629,0.024176588918728304,0.016874572903397222,0.02501824178657672,15.905829485989614,15.984756079208758,0.07892659321914408,-0.0009810377965346361,15.307948101429803,0.07393617091819327,47.51298484746855,34.33138952247709,True,
2019-08-13 10:56:48.801359360+00:00,2019-08-13,2019,705,gt1l,705_gt1l,PRE_BREACH,282,15.969749588101708,15.96956208787606,0.022972371019034023,0.013866663252345646,0.020558714937927654,15.928350825531876,16.007138479320247,0.07878765378837116,-0.004839106690829462,7.716949743770028,0.05517857172526419,47.53481018244324,34.42027761548214,True,
2019-08-13 10:56:49.055759360+00:00,2019-08-13,2019,705,gt2l,705_gt2l,PRE_BREACH,260,15.99264108442647,15.990928562587753,0.022947603101704846,0.013926928079346368,0.020648063570438923,15.948404706845672,16.027127416723463,0.07872270987779117,-0.0009311266073394336,7.52028110035391,0.041926296956924146,47.517568633877566,34.37494472857843,True,
2019-08-13 10:56:49.128959488+00:00,2019-08-13,2019,705,gt3r,705_gt3r,PRE_BREACH,255,16.011351276124472,16.00973369324271,0.023619130533864403,0.016598879168899572,0.024609498255810505,15.971673738362659,16.044221243256175,0.07254750489351558,-0.0013801902623197648,15.408811623837567,0.06200000010430813,47.51437836348795,34.330349242151975,True,
2019-08-13 10:56:49.153459456+00:00,2019-08-13,2019,705,gt1r,705_gt1r,PRE_BREACH,73,15.969277107583618,15.969775688719643,0.024661935359685958,0.017614045369260367,0.02611458366446542,15.93404322328627,16.006265761064242,0.0722225377779715,-0.004433666671609008,7.504358226113133,0.0699999997658389,47.53552696376729,34.41921835697733,True,
2019-08-13 10:56:49.394659584+00:00,2019-08-13,2019,705,gt2r,705_gt2r,PRE_BREACH,85,16.004611443598236,16.005891743880117,0.02870500314894338,0.017788777192926375,0.02637364106623264,15.967882841865528,16.051414914784665,0.08353207291913733,-0.006378818672317286,7.605155577876008,0.06864872848592608,47.51855102214006,34.373855697809326,True,
2019-08-17 10:48:41.567410688+00:00,2019-08-17,2019,769,gt2l,769_gt2l,PRE_BREACH,127,15.926387713194067,15.925930283205133,0.017098132498173713,0.012138195107574745,0.017996088066490317,15.898141495411158,15.950255252586327,0.052113757175169084,-0.0007101480990204424,5.601243728743776,0.04922842017064492,46.8487506028173,33.50222342631257,True,
2019-08-17 10:48:41.743910656+00:00,2019-08-17,2019,769,gt1l,769_gt1l,PRE_BREACH,91,15.885701832466804,15.884967815797387,0.015722068001028287,0.010586350899437491,0.015695323843506023,15.858894666137285,15.911894734033815,0.05300006789653011,0.0010770673493782897,4.478969276591439,0.05277777732246452,46.83575711866289,33.54278029530005,True,
2019-08-17 10:48:41.941710592+00:00,2019-08-17,2019,769,gt2r,769_gt2r,PRE_BREACH,37,15.932209193693371,15.944652540620739,0.08008803118562016,0.022441727696627112,0.03327210548301936,15.89352032159778,15.984921196660785,0.09140087506300532,0.00660400188980551,5.323335056742698,0.11695344916411808,46.846026391369534,33.5006527515422,True,
2019-08-17 10:48:42.006610688+00:00,2019-08-17,2019,769,gt3l,769_gt3l,PRE_BREACH,114,15.864055062612891,15.861850021062219,0.023365736611198763,0.01578124494368005,0.023397273753500043,15.820669749796854,15.898487570368962,0.07781782057210762,0.0047871260918954505,4.608408316704351,0.08727272735400633,46.824161407565214,33.45645593778771,True,
2019-08-17 10:48:42.083910656+00:00,2019-08-17,2019,769,gt1r,769_gt1r,PRE_BREACH,22,15.892560345923274,15.893542570456669,0.015672680517419303,0.010363637706824136,0.015365129264137464,15.871902060541945,15.915397013021138,0.043494952479193216,-0.0009926662035772233,4.484286919953518,0.06750000081956387,46.83440354091002,33.54141680109142,True,
2019-08-17 10:48:42.361510656+00:00,2019-08-17,2019,769,gt3r,769_gt3r,PRE_BREACH,31,15.935019217068003,15.933221658706282,0.024064162007492746,0.0163539792049896,0.02424640956931758,15.89834745973793,15.96991864262131,0.07157118288338005,0.006058180682632329,4.605143536442006,0.08166666825612386,46.82340673672722,33.455117010016366,True,
2019-08-31 21:44:16.213490688+00:00,2019-08-31,2019,989,gt2l,989_gt2l,PRE_BREACH,2212,15.760399240694108,15.760353700903734,0.01782574450032221,0.011620374489496044,0.017228367218126834,15.73122015385572,15.78938872259824,0.058168568742519966,-0.0002276419488285924,18.810829591483664,0.010226244098460513,47.47308301324798,34.955865126316866,True,
2019-08-31 21:44:16.336990720+00:00,2019-08-31,2019,989,gt1l,989_gt1l,PRE_BREACH,1942,15.830159769739943,15.830850730454767,0.020040033485958147,0.013281824490009697,0.019691632988888375,15.799747506776438,15.864733599991455,0.06498609321501725,-0.0010124306688937615,18.09076841428014,0.015231958480033371,47.47328537338751,34.91291991572933,True,
2019-08-31 21:44:16.412990464+00:00,2019-08-31,2019,989,gt3l,989_gt3l,PRE_BREACH,2899,15.757932946254048,15.758073954967527,0.019531220591536745,0.011982666771569228,0.017765501755528535,15.723969729424502,15.791311469468468,0.06734174004396642,-0.0014349834271458388,18.21150921629631,0.008783603820817436,47.487018838996676,34.99674268489409,True,
2019-08-31 21:44:16.554790400+00:00,2019-08-31,2019,989,gt2r,989_gt2r,PRE_BREACH,647,15.818193728765223,15.814301815694666,0.022942953343489603,0.01397959649263214,0.02072614975997641,15.768782252416075,15.844906272195347,0.07612401977927163,0.0011782769636833924,18.8066546382929,0.018440196866391246,47.47239379467783,34.957101121521056,True,
2019-08-31 21:44:16.675090432+00:00,2019-08-31,2019,989,gt1r,989_gt1r,PRE_BREACH,483,15.851209588969041,15.85100354761571,0.01701297977854356,0.010174287428704076,0.015084398541796662,15.820994085368895,15.878257590201343,0.057263504832448575,0.00047211571929186706,18.066517713203524,0.016041666114081938,47.470976807794536,34.914420024615865,True,
2019-08-31 21:44:16.761790720+00:00,2019-08-31,2019,989,gt3r,989_gt3r,PRE_BREACH,716,15.816903486156882,15.816564577134669,0.01663350688932258,0.010203262695261728,0.015127357271995037,15.788766876494279,15.843495117158717,0.05472824066443849,-0.001127920262985736,18.161965905111202,0.008495880678483394,47.48577148738003,34.99807338600157,True,
2019-09-08 21:27:27.233830912+00:00,2019-09-08,2019,1109,gt1l,1109_gt1l,PRE_BREACH,37,15.658263740832368,15.654864331905085,0.01974884606963789,0.01156875240295463,0.017151832312620532,15.6214966171534,15.679446715437832,0.057950098284431206,-0.002002609193606434,4.558836204205135,0.05319270073763422,46.821107223368585,33.44792565261166,True,
2019-09-08 21:27:27.388230912+00:00,2019-09-08,2019,1109,gt3l,1109_gt3l,PRE_BREACH,33,15.754546717300222,15.756572607471371,0.013052118777487378,0.007877947842914068,0.011679845471904397,15.737812430207157,15.772667910520608,0.03485548031345154,0.002023456293516401,4.260816607866388,0.009999999776482582,46.83941975744986,33.530032188856396,True,
2019-09-08 21:27:27.478630656+00:00,2019-09-08,2019,1109,gt2l,1109_gt2l,PRE_BREACH,25,15.706057754448715,15.706826398240835,0.017494098982575656,0.01302383236163962,0.0193091338593669,15.683501454535994,15.735728483136196,0.052227028600201564,-0.00030273717522443064,3.5879208527309188,0.07750000059604645,46.83862375199267,33.487787494709124,True,
2019-09-08 21:27:27.582130944+00:00,2019-09-08,2019,1109,gt1r,1109_gt1r,PRE_BREACH,149,15.772104255618551,15.770627965491155,0.01944657729994956,0.01316253484737473,0.019514774164717773,15.740764092873352,15.804025146583772,0.0632610537104199,-0.0017337303032105838,4.522421384324559,0.08411532460443126,46.82035919369701,33.44916731738505,True,
2019-09-08 21:27:27.730130944+00:00,2019-09-08,2019,1109,gt3r,1109_gt3r,PRE_BREACH,135,15.780452254652381,15.776748065699792,0.016879539199267986,0.009775564275813053,0.014493251595320432,15.746342089572325,15.800026218715976,0.05368412914365095,-0.005177516901397103,4.2732995388528,0.017307691705914643,46.839240969455794,33.53128622673205,True,
2019-09-08 21:27:27.813731072+00:00,2019-09-08,2019,1109,gt2r,1109_gt2r,PRE_BREACH,85,15.75057711434875,15.751974188374678,0.018409397450595194,0.012290846744537731,0.01822240938345164,15.722639648726222,15.779113622337386,0.056473973611163686,0.006775299910223126,3.7145374913946205,0.04312500078231096,46.838915783751965,33.48899696664352,True,
2019-09-11 09:32:53.859180800+00:00,2019-09-11,2019,1149,gt3l,1149_gt3l,PRE_BREACH,66,15.770439788347858,15.770196162190318,0.027073547795749626,0.01458412174058843,0.021622418892596404,15.723421210080364,15.802808096014953,0.0793868859345892,0.00031976044664860145,9.74584176363769,0.105833329881231,47.567832263440266,34.598521092561356,True,
2019-09-11 09:32:54.158580736+00:00,2019-09-11,2019,1149,gt1l,1149_gt1l,PRE_BREACH,59,15.702781996180622,15.70327708050185,0.026234972632794586,0.01895475187004081,0.028102315122522502,15.660905209471311,15.743610433164061,0.08270522369275035,-0.003768186598261559,8.98785450803146,0.11918933108701545,47.549857713062366,34.68200953509625,True,
2019-09-11 09:32:54.178880768+00:00,2019-09-11,2019,1149,gt3r,1149_gt3r,PRE_BREACH,279,15.734947370258936,15.732986814543509,0.026860321380718342,0.01618024243224525,0.023988827430046808,15.686200561028997,15.774264059577591,0.08806349854859441,-0.0012492047386269303,10.711938616256404,0.10113891997120597,47.56924776253626,34.59751350677678,True,
2019-09-11 09:32:54.291880960+00:00,2019-09-11,2019,1149,gt2l,1149_gt2l,PRE_BREACH,33,15.672875145979624,15.67341802312977,0.02255921080167183,0.01639080173919183,0.024301002658525805,15.639700256774525,15.70792059756765,0.06822034079312544,-0.0018316708697407836,4.5130578523890525,0.11499999463558197,47.565587733531714,34.64125811360442,True,
2019-09-11 09:32:54.486780928+00:00,2019-09-11,2019,1149,gt1r,1149_gt1r,PRE_BREACH,217,15.735864543005107,15.736169499367152,0.032090866676741645,0.019838180352554247,0.029412086190696924,15.677139212455195,15.784240000590048,0.10710078813485246,-0.003282936472767025,9.011383956806855,0.10817174809182295,47.55115867862775,34.68093334087257,True,
2019-09-11 09:32:54.612480768+00:00,2019-09-11,2019,1149,gt2r,1149_gt2r,PRE_BREACH,99,15.765224873513322,15.761350010088758,0.033940314744559975,0.021884273228035767,0.03244562348788583,15.693314388584758,15.808160926103147,0.11484653751838891,-0.003668979212723315,4.6524831057805365,0.11268461807960212,47.56721967098972,34.64023168343706,True,
2019-09-15 09:24:41.042463232+00:00,2019-09-15,2019,1209,gt1l,1209_gt1l,PRE_BREACH,106,15.734356322079549,15.732131280915704,0.02050831460949789,0.014469545523944305,0.021452548193799825,15.700450220889639,15.768649280571813,0.06819905968217377,0.0012994266399427503,15.516691900515871,0.0672977711337636,47.147377848708096,33.84623142246626,True,
2019-09-15 09:24:41.368363264+00:00,2019-09-15,2019,1209,gt1r,1209_gt1r,PRE_BREACH,421,15.723656592897623,15.722294613410707,0.023374263630142323,0.014688708959436525,0.02177747990326059,15.680903960923597,15.75710096914095,0.07619700821735265,-0.001137280528046986,15.640225123845953,0.05074932594262155,47.153978556570195,33.845960743410565,True,
2019-09-15 09:24:41.368963328+00:00,2019-09-15,2019,1209,gt2l,1209_gt2l,PRE_BREACH,113,15.691555425012204,15.689249455809554,0.02725144706800013,0.01775422292410056,0.026322410907271488,15.643646413190037,15.723692273872771,0.08004586068273412,0.0016386189673616113,16.557330839792137,0.09818181869658557,47.118102757298644,33.799465874907256,True,
2019-09-15 09:24:41.525863424+00:00,2019-09-15,2019,1209,gt3l,1209_gt3l,PRE_BREACH,72,15.657880833481494,15.657003104348032,0.021646146581048686,0.012006271116227651,0.017800497556919113,15.619692979304622,15.693829503614557,0.07413652430993523,6.427541917506433e-05,30.446321139861464,0.09666920497136958,47.06294812971856,33.74913344508871,True,
2019-09-15 09:24:41.707963136+00:00,2019-09-15,2019,1209,gt2r,1209_gt2r,PRE_BREACH,339,15.73199564596198,15.733823022177646,0.023566651220544917,0.015604091886103788,0.023134626630337475,15.700067130846776,15.776202713625766,0.07613558277899024,0.0016481850472533637,16.5943669194143,0.08973918111780577,47.119421654256016,33.79843378669947,True,
2019-09-15 09:24:41.868463360+00:00,2019-09-15,2019,1209,gt3r,1209_gt3r,PRE_BREACH,280,15.68489972440983,15.687278095368898,0.026515362777235877,0.01634570370985422,0.024234140320229865,15.644387770864736,15.735293519727788,0.0909057488630527,-0.0005342678077729617,30.50101940481356,0.08049505334887383,47.060735885522234,33.74760510132115,True,
2019-09-29 20:20:22.316620544+00:00,2019-09-29,2019,45,gt1l,45_gt1l,PRE_BREACH,124,15.727460305573278,15.714998911550518,0.0498142854827784,0.024376057800875373,0.03613994329557783,15.612479753212696,15.769407335278682,0.15692758206598612,-0.002386936123670667,42.90078800868506,0.10138056579491367,47.615664746507115,35.15197747941217,True,
2019-09-29 20:20:22.347120640+00:00,2019-09-29,2019,45,gt2l,45_gt2l,PRE_BREACH,112,15.722004004960938,15.723059080377569,0.02654720263032339,0.012734392863267274,0.01888001085908006,15.686251949515981,15.756947258621725,0.07069530910574429,-0.00024668288888763697,31.813913595992183,0.07987449380873453,47.59658737088489,35.19770867285507,True,
2019-09-29 20:20:22.590920448+00:00,2019-09-29,2019,45,gt3l,45_gt3l,PRE_BREACH,73,15.832854950875351,15.843339770903942,0.10561347409904695,0.011525202055111095,0.017087264566907706,15.801782080489453,15.860355600126955,0.0585735196375019,0.0023227223006459406,22.230202017719282,0.06282877224222036,47.5725480636785,35.244110103753094,True,
2019-09-29 20:20:22.651720448+00:00,2019-09-29,2019,45,gt1r,45_gt1r,PRE_BREACH,544,15.78572181764329,15.933999301263164,2.171944301339506,0.02392469679542586,0.03547075546889838,15.6673867967503,15.833555831892355,0.1661690351420546,0.01711113931217728,42.91522917949588,0.084211837503835,47.620420721578924,35.152515794302055,True,
2019-09-29 20:20:22.687320576+00:00,2019-09-29,2019,45,gt2r,45_gt2r,PRE_BREACH,375,15.834333822590011,15.83837388503757,0.08835932595680399,0.014448252119972693,0.021420978593071512,15.791463792954994,15.87012544473637,0.07866165178137585,-0.0002255552287760913,31.82625707029086,0.06968119298932662,47.59407226521373,35.199303316135676,True,
2019-09-29 20:20:22.935020544+00:00,2019-09-29,2019,45,gt3r,45_gt3r,PRE_BREACH,305,15.760087410822926,15.757389618769132,0.028369217574287918,0.01799169722042393,0.026674490299000517,15.704397337717793,15.798897585719486,0.0945002480016921,-0.0014027933701374305,22.129105070343996,0.055666665981213254,47.57256140056765,35.24533266765815,True,
2019-10-03 20:12:04.292612608+00:00,2019-10-03,2019,105,gt1l,105_gt1l,PRE_BREACH,144,15.736809415333884,15.736070991037458,0.014899862042538577,0.010097037697077482,0.014969868089687074,15.708196368254129,15.757759956377797,0.04956358812366801,-0.0005919234668364042,12.33666593333277,0.013928570917674474,47.56687349046599,34.5101375186287,True,
2019-10-03 20:12:04.593712640+00:00,2019-10-03,2019,105,gt2l,105_gt2l,PRE_BREACH,95,15.740258084370591,15.739094763583855,0.02271260306892552,0.012572189203101658,0.018639527712518516,15.701011868923267,15.768636015196162,0.06762414627289459,-0.0032050501107630594,9.392343179313476,0.03611110937264231,47.573474601780774,34.552188833328835,True,
2019-10-03 20:12:04.654012416+00:00,2019-10-03,2019,105,gt3l,105_gt3l,PRE_BREACH,97,15.761722314988628,15.763429070174308,0.05429164474744496,0.013720519437914191,0.02034204211865158,15.718492040585206,15.79971350185233,0.08122146126712337,-0.0004518066015581138,9.446229985761697,0.04114582450999008,47.57556483338609,34.59486336447846,True,
2019-10-03 20:12:04.672812544+00:00,2019-10-03,2019,105,gt1r,105_gt1r,PRE_BREACH,558,15.75404082477525,15.752572200693555,0.01896436460025344,0.010341143053199886,0.01533177869067415,15.729365709462954,15.777553958937357,0.04818824947440348,0.0007948143041911135,12.057952861655863,0.00972727250985124,47.56835681023901,34.51104575520782,True,
2019-10-03 20:12:04.924312576+00:00,2019-10-03,2019,105,gt2r,105_gt2r,PRE_BREACH,327,15.760588834418712,15.760099258192202,0.01470009567716158,0.009302051395653876,0.013791221399196436,15.737176122943776,15.783189594752814,0.046013471809038364,-0.000906933212449204,9.653132109737555,0.01191050525674944,47.57337698464914,34.553320011699306,True,
2019-10-03 20:12:04.989512448+00:00,2019-10-03,2019,105,gt3r,105_gt3r,PRE_BREACH,410,15.792603981933983,15.790392055503261,0.01895272917760757,0.011170200427798704,0.01656093915425436,15.753372061471232,15.818989486595795,0.0656174251245627,-0.0005038113600071272,9.464674250740517,0.00987804855969621,47.574772691094935,34.59617946120499,True,
2019-10-07 20:03:35.296404224+00:00,2019-10-07,2019,165,gt2r,165_gt2r,PRE_BREACH,19,15.760397811960953,15.769765886485157,0.03470064768150567,0.0106966763612526,0.015858892373193104,15.735817619941361,15.828841720202316,0.09302410026095487,-0.0008126207943049624,18.119725084639867,0.2374094917493708,47.02961513349634,33.72174801247965,False,too_few_points
2019-10-07 20:03:35.952304128+00:00,2019-10-07,2019,165,gt1r,165_gt1r,PRE_BREACH,111,15.691354342699238,15.69332001062898,0.029387374956592237,0.017339321290563703,0.025707277745389744,15.650257536833653,15.732959274349037,0.08270173751538401,0.004027836624840031,12.128117319659161,0.1342140146203943,47.02048516858892,33.68047384813988,True,
2019-10-07 20:03:36.060004352+00:00,2019-10-07,2019,165,gt1l,165_gt1l,PRE_BREACH,24,15.678971589478081,15.675815383598122,0.02682238316997524,0.01310277260775905,0.019426170668263566,15.631938305968918,15.709100815974447,0.07716251000552887,-0.0013199913463061812,8.934030316213263,0.11499999463558197,47.03320292725133,33.67746796196934,True,
2019-10-07 20:03:36.635804160+00:00,2019-10-07,2019,165,gt2l,165_gt2l,PRE_BREACH,3,15.71775797191852,15.705056357333044,0.02242579034771522,0.0004902957657364482,0.000726912502280858,15.68302234634857,15.718199238107683,0.03517689175911265,0.0064818646365889,6.111709366497848,0.17839372158050537,47.05490426784363,33.71702028874404,False,too_few_points
2019-10-07 20:03:36.806204160+00:00,2019-10-07,2019,165,gt3l,165_gt3l,PRE_BREACH,15,15.745988429523209,15.738584294844022,0.01848020503727162,0.010801094026280822,0.016013702003363946,15.704934710550804,15.757546813731318,0.05261210318051468,0.0021597382441309043,6.5526943662878105,0.11500000208616257,47.06133635804503,33.75870071125153,False,too_few_points
2019-10-07 20:03:37.145804288+00:00,2019-10-07,2019,165,gt3r,165_gt3r,PRE_BREACH,67,15.718283848480457,15.71923639744339,0.02547566326561468,0.01367403754032992,0.020273128057293137,15.675417677734616,15.762154618549678,0.08673694081506156,0.006653733243772913,6.784004910494526,0.11408175283403539,47.06144955246496,33.75991591426153,True,
2019-10-10 08:08:59.652065280+00:00,2019-10-10,2019,205,gt3l,205_gt3l,PRE_BREACH,90,15.713471600644425,15.711700141607688,0.023943941271705314,0.017950017382212025,0.026612695770867546,15.676298923452487,15.751664609562113,0.07536568610962568,0.0010236584981123985,13.101153173604363,0.11055555277400547,47.513661437035026,34.85040120041469,True,
2019-10-10 08:08:59.837165056+00:00,2019-10-10,2019,205,gt1l,205_gt1l,PRE_BREACH,130,15.734058589401208,15.734766444572077,0.022820547158226994,0.013927615264860194,0.02064908239168172,15.69921356885272,15.77590292275968,0.07668935390696063,0.0015465243704568823,18.21694189054344,0.08615384523112041,47.47608096769782,34.93090186871532,True,
2019-10-10 08:08:59.910465280+00:00,2019-10-10,2019,205,gt2l,205_gt2l,PRE_BREACH,108,15.679540335149857,15.679358492716782,0.024864459081947485,0.016472110059773115,0.02442155037461962,15.639630966584104,15.720192774651908,0.08056180806780411,0.0005333304002160887,16.417970047067875,0.10518705375768521,47.48066465892345,34.88867644956625,True,
2019-10-10 08:08:59.990165248+00:00,2019-10-10,2019,205,gt3r,205_gt3r,PRE_BREACH,349,15.71820072487495,15.718854835929884,0.024922214576263917,0.017888410675542588,0.026521357667559437,15.680816715864832,15.759259553728485,0.07844283786365303,0.001378372718050202,13.086970948615976,0.10988461465326627,47.514415647487276,34.84927886477314,True,
2019-10-10 08:09:00.184165120+00:00,2019-10-10,2019,205,gt1r,205_gt1r,PRE_BREACH,478,15.743423142386517,15.74301639929161,0.024053071255598454,0.015052388478270728,0.02231667115788418,15.701388085533482,15.781115782461395,0.07972769692791282,0.0020709050972055206,18.1476915863205,0.09020173011511315,47.47730463909577,34.9298418211424,True,
2019-10-10 08:09:00.226765056+00:00,2019-10-10,2019,205,gt2r,205_gt2r,PRE_BREACH,335,15.792474215206965,15.794768522307733,0.043803188873489295,0.016930131185752373,0.025100612495996467,15.74965204216568,15.835836679735383,0.08618463756970307,0.0019347208084343473,16.5753147832269,0.09696969703178514,47.481848171539596,34.88757043928028,True,
2019-10-14 08:00:40.534658560+00:00,2019-10-14,2019,265,gt3l,265_gt3l,PRE_BREACH,147,15.72206612943275,15.722725881697722,0.026454018683633732,0.016309136890296116,0.02417992635355302,15.682688133791137,15.764649448276346,0.08196131448520916,-0.00025461242195269347,28.40578072764188,0.05356701504412695,47.45560639933756,34.06376833682611,True,
2019-10-14 08:00:40.690358528+00:00,2019-10-14,2019,265,gt2l,265_gt2l,PRE_BREACH,90,15.714156974714637,15.708046697790056,0.029605227458709815,0.017201184659256796,0.025502476375814126,15.654249833554942,15.747330624790974,0.09308079123603186,-0.003832356853400593,25.91535420061591,0.027317083334888925,47.46040606627046,34.10732200366684,True,
2019-10-14 08:00:40.879158528+00:00,2019-10-14,2019,265,gt3r,265_gt3r,PRE_BREACH,595,15.708509311617838,15.706369699970793,0.02645747583329757,0.01952777262552985,0.02895187569461055,15.66178303599674,15.749384788684026,0.0876017526872861,-0.0002290210922810236,28.51879332929232,0.05886046196482762,47.45100955093736,34.061903375905345,True,
2019-10-14 08:00:41.026858240+00:00,2019-10-14,2019,265,gt2r,265_gt2r,PRE_BREACH,305,15.839952661227414,15.835361347804845,0.02696007851326262,0.015906380799052044,0.02358280017267456,15.781475160109439,15.871307277395584,0.08983211728614471,-0.002952827212552509,26.209055946101266,0.02860379035233474,47.463306702603106,34.106481912546265,True,
2019-10-14 08:00:41.351458560+00:00,2019-10-14,2019,265,gt1l,265_gt1l,PRE_BREACH,187,15.76987342190322,15.767581754014927,0.026639251543007933,0.02095528614240294,0.031068307234726596,15.722875792357712,15.804617594363389,0.08174180200567704,0.002033599573436132,20.50026255620229,0.016111110595779285,47.410733389560036,34.1431071539332,True,
2019-10-14 08:00:41.693358336+00:00,2019-10-14,2019,265,gt1r,265_gt1r,PRE_BREACH,575,15.745937518867585,15.744344654888902,0.03226556051145619,0.018040661766626442,0.02674708513520036,15.695159001517775,15.783395288686004,0.08823628716822896,0.0005594608072090753,20.82451824897801,0.02062864172649154,47.41875035300673,34.1430149628784,True,
2019-11-01 18:48:05.600520192+00:00,2019-11-01,2019,545,gt3l,545_gt3l,PRE_BREACH,61,15.787904659586019,15.788249085518157,0.017304777466600276,0.012010433949267707,0.0178066693731843,15.76161442439096,15.814915298437736,0.053300874046776414,0.0014183472529327313,9.611976324654176,0.01833333323399226,47.52931516112318,34.731209928040634,True,
2019-11-01 18:48:05.687320320+00:00,2019-11-01,2019,545,gt2l,545_gt2l,PRE_BREACH,68,15.789786443806099,15.790418964794211,0.022021624980314458,0.014428130033300235,0.021391145587370927,15.755608347451082,15.824043126560577,0.06843477910949503,-0.0009919934428241051,11.471474064059626,0.031666666734963655,47.537596560533224,34.68708072548048,True,
2019-11-01 18:48:05.947320320+00:00,2019-11-01,2019,545,gt3r,545_gt3r,PRE_BREACH,240,15.794434519659685,15.794230819412928,0.017558627832186577,0.011759567712456231,0.017434735090487607,15.764580841909527,15.820616151718918,0.0560353098093902,0.00119241477762804,9.56159928769389,0.02187499962747097,47.5306103636676,34.732264406370284,True,
2019-11-01 18:48:05.999220224+00:00,2019-11-01,2019,545,gt2r,545_gt2r,PRE_BREACH,230,15.848760814920558,15.849058870247415,0.018704829619202036,0.012907685967217475,0.01913693521499663,15.81670986107133,15.880329243432266,0.06361938236093678,0.0010068777293649046,11.712147229185009,0.04726157071569417,47.53623188878747,34.68848915787354,True,
2019-11-01 18:48:06.534720256+00:00,2019-11-01,2019,545,gt1l,545_gt1l,PRE_BREACH,34,15.80011603606288,15.797976950853641,0.01825366097025596,0.0088017888199321,0.013049532104431329,15.767608584524865,15.83104375211047,0.06343516758560419,-0.0027828395714498476,5.753643625653952,0.08333333333333333,47.564531414278605,34.64037452551488,True,
2019-11-01 18:48:06.869520128+00:00,2019-11-01,2019,545,gt1r,545_gt1r,PRE_BREACH,144,15.815842872644263,15.817186043621815,0.01827834065166173,0.012136209210844129,0.017993143775997505,15.791236284600151,15.847483479026653,0.05624719442650239,-0.001334822784636539,5.858393285857213,0.08714285812207631,47.56493240623005,34.64143445659891,True,
2019-11-05 18:39:41.790211840+00:00,2019-11-05,2019,609,gt1l,609_gt1l,PRE_BREACH,60,15.787187608325523,15.785254579148356,0.021313940347794266,0.011663883999773361,0.017292874418063986,15.742342486794284,15.815679176636554,0.07333668984226982,-0.00378507939527777,7.884648002356837,0.08666666721304257,47.196934667661104,33.91400421818879,True,
2019-11-05 18:39:42.142412032+00:00,2019-11-05,2019,609,gt1r,609_gt1r,PRE_BREACH,240,15.840335647585832,15.837789998040039,0.027067462723145908,0.01719221673751825,0.025489180535044557,15.793848310157362,15.87356284928486,0.07971453912749915,-0.004567564870667705,7.96082629012212,0.09125000145286322,47.19796213962538,33.91508820467649,True,
2019-11-05 18:39:42.279311872+00:00,2019-11-05,2019,609,gt2l,609_gt2l,PRE_BREACH,92,15.827797161370663,15.828654181114885,0.020909528304266758,0.01050064010170182,0.015568249014783117,15.804133560066436,15.857128659322305,0.05299509925586854,-0.0013268869754014866,28.133501931254532,0.051527503981358476,47.25361527484321,33.948644250403724,True,
2019-11-05 18:39:42.630911744+00:00,2019-11-05,2019,609,gt2r,609_gt2r,PRE_BREACH,330,15.835403685183842,15.832909525563043,0.026632282555787697,0.01425955133602308,0.021141210810787816,15.774031992533256,15.873411294750962,0.09937930221770586,-0.002597728057802868,28.032169348480487,0.047586671173254526,47.268463232638275,33.94773632569359,True,
2019-11-05 18:39:43.017312+00:00,2019-11-05,2019,609,gt3l,609_gt3l,PRE_BREACH,321,15.77595622808434,15.777540465386794,0.02254259140898638,0.014306875254995077,0.0212113732530557,15.745241861864937,15.816108283348246,0.07086642148330924,-0.001071310758914514,32.71611536961945,0.020215252801157033,47.40143079191515,33.97056690831766,True,
2019-11-05 18:39:43.400611840+00:00,2019-11-05,2019,609,gt3r,609_gt3r,PRE_BREACH,1343,15.811770972602808,15.812712951222695,0.020472925993986032,0.012811120428615652,0.018993767147465566,15.780008223691176,15.848225751737331,0.068217528046155,-0.0010264848260121146,32.36181220964877,0.015037313326081233,47.40164638050757,33.971741120693046,True,
2019-11-09 18:31:15.456403712+00:00,2019-11-09,2019,669,gt3l,669_gt3l,PRE_BREACH,30,15.758987561008396,15.75671326835425,0.01610502829520493,0.010597043351094015,0.015711176472331986,15.731074921089016,15.774254656822027,0.043179735733010816,0.002777612173129601,5.441685152633509,0.009999999776482582,46.79594239203134,33.406405835914285,True,
2019-11-09 18:31:15.670503936+00:00,2019-11-09,2019,669,gt2l,669_gt2l,PRE_BREACH,4,15.770945561247647,15.766514744784697,0.018315751641373636,0.008420732269483366,0.012484577662736038,15.744840194780965,15.781986151740302,0.03714595695933731,-0.04526340260289766,0.570528447115746,,46.78708801682397,33.36532971090476,False,too_few_points|track_too_short
2019-11-09 18:31:15.840203776+00:00,2019-11-09,2019,669,gt3r,669_gt3r,PRE_BREACH,109,15.762700547700582,15.758417192086817,0.0197428267481683,0.012945436996144366,0.019192904890483635,15.728290037699475,15.784577004211872,0.056286966512397285,-0.0047640810830195494,5.2508062251665955,0.04061827075522427,46.799841942751776,33.407036889584475,True,
2019-11-09 18:31:15.992903680+00:00,2019-11-09,2019,669,gt2r,669_gt2r,PRE_BREACH,16,15.751613631975566,15.753098716056435,0.01209572106470679,0.009941950803739275,0.014739936261623848,15.737055013828051,15.769791371429935,0.03273635760188398,0.01610674202743147,0.9453736574253689,0.04115483188070357,46.78780118075388,33.366358506198125,False,too_few_points|track_too_short
2019-11-12 06:36:43.129264896+00:00,2019-11-12,2019,705,gt3l,705_gt3l,PRE_BREACH,96,15.838703168057565,15.836336888036222,0.024443180666134136,0.016316388688753847,0.024190677869946452,15.795540826260728,15.868087587098556,0.0725467608378274,-0.00590502954719828,9.591474911748776,0.026821504327623796,47.578438525611375,34.60018874152827,True,
2019-11-12 06:36:43.435764736+00:00,2019-11-12,2019,705,gt1l,705_gt1l,PRE_BREACH,54,15.90976906011438,15.908247215011919,0.01977675603458032,0.013361311500462492,0.01980948043058569,15.877677107461144,15.942466797456673,0.06478968999552848,0.002371324823874376,8.20667611003338,0.08200000077486039,47.55840080435492,34.68324784503099,True,
2019-11-12 06:36:43.457964800+00:00,2019-11-12,2019,705,gt3r,705_gt3r,PRE_BREACH,449,15.815108090789426,15.80772097539417,0.03748504594682466,0.018661089015321153,0.02766693057411514,15.740467914012184,15.851147338053051,0.1106794240408675,-0.007879558784019535,10.090037325683655,0.01525021344423294,47.581971521553186,34.599530127768446,True,
2019-11-12 06:36:43.569764864+00:00,2019-11-12,2019,705,gt2l,705_gt2l,PRE_BREACH,41,15.911771593359326,15.918834662087885,0.04390025167726216,0.009917456381504763,0.01470362083121896,15.887986396973687,15.955498689438638,0.06751229246495072,-0.0025795620443467317,4.535667501916614,0.07725787367217424,47.56555565535939,34.64133346008206,True,
2019-11-12 06:36:43.764464896+00:00,2019-11-12,2019,705,gt1r,705_gt1r,PRE_BREACH,228,15.826222904940035,15.82665354949682,0.022688355558781948,0.01496355318729492,0.022184963955483448,15.790422992027333,15.863571721998666,0.07314872997133293,0.0027025239936528294,8.757028440515745,0.08747381350973196,47.55787150087523,34.68197213765871,True,
2019-11-12 06:36:43.892664832+00:00,2019-11-12,2019,705,gt2r,705_gt2r,PRE_BREACH,131,15.809440043861404,15.809717187251612,0.018997689195121393,0.011978244868494414,0.01775894584202982,15.778522376383798,15.842772014291707,0.06424963790790983,-0.00022228641583857904,4.622422632128805,0.02923076907889201,47.5679256773463,34.64042322159406,True,
2019-11-16 06:28:30.484256512+00:00,2019-11-16,2019,769,gt1l,769_gt1l,PRE_BREACH,79,15.879331899004494,15.87678230472322,0.02239649541126631,0.013153094215322625,0.01950077748363732,15.837943878894466,15.906722903517615,0.068779024623149,0.0003869765592510636,15.257884243643716,0.1010115945613698,47.146063489198625,33.84601803398744,True,
2019-11-16 06:28:30.780056576+00:00,2019-11-16,2019,769,gt1r,769_gt1r,PRE_BREACH,313,15.785552786296318,15.783845804395003,0.02679577405205053,0.01766873712842809,0.026195669666607486,15.742078616431735,15.833467581106172,0.09138896467443658,0.0004911565676672807,15.63086287901652,0.10072168311128368,47.14925764545283,33.8453404302598,True,
2019-11-16 06:28:30.783156480+00:00,2019-11-16,2019,769,gt2l,769_gt2l,PRE_BREACH,85,15.818696115273465,15.822639317513227,0.02395210486856121,0.014698260754375525,0.021791641394437154,15.788581456590194,15.866934259809474,0.07835280321928018,0.0009863131608787822,16.532096205132817,0.09937500022351742,47.116519863432934,33.7992486065446,True,
2019-11-16 06:28:30.933456384+00:00,2019-11-16,2019,769,gt3l,769_gt3l,PRE_BREACH,54,15.773073204846295,15.780608379735824,0.03059368644126842,0.010424106334195216,0.015454780051077826,15.741656818097242,15.84772566999788,0.10606885190063764,9.342070500693258e-05,30.515819148857805,0.08372055091287779,47.05583933520715,33.74817722042116,True,
2019-11-16 06:28:31.125756416+00:00,2019-11-16,2019,769,gt2r,769_gt2r,PRE_BREACH,259,15.771935213295706,15.77237197467821,0.021864562299011268,0.014127543026607015,0.02094549529124756,15.739385130628222,15.809735385780296,0.07035025515207494,0.0013098932011298924,16.52193826290141,0.09387439508062992,47.11697289595714,33.798167630741915,True,
2019-11-16 06:28:31.279056640+00:00,2019-11-16,2019,769,gt3r,769_gt3r,PRE_BREACH,211,15.739045609563938,15.747476882656077,0.03633372610671695,0.01578831564486549,0.023407756775077577,15.703843578691302,15.83110821724437,0.12726463855306847,-0.0001357420558051118,30.525761455686244,0.0712500010151416,47.05506533558643,33.74699299072631,True,
2019-11-30 17:24:06.991724800+00:00,2019-11-30,2019,989,gt3r,989_gt3r,PRE_BREACH,975,15.689566114420053,15.685666143753195,0.025544075848435946,0.011254442379250662,0.01668583627147703,15.629801563006291,15.717793678230905,0.0879921152246137,-0.00024846399424206323,46.520792479266326,0.012162466731615449,47.57214884144737,35.115775425149344,True,
2019-11-30 17:24:07.138024448+00:00,2019-11-30,2019,989,gt3l,989_gt3l,PRE_BREACH,245,15.718907298773981,15.716647176725335,0.0261317411936199,0.011781311762987912,0.017466972819805877,15.658192137256616,15.748786836889378,0.09059469963276179,3.541241369439527e-05,19.3479220188793,0.023013753348875746,47.57687011032994,35.11398541805344,True,
2019-11-30 17:24:07.527624704+00:00,2019-11-30,2019,989,gt2l,989_gt2l,PRE_BREACH,274,15.675647373149262,15.679948439185917,0.03943918581683802,0.01778740989893457,0.026371613916160393,15.618396273657316,15.764772166582317,0.14637589292500053,0.0027092083338341594,14.310826781350888,0.02052849849671808,47.57711091552947,35.070991359226745,True,
2019-11-30 17:24:07.778424576+00:00,2019-11-30,2019,989,gt1l,989_gt1l,PRE_BREACH,36,15.709196992368785,15.707584222045503,0.00970653227741529,0.006604186322279659,0.009791366641411822,15.69156827489495,15.721707924379164,0.030139649484214104,0.0006951462783368009,8.10717001286862,0.025714415332509413,47.54616500831148,35.03248462291338,True,
2019-11-30 17:24:07.807324672+00:00,2019-11-30,2019,989,gt2r,989_gt2r,PRE_BREACH,801,15.715104211302382,15.708626105820137,0.029135429322841837,0.01137058867630003,0.016858034771482424,15.647106595910312,15.739551276919688,0.09244468100937553,-0.0020761871037174202,14.791838133221193,0.019497146559691984,47.573346147154524,35.07270533279396,True,
2019-11-30 17:24:07.893824512+00:00,2019-11-30,2019,989,gt1r,989_gt1r,PRE_BREACH,224,15.688117858715593,15.687998356788606,0.01635535321899686,0.009785517008239708,0.014508007516416191,15.660925107754354,15.711542456060192,0.050617348305838306,0.0029657990663729795,9.848273674309201,0.0149407122806726,47.546677257569954,35.033560182714076,True,
2019-12-04 17:15:44.303313408+00:00,2019-12-04,2019,1049,gt2l,1049_gt2l,PRE_BREACH,94,15.662989521327118,15.670352684969263,0.042364505848407126,0.017918005838900797,0.02656523545675432,15.628220685688142,15.751872348260573,0.12365166257243132,-0.0026516814464633168,24.9158159075368,0.11574025008272618,47.46447113172419,34.17843779597314,True,
2019-12-04 17:15:44.643313408+00:00,2019-12-04,2019,1049,gt2r,1049_gt2r,PRE_BREACH,291,15.671304811371279,15.67105460396944,0.02974893898874616,0.017108465853731047,0.02536501147474165,15.619783583686315,15.718003198402672,0.09821961471635632,-0.0028664580515074694,25.055951310148718,0.09639141105839776,47.46850042496832,34.179109645880594,True,
2019-12-04 17:15:44.710913536+00:00,2019-12-04,2019,1049,gt1l,1049_gt1l,PRE_BREACH,160,15.651754544362264,15.654797284214528,0.052340170481840004,0.025389423636255515,0.037642359483112425,15.593599329260897,15.706965163509919,0.1133658342490218,-0.0024000301259074347,26.745957787923242,0.10344083460513502,47.447231928825985,34.13802720638076,True,
2019-12-04 17:15:44.947713536+00:00,2019-12-04,2019,1049,gt1r,1049_gt1r,PRE_BREACH,658,15.706123768654237,15.708984050593667,0.04072972016459691,0.026522137363675924,0.03932172085538592,15.643892109826618,15.777920678957386,0.1340285691307681,-0.0030587249816995147,27.421444930024467,0.09908131415882537,47.44481851446974,34.13955990322105,True,
2019-12-04 17:15:45.929613568+00:00,2019-12-04,2019,1049,gt3l,1049_gt3l,PRE_BREACH,76,15.676262667246746,15.682554184521384,0.024317209625692546,0.015188393165184166,0.022518311706702043,15.653996810752464,15.720049263009809,0.06605245225734535,0.0001799348167225093,12.412468278792282,0.10669258050620556,47.47624614257388,34.21965076663399,True,
2019-12-04 17:15:46.275913472+00:00,2019-12-04,2019,1049,gt3r,1049_gt3r,PRE_BREACH,298,15.707192340798988,15.706818943771792,0.038554940152868394,0.01636344348576202,0.024260441311990767,15.662460034335226,15.745061067740158,0.08260103340493252,0.0012460580434444503,12.279765901512933,0.10095029587438642,47.47558845287665,34.220928296877766,True,
2019-12-08 17:07:16.588501504+00:00,2019-12-08,2019,1109,gt1l,1109_gt1l,PRE_BREACH,99,15.593009319717204,15.598438338880788,0.023396283522079866,0.01329187107897667,0.01970652806169081,15.5660389662261,15.642865398416772,0.07682643219067131,-0.010594465484649856,4.48490691073253,0.06353579220747707,46.8262793804492,33.44726909834216,True,
2019-12-08 17:07:16.737301248+00:00,2019-12-08,2019,1109,gt3l,1109_gt3l,PRE_BREACH,190,15.621717852010542,15.622836618941218,0.022829043119227996,0.01389180030187731,0.0205959831275633,15.58292206402999,15.662736876630673,0.07981481260068257,-0.004676823625104284,4.28545710435732,0.010526315505175214,46.837217206028605,33.530440219724056,True,
2019-12-08 17:07:16.830001408+00:00,2019-12-08,2019,1109,gt2l,1109_gt2l,PRE_BREACH,55,15.640788916299215,15.64397139553076,0.019211724138386656,0.01372083196667262,0.020342505473788824,15.613703388843302,15.674009710416854,0.060306321573552424,-0.014909518846357321,3.569057424560155,0.009999999776482582,46.835566726519524,33.48831438929988,True,
2019-12-08 17:07:16.937001472+00:00,2019-12-08,2019,1109,gt1r,1109_gt1r,PRE_BREACH,337,15.68643635303372,15.688191006989456,0.022142075373266772,0.014156868925301325,0.020988973868651742,15.653573318040689,15.7255946557156,0.07202133767491148,-0.004291053210143603,4.497842234466279,0.05800496805625075,46.827180299094906,33.44830646828633,True,
2019-12-08 17:07:17.076701440+00:00,2019-12-08,2019,1109,gt3r,1109_gt3r,PRE_BREACH,710,15.649229716192432,15.649696854581112,0.01935780181088636,0.012370708655685902,0.018340812652919918,15.620783087925911,15.681361814145088,0.060578726219176815,0.0027977335497215675,4.331227454423091,0.00830985896918975,46.836325037799995,33.53173990549657,True,
2019-12-08 17:07:17.165201408+00:00,2019-12-08,2019,1109,gt2r,1109_gt2r,PRE_BREACH,220,15.624023518871276,15.622901114223726,0.019525922130240334,0.0123025106038952,0.018239702221335023,15.589163996913172,15.651101404350388,0.06193740743721676,-0.005977932198358646,3.7240997234085857,0.018181817944754253,46.83626940974944,33.48943692938682,True,
2020-01-02 15:51:49.971670272+00:00,2020-01-02,2020,105,gt3r,105_gt3r,PRE_BREACH,2,15.828030622966743,15.828030622966743,0.0044241082814857596,0.003128316966542144,0.004638042734595382,15.825215137696855,15.830846108236631,0.00563097053977657,,,,47.53677656588818,34.601556661587686,False,too_few_points
2020-01-06 15:43:23.536649728+00:00,2020-01-06,2020,165,gt1r,165_gt1r,PRE_BREACH,9,15.868192252050601,15.86294684611315,0.015852212935959377,0.010363454530779137,0.015364857687333148,15.837824845934218,15.879496663902334,0.04167181796811548,0.0023387906885899176,5.633696742670365,0.09622567147016525,47.15753201996333,33.85585910350959,False,too_few_points
2020-01-06 15:43:23.809649664+00:00,2020-01-06,2020,165,gt2r,165_gt2r,PRE_BREACH,3,15.865421327199584,15.868309666011825,0.03480934963202082,0.030386851596926334,0.04505154617760298,15.83807316076235,15.900568008429872,0.062494847667521114,-0.012606349889987668,1.0220268724675536,,47.165222042648736,33.897420804513125,False,too_few_points|track_too_short
2020-01-09 03:48:40.307702016+00:00,2020-01-09,2020,205,gt1l,205_gt1l,PRE_BREACH,94,15.919799488753876,15.922904706563127,0.04780671750377092,0.026319771345615806,0.03902169299700999,15.878383165367062,15.994202986622351,0.11581982125528967,0.004257707707183597,33.20015841681305,0.09837218682313788,47.838229305615755,35.04787391716188,True,
2020-01-09 03:48:44.919202048+00:00,2020-01-09,2020,205,gt2l,205_gt2l,PRE_BREACH,22,15.740569333218234,15.738668648984232,0.013437763258276622,0.008617308032619064,0.012776020889161023,15.717732024788017,15.756079576937134,0.03834755214911745,-0.0022665033956831343,4.70262036978315,0.009999999776482582,47.53433955439398,34.96135147935245,True,
2020-01-09 03:48:45.039601920+00:00,2020-01-09,2020,205,gt1r,205_gt1r,PRE_BREACH,11,15.72164661305473,15.71515165377092,0.02760478393069949,0.013218499504642267,0.019597747365582625,15.664415312372073,15.742642861917501,0.07822754954542788,0.010012428787743444,2.3017077200211373,0.025546083734794098,47.566786800590606,35.007764663574186,False,too_few_points
2020-01-09 03:48:45.242001920+00:00,2020-01-09,2020,205,gt2r,205_gt2r,PRE_BREACH,87,15.738879638342748,15.736380969127323,0.020202789304692496,0.009108808811195246,0.01350471994347807,15.706168740733538,15.75965914724563,0.05349040651209158,0.003270856708735276,14.093262864415237,0.020013952520729482,47.53506578137294,34.96027095488117,True,
2020-01-09 03:48:45.318202112+00:00,2020-01-09,2020,205,gt3l,205_gt3l,PRE_BREACH,52,15.663898139517437,15.657249253517595,0.03054759060904036,0.01573762550674651,0.023332603576302374,15.595623941969594,15.69011493043655,0.0944909884669567,0.007150263119521517,9.479246277186238,0.01999999936670065,47.50563119650857,34.91440559728947,True,
2020-01-09 03:48:45.395302144+00:00,2020-01-09,2020,205,gt3r,205_gt3r,PRE_BREACH,245,15.740842687366388,15.739394906278706,0.04464742688637083,0.012895828014681143,0.01911935461456626,15.68421652572698,15.771334951561508,0.08711842583452878,0.0006756246623769531,17.306895709344506,0.030503722958854125,47.50407647272157,34.91292910812035,True,
2020-01-13 03:40:24.449282048+00:00,2020-01-13,2020,265,gt1l,265_gt1l,PRE_BREACH,306,15.71074680527154,15.699922805503506,0.04645366256421253,0.03586942047319219,0.05318000279355474,15.622860130156315,15.765934420139244,0.1430742899829287,-0.00257568012622044,32.62742987255474,0.031329095745045984,47.48810715387174,34.21913144397636,True,
2020-01-13 03:40:24.793582080+00:00,2020-01-13,2020,265,gt1r,265_gt1r,PRE_BREACH,1313,15.67177892870605,15.664923026850005,0.04243697077548525,0.03490419933028477,0.0517489659270802,15.601533586175147,15.72588912798031,0.12435554180516206,-0.0019328057876995717,32.54887320870555,0.027348987738651718,47.49648742551087,34.219131123677194,True,
2020-01-13 03:40:25.266281728+00:00,2020-01-13,2020,265,gt3l,265_gt3l,PRE_BREACH,115,15.671997205035787,15.675936729746251,0.0364382146397244,0.021444319483812535,0.031793348066700464,15.624467090016452,15.732868127888812,0.1084010378723601,-0.003995503406428322,24.417672447445597,0.08026801053223745,47.46097884903232,34.129524287234794,True,
2020-01-13 03:40:25.484481792+00:00,2020-01-13,2020,265,gt2l,265_gt2l,PRE_BREACH,118,15.679186088276092,15.723798784249567,0.2764940911460163,0.028144669211233264,0.041727286572574435,15.639109772290567,15.785125248782514,0.14601547649194657,-0.010947581051797958,23.482550912036647,0.0785882856267003,47.43579535242706,34.16881187609407,True,
2020-01-13 03:40:25.585281792+00:00,2020-01-13,2020,265,gt3r,265_gt3r,PRE_BREACH,459,15.668741511897796,15.670924283509576,0.03143460546992661,0.017154895851842156,0.025433848589941178,15.624471162021441,15.726919677045938,0.1024485150244967,-0.0034928173426445764,24.617360226513174,0.07029666414804968,47.465009965158025,34.12888373141987,True,
2020-01-13 03:40:25.823382016+00:00,2020-01-13,2020,265,gt2r,265_gt2r,PRE_BREACH,449,15.736786082946924,15.74509481556259,0.03457956299273014,0.01643898083012374,0.024372432978741455,15.697369796879652,15.810595951942677,0.11322615506302469,-0.0020460631713991656,22.96723557525429,0.0483314199223258,47.426086132628086,34.16621422638389,True,
2020-01-31 14:27:50.535794432+00:00,2020-01-31,2020,545,gt3l,545_gt3l,PRE_BREACH,147,15.754936139639199,15.754546708657038,0.017230362647821598,0.010927635718335438,0.01620131271600412,15.726581234005486,15.7830852667861,0.05650403278061411,0.00024308189737285885,18.60135060729116,0.058578177614986494,47.46816366178267,34.934542623718855,True,
2020-01-31 14:27:50.765394432+00:00,2020-01-31,2020,545,gt2l,545_gt2l,PRE_BREACH,141,15.779055317762943,15.778913103407962,0.02101152636830799,0.011841035034301228,0.017555518541855,15.75120827537743,15.80339478309132,0.05218650771389122,-0.0005919475793422919,18.071399675305702,0.03464285683419023,47.474246108895784,34.890795021783624,True,
2020-01-31 14:27:50.874594560+00:00,2020-01-31,2020,545,gt3r,545_gt3r,PRE_BREACH,605,15.776402887525286,15.776426126161423,0.019658439224344057,0.012401764716702957,0.018386856368983802,15.742344524990727,15.809086380382867,0.06674185539213973,-0.00017692803155616697,18.68795514484556,0.057583333800236385,47.468273483820326,34.93567955490398,True,
2020-01-31 14:27:51.097894400+00:00,2020-01-31,2020,545,gt2r,545_gt2r,PRE_BREACH,465,15.845239484443319,15.845520074597633,0.018087953426309974,0.011842756250697306,0.017558070417283824,15.81509100308438,15.873341261672445,0.05825025858806576,0.0004984347644649224,18.097888150928327,0.024565217510351667,47.47332197665294,34.89210950958449,True,
2020-01-31 14:27:51.641694464+00:00,2020-01-31,2020,545,gt1l,545_gt1l,PRE_BREACH,111,15.809677898150362,15.809826277226017,0.018324381695411205,0.01114141880248809,0.016518267516568843,15.777932303001132,15.834993044065774,0.05706074106464243,0.0014474948001993084,13.776928551631025,0.015909090638160706,47.508142353142176,34.843087170625424,True,
2020-01-31 14:27:51.975194368+00:00,2020-01-31,2020,545,gt1r,545_gt1r,PRE_BREACH,453,15.811716456593135,15.806173185534307,0.030177241461524246,0.011339965590547507,0.016812632984545734,15.717081910629943,15.84055504297553,0.12347313234558754,0.002966020457100272,13.850842284514002,0.02333333306014538,47.506918968908124,34.8444053783583,True,
2020-02-04 14:19:27.974776320+00:00,2020-02-04,2020,609,gt3l,609_gt3l,PRE_BREACH,143,15.865305697933088,15.862771478700108,0.02352292542263434,0.013944292920449186,0.02067380868385796,15.817448020053204,15.894791280890917,0.07734326083771315,0.0011296775719034135,24.377351163565713,0.04702180020993562,47.45857254989481,34.15720829569076,True,
2020-02-04 14:19:28.183076352+00:00,2020-02-04,2020,609,gt1l,609_gt1l,PRE_BREACH,125,15.852904710001884,15.849796948806357,0.023607645542522183,0.013272236387315672,0.019677417667834214,15.795729976452836,15.881760921754282,0.08603094530144517,0.0005642983904276965,26.782530958852067,0.017523081647232173,47.469850632494904,34.06981532233645,True,
2020-02-04 14:19:28.195476224+00:00,2020-02-04,2020,609,gt2l,609_gt2l,PRE_BREACH,98,15.821538625435911,15.823367639788056,0.07028802602981893,0.017908490422016143,0.026551127899681132,15.772607949938235,15.851316338436636,0.07870838849840034,0.004316135826203968,26.0724206420304,0.02345977616064327,47.440233568540584,34.11688386092532,True,
2020-02-04 14:19:28.287876352+00:00,2020-02-04,2020,609,gt3r,609_gt3r,PRE_BREACH,583,15.820670310195364,15.818644685639509,0.023692281969426597,0.015314973741372029,0.02270598006895817,15.777470228875805,15.852613976373213,0.0751437474974086,0.0011340469706680432,24.558486355407283,0.04729797901820539,47.45709344434535,34.158516276893764,True,
2020-02-04 14:19:28.520576256+00:00,2020-02-04,2020,609,gt2r,609_gt2r,PRE_BREACH,377,15.865990601482341,15.86065665237825,0.02875791569618205,0.015106870235324976,0.02239744581089281,15.801596493705532,15.8992322381827,0.09763574447716827,0.0024816392950842846,26.190993689203978,0.019159897939556473,47.42712619180497,34.119929784669345,True,
2020-02-04 14:19:28.526976256+00:00,2020-02-04,2020,609,gt1r,609_gt1r,PRE_BREACH,485,15.868783850133244,15.864428675942778,0.024233487575306783,0.009927261384500952,0.01471815772866111,15.821119316467719,15.89254284050751,0.07142352403979046,0.001059990373933295,26.794892317643587,0.013874900248861805,47.472497233749486,34.07060956394171,True,
2020-02-08 14:10:58.362156032+00:00,2020-02-08,2020,669,gt1l,669_gt1l,PRE_BREACH,45,15.896655662787154,15.897949245007855,0.010500908898642703,0.005174716651037414,0.00767203490682807,15.882511399815339,15.915571640625563,0.03306024081022407,-0.00027043388250420073,4.726826997718311,0.009999999776482582,46.78870076485658,33.387811392196866,True,
2020-02-08 14:10:58.689455872+00:00,2020-02-08,2020,669,gt1r,669_gt1r,PRE_BREACH,202,15.881602282109435,15.87903198567495,0.021312883233946974,0.010721554961779844,0.015895777386334797,15.842946567421745,15.90495345447436,0.0620068870526147,-0.0033333203128270653,4.953505917239319,0.009249999793246389,46.7889639500422,33.38892257880978,True,
2020-02-08 14:10:58.696555776+00:00,2020-02-08,2020,669,gt2l,669_gt2l,PRE_BREACH,44,15.840124319521555,15.838920541251559,0.013794000442769714,0.008758053005944788,0.012984689386613742,15.816623065683778,15.859406807484664,0.04278374180088562,9.454497032920702e-06,4.858512982809497,0.00874999980442226,46.817471903899396,33.42609002739183,True,
2020-02-08 14:10:59.039955968+00:00,2020-02-08,2020,669,gt2r,669_gt2r,PRE_BREACH,135,15.899511042170772,15.89682902131027,0.021544100195957677,0.011009696639515454,0.01632297623774561,15.855710746315758,15.926328004633639,0.07061725831788124,-0.003633191133034338,4.9048837344148275,0.00961538440046402,46.817835706307044,33.427190630428136,True,
2020-02-08 14:10:59.041656064+00:00,2020-02-08,2020,669,gt3l,669_gt3l,PRE_BREACH,31,15.920119112475032,15.919080757773425,0.01632930474089389,0.00853621559526374,0.01265579324153802,15.893200745542476,15.94853540276802,0.05533465722554354,0.001136626311659604,3.3482536956875877,0.0283333333209157,46.83422020980564,33.46614611655784,True,
2020-02-08 14:10:59.382355968+00:00,2020-02-08,2020,669,gt3r,669_gt3r,PRE_BREACH,126,15.847167873964073,15.847840656075533,0.014137430759875594,0.010338808660199206,0.015328317719611342,15.827706812025209,15.870163072727344,0.04245626070213504,0.002231763124083622,3.3671196211591576,0.02126011789022457,46.835037588372515,33.46711084597606,True,
2020-02-15 02:08:14.701686784+00:00,2020-02-15,2020,769,gt1l,769_gt1l,PRE_BREACH,11,15.983365080610952,15.979783284881012,0.02237223971347244,0.009836375908765405,0.014583410922335588,15.945319139879011,16.00688768376596,0.0615685438869491,0.001950985935572764,7.419315903715853,0.05682210400700569,47.04488223789348,33.637168346496566,False,too_few_points
2020-02-15 02:08:15.047086592+00:00,2020-02-15,2020,769,gt1r,769_gt1r,PRE_BREACH,10,15.973130531026783,15.963436896010169,0.033135966319957105,0.010758524725726915,0.01595058875836272,15.90613346482438,15.995113064973026,0.08897960014864559,0.0023565967880556267,7.415733414173794,0.0830075711839729,47.044952968914956,33.636004080237385,False,too_few_points
2020-02-29 13:03:50.592099584+00:00,2020-02-29,2020,989,gt3l,989_gt3l,PRE_BREACH,879,15.952563171157713,15.950947663087412,0.021559384894821777,0.012141080802543058,0.018000366397850336,15.917459736187334,15.981947358007378,0.06448762182004408,-0.0002596109688937189,42.29276122977738,0.013498108508872848,47.58813354737574,35.17708057273233,True,
2020-02-29 13:03:50.658399744+00:00,2020-02-29,2020,989,gt2l,989_gt2l,PRE_BREACH,1236,15.896361565720005,15.947957139766327,0.5678390942445699,0.017954627942446066,0.026619531387470537,15.858014329279449,15.956567743235443,0.09855341395599382,0.014388864910572634,43.91063543762042,0.0160819832228003,47.55781528831735,35.13847803422278,True,
2020-02-29 13:03:50.804399616+00:00,2020-02-29,2020,989,gt1l,989_gt1l,PRE_BREACH,1368,15.947549708881349,15.95136288826071,0.04004954245635036,0.026165056615255367,0.0387923129377776,15.893827440409822,16.024689972700184,0.1308625322903616,0.0017357409897860616,45.770513095707805,0.012831843345311842,47.550860299549974,35.09654753815544,True,
2020-02-29 13:03:50.928999936+00:00,2020-02-29,2020,989,gt3r,989_gt3r,PRE_BREACH,3428,15.947703479128933,15.946819716722027,0.024893666629129445,0.01424751850181849,0.021123370930796092,15.909199208026264,15.979099660785243,0.06990045275897927,0.00044955974514916723,42.30651875176409,0.01033322580588258,47.58987471071819,35.17799805913744,True,
2020-02-29 13:03:50.996499712+00:00,2020-02-29,2020,989,gt2r,989_gt2r,PRE_BREACH,4359,15.959049705163636,16.00156697315777,0.5200945131230942,0.02230074853360975,0.03306308977592981,15.91902508082056,16.015186321314527,0.09616124049396646,0.01215705161900502,43.84631712771473,0.011283677878865337,47.556416350971205,35.139825297953195,True,
2020-02-29 13:03:51.142199808+00:00,2020-02-29,2020,989,gt1r,989_gt1r,PRE_BREACH,5220,15.876375739425029,15.880809664188408,0.03183472814717951,0.021275287064485227,0.03154274060180579,15.835850940395781,15.935071742079646,0.09922080168386493,0.0020599943648158267,45.834339814857465,0.01379887406628455,47.54799035741077,35.098097509410245,True,
2020-03-04 12:55:29.796373248+00:00,2020-03-04,2020,1049,gt1l,1049_gt1l,PRE_BREACH,505,15.9481705907518,15.94838707558355,0.020162961339696087,0.013429427433027996,0.019910469112207306,15.914783440209462,15.979720481584364,0.0649370413749022,-0.003325613796927164,14.544440160875126,0.010799999665468931,47.51897722627884,34.32245943652131,True,
2020-03-04 12:55:30.144873472+00:00,2020-03-04,2020,1049,gt1r,1049_gt1r,PRE_BREACH,1984,15.927143029839025,15.925768136947484,0.02657442745147634,0.017967205284406873,0.026638178554661628,15.87952330753122,15.967030478159261,0.08750717062804014,-0.0042983874288781395,14.479310235074172,0.01176767639646476,47.51934855242963,34.3235446965096,True,
2020-03-04 12:55:30.401273600+00:00,2020-03-04,2020,1049,gt2l,1049_gt2l,PRE_BREACH,302,15.941863409214054,15.9423752512213,0.014336650594130246,0.009144434683840075,0.013557538862261295,15.918035445205037,15.965600063837966,0.04756461863292927,0.000945522464150563,8.19679328315971,0.010998930825686773,47.52254846670912,34.36485163410151,True,
2020-03-04 12:55:30.559873280+00:00,2020-03-04,2020,1049,gt3l,1049_gt3l,PRE_BREACH,125,15.9284056141789,15.92908930962719,0.015928232759644938,0.011525763039884396,0.017088096282932605,15.901525325120938,15.954780347531411,0.05325502241047353,-0.006001655703833693,5.317492893888842,0.009999999776482582,47.5284044434318,34.406885878280015,True,
2020-03-04 12:55:30.752173312+00:00,2020-03-04,2020,1049,gt2r,1049_gt2r,PRE_BREACH,1048,15.971708317837576,15.971088577525915,0.01554088940139217,0.01006391255750394,0.014920756757755341,15.94504547994499,15.996303993003039,0.051258513058048294,0.0005749990465310069,8.154950885798355,0.008798076726424579,47.52276028370928,34.36597091086422,True,
2020-03-04 12:55:30.896873472+00:00,2020-03-04,2020,1049,gt3r,1049_gt3r,PRE_BREACH,508,15.942825345469648,15.942776927550918,0.01855732569253405,0.012613022752562486,0.01870006753294914,15.911881809075775,15.970963759298362,0.059081950222587665,-0.0049088817352562234,5.392560549781581,0.009899999778717757,47.52869810388317,34.40801211652969,True,
2020-03-08 12:47:02.883445760+00:00,2020-03-08,2020,1109,gt1l,1109_gt1l,PRE_BREACH,133,15.941243679544243,15.942739001783464,0.02786942226018039,0.010099753640162135,0.01497389474690438,15.913711140597737,15.968733664104295,0.05502252350655823,-0.00040150691709359626,18.222560903011523,0.03400592475644941,46.91442046148355,33.6295293272537,True,
2020-03-08 12:47:03.225245696+00:00,2020-03-08,2020,1109,gt1r,1109_gt1r,PRE_BREACH,515,15.930679415159247,15.932134652065315,0.03081838367172825,0.010985658502004725,0.016287337295072205,15.900064889200218,15.961314581497703,0.061249692297485225,-0.0008885869342701679,17.900140280274318,0.011398772284741232,46.91531906328576,33.63053471521699,True,
2020-03-08 12:47:03.228845568+00:00,2020-03-08,2020,1109,gt2l,1109_gt2l,PRE_BREACH,137,15.936197237230555,15.94184115750363,0.029194059040252945,0.014200481571702284,0.021053633978205803,15.904456026011328,15.998544142878568,0.0940881168672405,0.0020413607692060048,24.630534656363807,0.01568643732975095,46.97879985460354,33.66290282646618,True,
2020-03-08 12:47:03.568345600+00:00,2020-03-08,2020,1109,gt2r,1109_gt2r,PRE_BREACH,444,15.971343394187691,15.973273553777,0.022138137924973482,0.01179154223853196,0.017482140522847484,15.943625070481174,16.01563117261838,0.07200610213720715,0.0013874570617712666,24.6613114805413,0.012497281569634795,46.97926099919304,33.66398379745534,True,
2020-03-08 12:47:03.828745728+00:00,2020-03-08,2020,1109,gt3l,1109_gt3l,PRE_BREACH,79,15.937038320337056,15.936349482070511,0.018228900222618985,0.010942258718475983,0.016222992776012492,15.90789017428464,15.965367621833096,0.05747744754845563,-0.0005565138723081687,17.852633798417905,0.008571428379842214,47.02054677573813,33.6995228311731,True,
2020-03-08 12:47:04.151545856+00:00,2020-03-08,2020,1109,gt3r,1109_gt3r,PRE_BREACH,310,15.924590464571112,15.924060453878244,0.015501832421611458,0.009941612796556143,0.014739435132174137,15.898595109292998,15.949280187874596,0.050685078581597764,0.000212785562069546,18.086847645489843,0.024999999711590427,47.019353594546644,33.70082270047607,True,
2020-03-11 00:52:32.076792832+00:00,2020-03-11,2020,1149,gt3r,1149_gt3r,PRE_BREACH,1,16.038389902363196,16.038389902363196,,0.0,0.0,16.038389902363196,16.038389902363196,0.0,,,,47.56034837457911,34.66122469019811,False,too_few_points
2020-03-29 11:39:51.263749376+00:00,2020-03-29,2020,45,gt1r,45_gt1r,PRE_BREACH,585,16.00870524610851,16.01018974385192,0.03115446802778009,0.014566083411313713,0.02159567526561371,15.976791101621803,16.043205415834734,0.0664143142129312,0.00044205474954306655,23.899068204564607,0.03123664736556701,47.60594359326048,35.21952400033829,True,
2020-03-29 11:39:51.461949440+00:00,2020-03-29,2020,45,gt1l,45_gt1l,PRE_BREACH,160,16.02611613930278,16.02924394083643,0.0583493304644568,0.014581004318310775,0.021617797002327552,15.98962457018454,16.060503066450664,0.07087849626612375,-0.0011866936190856531,20.034680754505313,0.036199865265274946,47.60543789549846,35.21839387438825,True,
2020-03-29 11:39:51.650549504+00:00,2020-03-29,2020,45,gt2r,45_gt2r,PRE_BREACH,34,16.03114181101263,16.03164683774346,0.017773153168812353,0.012929811031446192,0.019169737835222123,16.005889694369962,16.0592108536271,0.05332115925713765,-0.0011031890489167475,15.853096390230899,0.02456648876109431,47.57156765226182,35.267463210788094,True,
2020-03-29 11:39:52.873549568+00:00,2020-03-29,2020,45,gt2l,45_gt2l,PRE_BREACH,12,15.971869761023706,15.961723742843063,0.07153344821066307,0.010919635806386552,0.016189452046548702,15.858136655365714,16.021903654995885,0.16376699963017138,-0.027289944906549853,4.798271702491489,0.12654899890449914,47.63188902496797,35.25770791153401,False,too_few_points
2020-04-02 11:31:33.424315136+00:00,2020-04-02,2020,105,gt2l,105_gt2l,PRE_BREACH,87,15.986654755556039,15.997546336953652,0.04060140054536922,0.012334045208714173,0.01828645542643963,15.962465932231126,16.04274850787948,0.08028257564835428,0.0009342816773454691,12.65924899275858,0.08359288655948348,47.55542811019225,34.489849542877266,True,
2020-04-02 11:31:33.461515264+00:00,2020-04-02,2020,105,gt1l,105_gt1l,PRE_BREACH,81,16.06043585431039,16.058773623928488,0.020666514784630694,0.011176821787351798,0.016570755981927775,16.024612689124385,16.09489743583397,0.07028474670958573,0.0004577837917613987,12.775322187748767,0.08423343787972744,47.552050877389796,34.447331249267926,True,
2020-04-02 11:31:33.746215168+00:00,2020-04-02,2020,105,gt2r,105_gt2r,PRE_BREACH,263,16.04607276616234,16.047530352209932,0.03957056109493665,0.013386676427106892,0.019847086470828678,16.017174210553478,16.075215694889653,0.05804148433617584,-0.0019141371340957497,12.832340540929941,0.030261361122245534,47.55495192307789,34.491100826411085,True,
2020-04-02 11:31:33.801415168+00:00,2020-04-02,2020,105,gt1r,105_gt1r,PRE_BREACH,280,16.025722521274727,16.02614068772664,0.024272078319165717,0.015088714087969635,0.02237052750682378,15.989981741704115,16.06413858824444,0.0741568465403244,0.001776614200689314,12.654138172016053,0.06578883984990472,47.548991841742556,34.448948278007954,True,
2020-04-02 11:31:33.850315264+00:00,2020-04-02,2020,105,gt3l,105_gt3l,PRE_BREACH,70,16.059272875623584,16.056626925203837,0.018327040908860556,0.012973522045038877,0.01923454378397464,16.024954058808493,16.084272202760918,0.05931814395242441,-0.0004957286469615924,9.703249876270057,0.04571428442639964,47.57159859766391,34.5305027974379,True,
2020-04-02 11:31:34.195815424+00:00,2020-04-02,2020,105,gt3r,105_gt3r,PRE_BREACH,259,16.014463912304233,16.01422895132612,0.026924472380905364,0.012944323981653127,0.019191254735198927,15.979067724829967,16.04236555625579,0.06329783142582102,-0.0004598399057763625,9.748389554280944,0.02861703493592822,47.57263112636542,34.53161079860199,True,
2020-04-06 11:23:06.113880576+00:00,2020-04-06,2020,165,gt1l,165_gt1l,PRE_BREACH,80,15.996224995653389,16.002275374932825,0.032540382163692295,0.010628240075959638,0.01575742873661776,15.970423290372182,16.072802510015592,0.10237921964341012,-0.003223260792220816,19.536961250573555,0.07862788703764828,47.046932056475285,33.74050895105446,True,
2020-04-06 11:23:06.463580928+00:00,2020-04-06,2020,165,gt1r,165_gt1r,PRE_BREACH,300,15.960493905453667,15.961842901634206,0.021041404177532617,0.013561665659631572,0.02010652550696977,15.93218550487337,15.996522554607555,0.06433704973418486,-0.002387415017861063,19.498125293805042,0.04314690583106444,47.049714991437725,33.741303747996035,True,
2020-04-06 11:23:08.171681024+00:00,2020-04-06,2020,165,gt2l,165_gt2l,PRE_BREACH,84,15.94949567348987,15.956092936696269,0.02668178001877589,0.012378570349365958,0.018352468399969967,15.930770244258678,16.002599654104742,0.0718294098460639,0.004746753888301268,15.584854214939076,0.014789931570427328,47.086899091447336,33.777484085605046,True,
2020-04-06 11:23:08.513880832+00:00,2020-04-06,2020,165,gt2r,165_gt2r,PRE_BREACH,270,15.978019422554437,15.978070994814502,0.01587120406062158,0.009345188488321554,0.013855176452785535,15.95497236433958,16.0017865109679,0.04681414662831962,0.0009974784998925108,15.671722343003374,0.011878518707383035,47.088974048180596,33.778376365165045,True,
2020-04-06 11:23:08.540680960+00:00,2020-04-06,2020,165,gt3l,165_gt3l,PRE_BREACH,121,16.01654042894809,16.014930806474766,0.014969012460356215,0.010383216217110913,0.01539415636348864,15.989928496276637,16.037248312751863,0.04731981647522687,0.0007287856174623177,13.181235574192275,0.005833333202948173,47.13125547440821,33.81380007531325,True,
2020-04-06 11:23:08.880980736+00:00,2020-04-06,2020,165,gt3r,165_gt3r,PRE_BREACH,521,15.949511560220866,15.946851601444429,0.03944445571893505,0.010484951059662961,0.015544988441056305,15.900768432112027,15.979366897751014,0.07859846563898643,0.00013508092482582867,13.759027346130026,0.01465671045281367,47.13638398822311,33.81431088363242,True,
2020-04-08 23:28:27.298823424+00:00,2020-04-08,2020,205,gt3l,205_gt3l,PRE_BREACH,231,16.133711508266146,16.59835840636231,4.932128161022907,0.02151348851720769,0.03189589807561212,16.082039628874725,16.216071969074772,0.13403234020004717,0.04188017158206266,46.88498731781941,0.05204541903540425,47.645702763773365,35.06369300387945,True,
2020-04-08 23:28:27.513223168+00:00,2020-04-08,2020,205,gt2l,205_gt2l,PRE_BREACH,243,16.089197816992346,16.18493259532443,1.4383743858264915,0.01758679775410954,0.026074186350242803,16.058310536433464,16.149465567716547,0.09115503128308333,0.016280646457272032,41.79624357831709,0.04717497390261444,47.63918759865508,35.105807959788436,True,
2020-04-08 23:28:27.624223232+00:00,2020-04-08,2020,205,gt3r,205_gt3r,PRE_BREACH,998,16.08677957932027,16.520071739977563,4.84053935583763,0.01953788674384427,0.02896687088642351,16.03421287306156,16.138658986270368,0.10444611320880881,0.034343036651685484,47.40225046619838,0.03788463243624879,47.6510949318326,35.06334505784401,True,
2020-04-08 23:28:27.850423296+00:00,2020-04-08,2020,205,gt2r,205_gt2r,PRE_BREACH,725,16.12292970821441,16.119890289522854,0.027404164386461816,0.019634114739300657,0.02910953851248715,16.07413372412423,16.16113058915552,0.08699686503128845,-0.0004972565689692,42.05608477444983,0.039747050568669826,47.62245333748111,35.10229932661733,True,
2020-04-08 23:28:28.459623424+00:00,2020-04-08,2020,205,gt1r,205_gt1r,PRE_BREACH,1004,16.11784030040147,16.11607760965971,0.02315376059378503,0.014605228988825658,0.021653712498832918,16.078370111752808,16.150044803469914,0.0716746917171065,0.0002148711857078837,37.59819438948028,0.05132735278662911,47.62862548837592,35.14621451305155,True,
2020-04-08 23:28:28.542823424+00:00,2020-04-08,2020,205,gt1l,205_gt1l,PRE_BREACH,245,16.141386978920146,16.144913400615046,0.06522976120099841,0.014564895083506002,0.021593913450805996,16.105004339963912,16.176095666562304,0.0710913265983919,0.002438502487939558,34.31161095152781,0.053577100873359894,47.62952203082132,35.14747466886899,True,
2020-04-12 23:20:12.258786048+00:00,2020-04-12,2020,265,gt2l,265_gt2l,PRE_BREACH,193,16.067733176782813,16.06924286769283,0.021097868106775546,0.011696656783048098,0.01734146334654711,16.03901531797077,16.10582020075309,0.06680488278232133,-0.00025867186921149204,33.78024813719779,0.021315789634459896,47.501880225689206,34.24288844670158,True,
2020-04-12 23:20:12.263785728+00:00,2020-04-12,2020,265,gt3l,265_gt3l,PRE_BREACH,139,16.06765172433223,16.067004855973483,0.01933815638045544,0.014309135232128511,0.02121472389515373,16.032249195342846,16.095168931867207,0.06291973652436056,0.0004892464626293097,31.796269663276732,0.026923076894420844,47.44683890666889,34.19224963293602,True,
2020-04-12 23:20:12.591485952+00:00,2020-04-12,2020,265,gt2r,265_gt2r,PRE_BREACH,677,16.044003859730754,16.042867544775206,0.02268091324045207,0.01357223735634605,0.020122199104518654,15.99869191405467,16.0758802455105,0.07718833145583126,-0.00012712727285339262,33.862438199242455,0.02447761150438394,47.50597268480665,34.24235192030142,True,
2020-04-12 23:20:12.607685888+00:00,2020-04-12,2020,265,gt3r,265_gt3r,PRE_BREACH,564,16.09810663003039,16.091814267954568,0.027610794926162734,0.01510703895435661,0.02239769595372911,16.034599995295647,16.12790184185807,0.09330184656242224,0.0012529865473359593,31.606706504445487,0.03693018848982705,47.448317136963446,34.19126024308987,True,
2020-04-12 23:20:12.737186048+00:00,2020-04-12,2020,265,gt1l,265_gt1l,PRE_BREACH,110,16.04356374462124,16.044287082762605,0.018261071465963667,0.012968653767927663,0.01922732607632955,16.016539778661766,16.076228055128784,0.05968827646701769,-0.0017756971125926402,16.15378249487163,0.06045454554259777,47.50705381787274,34.28654250915874,True,
2020-04-12 23:20:13.061785856+00:00,2020-04-12,2020,265,gt1r,265_gt1r,PRE_BREACH,449,16.066725310744637,16.06505692171173,0.020104923670571477,0.012819719824399556,0.01900651661165478,16.025864065710696,16.0950041240933,0.06914005838260451,-0.0009705984780077545,16.284375586254093,0.05454545470208607,47.506370455902854,34.28531306809413,True,
2020-04-16 23:12:04.098949632+00:00,2020-04-16,2020,325,gt1l,325_gt1l,PRE_BREACH,14,15.649580031612183,15.64446827155068,0.016104057759307264,0.008570690046942886,0.012706905063597522,15.618400987414743,15.66391280719151,0.04551181977676677,0.00259225163351152,3.198927900203198,0.11999999731779099,46.83410765224546,33.477563004666536,False,too_few_points
2020-04-16 23:12:04.307349760+00:00,2020-04-16,2020,325,gt2l,325_gt2l,PRE_BREACH,25,15.640518278668253,15.662340160949581,0.10237350050992056,0.012116167310125547,0.017963429653992134,15.614018149425808,15.700210391345259,0.0861922419194503,-0.02209674294456125,5.41115452531349,0.13047572118895395,46.81138815160611,33.431994680559086,True,
2020-04-16 23:12:04.426849792+00:00,2020-04-16,2020,325,gt1r,325_gt1r,PRE_BREACH,61,15.66265902210041,15.664503111786841,0.022931770319672824,0.015963987622335196,0.02366820804887416,15.630605376271212,15.703303715141939,0.07269833887072608,-0.007184887986811848,3.5798435059553446,0.10961596380736006,46.83255606846933,33.47624519079584,True,
2020-04-16 23:12:04.645249792+00:00,2020-04-16,2020,325,gt2r,325_gt2r,PRE_BREACH,75,15.694252969419434,15.691726543123059,0.01664776931496079,0.008933011893038412,0.013244083432618748,15.663805470662838,15.71606187455232,0.05225640388948172,-0.0026110826344972367,5.483639142680947,0.08214285716946636,46.812364336746136,33.431044284045775,True,
2020-04-16 23:12:04.755349760+00:00,2020-04-16,2020,325,gt3l,325_gt3l,PRE_BREACH,29,15.706244337185531,15.701841540885576,0.017526072189058363,0.009411921050283212,0.013954114149149889,15.674815664863518,15.719947036606927,0.04513137174340898,0.0016011844982981257,4.961419565403966,0.03665630699231707,46.78464278475266,33.3859434585092,True,
2020-04-16 23:12:05.104249600+00:00,2020-04-16,2020,325,gt3r,325_gt3r,PRE_BREACH,101,15.660777830512387,15.661588338145672,0.014162353313695348,0.007960700926915365,0.011802535194244719,15.643928644303536,15.6835669098142,0.03963826551066418,0.0018792024826483832,4.826552738372878,0.011357015035677664,46.78656422973088,33.385086652557035,True,
2020-05-01 10:07:37.151203072+00:00,2020-05-01,2020,545,gt3l,545_gt3l,PRE_BREACH,207,15.92663028569326,15.925296923576797,0.02869896149301053,0.021576483222560228,0.03198929402576779,15.879083752405798,15.96766591883722,0.08858216643142214,-0.002995466558847456,12.495972174345974,0.012002722598648301,47.546899343403005,34.79377652055877,True,
2020-05-01 10:07:37.507103232+00:00,2020-05-01,2020,545,gt3r,545_gt3r,PRE_BREACH,828,15.921943810721721,15.914397297883523,0.029949222758361142,0.02436849728020718,0.036128734067635164,15.864268467789184,15.956939320122762,0.09267085233357797,-0.0031798894326286508,12.40270284115188,0.011158536267807571,47.549504672069716,34.79461947893426,True,
2020-05-01 10:07:37.560203264+00:00,2020-05-01,2020,545,gt2l,545_gt2l,PRE_BREACH,38,15.950152752737013,15.957081957877094,0.026303208269018753,0.012568096032765652,0.018633459178178356,15.92562806710219,16.006765264458608,0.08113719735641745,0.009623177064843374,9.435902719310604,0.020310297657392527,47.54436473572204,34.751126458458764,True,
2020-05-01 10:07:37.726303232+00:00,2020-05-01,2020,545,gt1l,545_gt1l,PRE_BREACH,112,16.001598755108844,16.002531312553874,0.023575175686786343,0.011319179831764004,0.01678181601857331,15.979095474125502,16.02604217048341,0.04694669635790838,0.0012059764366860566,10.460539987806364,0.046511297995174256,47.544102400593026,34.70819825045994,True,
2020-05-01 10:07:37.859103232+00:00,2020-05-01,2020,545,gt2r,545_gt2r,PRE_BREACH,134,15.972171253510078,15.970413775527993,0.016790914412039486,0.010896607183232376,0.01615530980986032,15.947011472501881,15.994266327867944,0.047254855366063,0.0011483565521287749,9.772381780225436,0.0175906969163254,47.54205978397509,34.752725508183815,True,
2020-05-01 10:07:38.001203200+00:00,2020-05-01,2020,545,gt1r,545_gt1r,PRE_BREACH,406,15.936405665043008,15.936473839369171,0.017522942000367758,0.012121010536427335,0.017970610221307165,15.907431546841202,15.964382649440763,0.0569511025995606,0.0006731273933493472,10.853538643562548,0.032714050189761694,47.541720669797996,34.70979245415894,True,
2020-05-05 09:59:17.017759488+00:00,2020-05-05,2020,609,gt3l,609_gt3l,PRE_BREACH,3,15.938289910118726,15.949272549270717,0.01960162198195919,0.0006654640238608067,0.000986616961776032,15.937690992497252,15.968541953450575,0.03085096095332318,-0.0045817627721365635,0.4136828400827316,,47.331143233076794,34.04533806457149,False,too_few_points|track_too_short
2020-05-05 09:59:17.356759808+00:00,2020-05-05,2020,609,gt3r,609_gt3r,PRE_BREACH,25,15.924812713208766,15.914273538989637,0.041957415357455424,0.02367893358695028,0.03510638693601248,15.868666373826777,15.954589483259872,0.08592310943309478,-0.00018802062919075555,11.648175903452406,0.15116528160870074,47.35770368367378,34.042899140271366,True,
2020-05-11 21:56:16.124147456+00:00,2020-05-11,2020,705,gt2l,705_gt2l,PRE_BREACH,60,15.884284947801902,15.8863104498368,0.018636473964233208,0.011385134093060856,0.016879599806372023,15.859283567226305,15.91797653510549,0.05869296787918543,0.0013040742554017914,10.640631031740076,0.07833333344509204,47.56470646656109,34.57619862026388,True,
2020-05-11 21:56:16.262347520+00:00,2020-05-11,2020,705,gt3l,705_gt3l,PRE_BREACH,60,15.943609838228687,15.947473947784191,0.032539122079141745,0.015611087029760995,0.02314499763032365,15.910424334463361,15.987259269016485,0.07683493455312451,-0.004345666901674375,10.056261902749199,0.06600399933134517,47.56642557137866,34.533546723846285,True,
2020-05-11 21:56:16.379747328+00:00,2020-05-11,2020,705,gt1l,705_gt1l,PRE_BREACH,39,15.912208273383271,15.913045937660577,0.021020188343870483,0.012081189419607341,0.017911571433509844,15.878543001817246,15.953364916431788,0.07482191461454235,-0.0016364896783547405,6.497087286592913,0.10431652993727954,47.569107266339884,34.619770914441446,True,
2020-05-11 21:56:16.455247360+00:00,2020-05-11,2020,705,gt2r,705_gt2r,PRE_BREACH,195,15.954384653160382,15.95363593139939,0.020786064278270084,0.01372993225906427,0.020355997567288685,15.91889823821193,15.9890200167968,0.07012177858486979,-0.00013058362581099933,10.694561433343846,0.07210526394804842,47.56636981619817,34.57534811706331,True,
2020-05-11 21:56:16.606947328+00:00,2020-05-11,2020,705,gt3r,705_gt3r,PRE_BREACH,246,15.91093461125878,15.9120059507527,0.01863278993161824,0.012573772613333034,0.018641875276527557,15.883079211239718,15.940487778699058,0.05740856745934053,0.0005444339954337726,10.168840280366258,0.0649870788617953,47.565179055037326,34.53219002510831,True,
2020-05-11 21:56:16.705847552+00:00,2020-05-11,2020,705,gt1r,705_gt1r,PRE_BREACH,190,15.940136412399026,15.940731942644305,0.025784163791024158,0.01509607468035945,0.02238144032110092,15.893492170037069,15.975727526302814,0.08223535626574474,-0.0001356145367862954,7.72318364110875,0.08196671616542277,47.56426294649881,34.61799515033781,True,
2020-05-15 21:48:03.123491584+00:00,2020-05-15,2020,769,gt2l,769_gt2l,PRE_BREACH,192,15.974459819488896,15.974480872783532,0.02024826639692308,0.012983016309533468,0.01924861998051432,15.943192921740804,16.01244937520804,0.06925645346723464,-0.0017185441813512485,32.22115211697146,0.016176262083538076,47.03990843080688,33.72365331646574,True,
2020-05-15 21:48:03.280691712+00:00,2020-05-15,2020,769,gt1l,769_gt1l,PRE_BREACH,263,15.993415316634486,15.989321513090706,0.025649052947726403,0.01549768805812235,0.022976872314972193,15.939827218141048,16.03056408668837,0.09073686854732088,0.0006365577142928677,30.394064071694086,0.05338007906539133,47.08276066814774,33.77225484130595,True,
2020-05-15 21:48:03.462291456+00:00,2020-05-15,2020,769,gt2r,769_gt2r,PRE_BREACH,58,15.959624099616846,15.964823712743074,0.02970928398493847,0.01569938337804544,0.02327590579629017,15.928614222864542,16.030657927651436,0.10204370478689384,-0.0015945994497942716,32.26887545246666,0.030617205771031202,47.04937595871707,33.723879933770355,True,
2020-05-15 21:48:03.640891648+00:00,2020-05-15,2020,769,gt1r,769_gt1r,PRE_BREACH,62,15.950786905155107,15.947208994392742,0.018858503919037456,0.010553604785085824,0.015646774454368243,15.910558027505353,15.973571442109822,0.06301341460446963,0.0007461646499306559,30.27524923415689,0.062234168741525264,47.07346257593963,33.769758594578164,True,
2020-05-15 21:48:05.194391552+00:00,2020-05-15,2020,769,gt3l,769_gt3l,PRE_BREACH,318,15.942037368449279,15.94303146696184,0.01801945024028632,0.00985383673647533,0.014609298345498324,15.919768228528858,15.968142115085564,0.048373886556706935,-0.0020430819231860428,22.500812548637768,0.017538697857086297,46.99193247227403,33.67443856541222,True,
2020-05-15 21:48:05.553191680+00:00,2020-05-15,2020,769,gt3r,769_gt3r,PRE_BREACH,89,15.968774685411365,15.968265202860517,0.02074357767941127,0.014345913186193826,0.021269250889850964,15.935963374742439,16.000172988945895,0.06420961420345606,-0.0006805514428164989,22.67989416800092,0.035009827826999955,46.97323393309512,33.67071573974928,True,
2020-05-30 08:43:41.269518592+00:00,2020-05-30,2020,989,gt2l,989_gt2l,PRE_BREACH,80,15.990513489951011,15.990030611975431,0.04571774306801016,0.012368317958241448,0.01833726820488877,15.94805326345924,16.0140551699134,0.06600190645416149,0.002968562931902313,5.721226757632341,0.11762165892869234,47.466392619553744,35.02153606398883,True,
2020-05-30 08:43:41.478418688+00:00,2020-05-30,2020,989,gt1l,989_gt1l,PRE_BREACH,229,15.896274046121992,15.894643597266576,0.024630101261967952,0.0169248508986648,0.025092783942360433,15.85297884243828,15.93453122271925,0.08155238028097145,-0.00025616033326733215,12.015060931589867,0.124585809731067,47.4990892735556,34.974189831727415,True,
2020-05-30 08:43:41.634918400+00:00,2020-05-30,2020,989,gt2r,989_gt2r,PRE_BREACH,24,15.89717283064244,15.894013223844354,0.02533890484209271,0.018282027296640635,0.027104933669999404,15.85587578811329,15.933809024449932,0.07793323633664251,0.01743553075421243,3.1939563610094925,0.10000000149011612,47.46257143637371,35.02339216889454,True,
2020-05-30 08:43:41.855418624+00:00,2020-05-30,2020,989,gt1r,989_gt1r,PRE_BREACH,54,15.953324914357104,15.953576954239452,0.03262600351310067,0.013469605791740946,0.019970037546835125,15.914029195720355,15.985975832673294,0.0719466369529389,0.0029491884061122954,11.66655323252376,0.13773681398700266,47.49337873186326,34.97619802527303,True,
2020-06-03 08:35:20.196370176+00:00,2020-06-03,2020,1049,gt1l,1049_gt1l,PRE_BREACH,354,15.957987215856015,15.957237212317047,0.019465542521683872,0.013139172009545064,0.01948013642135151,15.927301643756694,15.988403605050111,0.06110196129341716,-0.0012695685652782142,14.21056101049878,0.040857142343052794,47.48782978670153,34.19688863903667,True,
2020-06-03 08:35:20.318569984+00:00,2020-06-03,2020,1049,gt3l,1049_gt3l,PRE_BREACH,534,15.96699125790854,15.965887771723642,0.021797196596571564,0.014384263181190349,0.02132610859243281,15.928910244677995,15.997436367093933,0.06852612241593725,-0.0017993101716661049,20.490834060522154,0.01203618072015181,47.51233072613398,34.27918611328471,True,
2020-06-03 08:35:20.362070016+00:00,2020-06-03,2020,1049,gt2l,1049_gt2l,PRE_BREACH,488,16.030914961073034,16.028342195796963,0.033995486289038354,0.015533055426953268,0.023029307976000914,15.970490512438925,16.065975969532737,0.09548545709381173,0.00039243253573519775,22.535571164460624,0.02466994290596541,47.53079251628079,34.233715657085405,True,
2020-06-03 08:35:20.602770176+00:00,2020-06-03,2020,1049,gt3r,1049_gt3r,PRE_BREACH,138,15.990459734300723,15.990093809338743,0.0203004382776999,0.014764224730562603,0.021889439585532112,15.95804578937905,16.024060042675416,0.06601425329636612,-0.0019056281480971696,20.852717007093595,0.013846153393387794,47.51204516420284,34.2804937442246,True,
2020-06-03 08:35:20.680370176+00:00,2020-06-03,2020,1049,gt1r,1049_gt1r,PRE_BREACH,92,16.022297761232444,16.0296628202903,0.07850846705444332,0.010799984696076237,0.016012057310402627,15.993632637108606,16.04884200128098,0.05520936417237543,0.0017922222814139685,13.173036481804978,0.07453613243178352,47.48969335593316,34.19788870720752,True,
2020-06-03 08:35:20.707270144+00:00,2020-06-03,2020,1049,gt2r,1049_gt2r,PRE_BREACH,166,15.945275880128008,15.946573125499159,0.0289974513900882,0.013586465090799749,0.020143293143619706,15.909873456076575,15.986316200368385,0.07644274429181053,0.0017786983104742646,22.719532692909983,0.06370099070392976,47.53117557195102,34.23493242603508,True,
2020-06-07 08:26:50.356719104+00:00,2020-06-07,2020,1109,gt2l,1109_gt2l,PRE_BREACH,110,16.07628784808026,16.076182812669963,0.015492191896259094,0.007509387224878594,0.011133417499605003,16.049848476512942,16.101005792199622,0.05115731568668025,-0.0020811868052303213,4.500053158728718,0.00727272711016915,46.8377214418086,33.55281149542675,True,
2020-06-07 08:26:50.425418752+00:00,2020-06-07,2020,1109,gt3l,1109_gt3l,PRE_BREACH,122,16.009683413967288,16.009027419086625,0.013978863395838707,0.008852871653534322,0.013125267513529985,15.988632365965557,16.030037724365634,0.041405358400076864,-0.000618990628897203,4.593676056893375,0.00874999980442226,46.845857502161245,33.594058093371395,True,
2020-06-07 08:26:50.480119040+00:00,2020-06-07,2020,1109,gt1l,1109_gt1l,PRE_BREACH,195,15.973709900554187,15.973107330961582,0.02264977989446001,0.012701325514029804,0.018830985207100588,15.937813928897505,16.004231870829773,0.06641794193226858,0.0011576535322832117,5.327101102607349,0.026685726425466055,46.84679693901271,33.5093732304474,True,
2020-06-07 08:26:50.703418880+00:00,2020-06-07,2020,1109,gt2r,1109_gt2r,PRE_BREACH,37,15.972507080649994,15.97785230105524,0.019807478083119202,0.007993392328138782,0.011851003465698557,15.950690470813113,16.014644750409936,0.06395427959682287,0.007600976052079205,4.3839586639702794,0.020078767946845776,46.83778218245711,33.55424050500403,True,
2020-06-07 08:26:50.766718976+00:00,2020-06-07,2020,1109,gt3r,1109_gt3r,PRE_BREACH,47,16.028357315347133,17.06410422381754,7.093277949394353,0.01440424129622997,0.02135572814579055,15.997178326068617,16.078631051293268,0.08145272522465064,0.3608404659652239,20.838633069226752,0.046813205731186,46.858368291691725,33.59370252577465,False,slope_too_steep
2020-06-07 08:26:50.816218880+00:00,2020-06-07,2020,1109,gt1r,1109_gt1r,PRE_BREACH,47,16.0236321422406,16.025647600012988,0.017104246465001787,0.011466703084195728,0.017000533992628585,16.001897466184587,16.055222350740767,0.05332488455617934,0.0010120982710590618,5.148972743668814,0.04487503660803146,46.84476170890433,33.51094581085333,True,
2020-06-09 20:32:16.507753728+00:00,2020-06-09,2020,1149,gt3l,1149_gt3l,PRE_BREACH,3081,15.939991032428875,15.945260479988507,0.028433226247063736,0.017930673493282256,0.026584016521140272,15.907828632959415,15.997986107437306,0.09015747447789124,0.0003303299099162533,11.767415926663183,0.015925324189343622,47.5258114175797,34.78728033813357,True,
2020-06-09 20:32:16.524753664+00:00,2020-06-09,2020,1149,gt2l,1149_gt2l,PRE_BREACH,2903,15.990217699485878,15.992033881571432,0.015514291953671917,0.007961398755025328,0.01180356979420055,15.971117211914144,16.01836585170253,0.04724863978838556,0.0012915829913381683,12.532124609809362,0.006379310202238889,47.51648112334762,34.828937851036464,True,
2020-06-09 20:32:16.710553600+00:00,2020-06-09,2020,1149,gt1l,1149_gt1l,PRE_BREACH,2650,15.914555557992784,15.91490863679188,0.03355708912879055,0.01993244776536507,0.029551847056930248,15.860685129552895,15.969353476782294,0.10866834722939878,0.0005524162546375222,12.59033164346765,0.00998113170477017,47.504071967965565,34.87011075172794,True,
2020-06-09 20:32:16.852553728+00:00,2020-06-09,2020,1149,gt3r,1149_gt3r,PRE_BREACH,743,16.0116555504604,16.01125621016713,0.027340270428154397,0.015394029263593012,0.022823187786202997,15.962389656072622,16.05655545421356,0.09416579814093673,-0.0022007943141641386,11.698160454312125,0.0118243240348592,47.525652281457695,34.786109380608714,True,
2020-06-09 20:32:16.865853440+00:00,2020-06-09,2020,1149,gt2r,1149_gt2r,PRE_BREACH,722,15.928357402869375,15.929616113305618,0.019308485806404565,0.01088381278082906,0.016136340828857166,15.902301544670598,15.964803507279145,0.06250196260854679,0.0006477672608207562,12.519974918703245,0.017986110515064664,47.51678551035248,34.82782048815566,True,
2020-06-09 20:32:17.056153600+00:00,2020-06-09,2020,1149,gt1r,1149_gt1r,PRE_BREACH,703,15.949029564050832,15.949228845828587,0.022866784790028294,0.01363928488279953,0.020221603767238583,15.911934314199613,15.984366566947543,0.07243225274793019,0.0019888180149129956,12.561601659219107,0.0089999997589205,47.50171561824275,34.86861737446583,True,
2020-06-28 07:19:43.279321600+00:00,2020-06-28,2020,45,gt1l,45_gt1l,PRE_BREACH,1948,16.07368783476575,16.06213413920347,0.0546974302256578,0.040251391001230985,0.059676712298425055,15.96203433450714,16.131779714810467,0.1697453803033273,0.021628901748883055,6.07489656937614,0.01089115082181118,47.54664301535312,35.32400553003845,True,
2020-06-28 07:19:43.643621632+00:00,2020-06-28,2020,45,gt1r,45_gt1r,PRE_BREACH,464,16.093821621088154,16.098334385777285,0.03949443519091326,0.020169850139128087,0.0299038198162713,16.044260212404975,16.171766576777706,0.12750636437273144,0.01153961036524317,5.825787013163704,0.012608695309609175,47.546406507388916,35.32514470479608,True,
2020-07-02 07:11:22.906571008+00:00,2020-07-02,2020,105,gt2l,105_gt2l,PRE_BREACH,379,16.08835807003128,16.085163998791185,0.022898377808045114,0.0120853946683539,0.01791780613530149,16.029749681589205,16.115435494824887,0.08568581323568125,0.0013133881540319677,10.659045565346831,0.011514684386885575,47.56686485034253,34.585335842476,True,
2020-07-02 07:11:23.063170816+00:00,2020-07-02,2020,105,gt1l,105_gt1l,PRE_BREACH,392,16.052577104752466,16.051457514085378,0.015802376958869966,0.010509872954136412,0.015581937641802645,16.024121792682177,16.075789412964028,0.0516676202818509,-0.0014023681723253122,9.060178839690469,0.01012820485406197,47.57255211509364,34.54159485370816,True,
2020-07-02 07:11:23.163370752+00:00,2020-07-02,2020,105,gt3l,105_gt3l,PRE_BREACH,253,16.050574110436152,16.05284708608492,0.02804641541707895,0.014133977431072253,0.020955034939307723,16.021114118403062,16.08084542275828,0.059731304355217674,6.083688931856352e-05,6.351050464840694,0.05420444496866479,47.572157118719154,34.62758239593868,True,
2020-07-02 07:11:23.261570816+00:00,2020-07-02,2020,105,gt2r,105_gt2r,PRE_BREACH,113,16.096300189289956,16.097112122141816,0.016056448455837015,0.008805242554803527,0.013054652611751708,16.073242465213607,16.12178848399149,0.048546018777884115,0.0003264780234792487,10.52936610025922,0.009999999776482582,47.56975806063702,34.5861847951716,True,
2020-07-02 07:11:23.404270848+00:00,2020-07-02,2020,105,gt1r,105_gt1r,PRE_BREACH,100,16.105072340197765,16.103469105960407,0.015824358004030703,0.011575249993935444,0.017161465641008688,16.077788468183023,16.129245268514584,0.05145680033156097,-0.0014454905085048817,9.021397744906055,0.004999999888241291,47.57273505335953,34.542740802284854,True,
2020-07-02 07:11:23.503870976+00:00,2020-07-02,2020,105,gt3r,105_gt3r,PRE_BREACH,67,16.134301605147915,16.134627280545693,0.01566969642290549,0.01005999702921656,0.014914951595516472,16.108519562102277,16.158683249117722,0.050163687015444935,-0.0007471085896419537,6.252460714738297,0.06635879950403277,47.57195727532001,34.62884700999547,True,
2020-07-06 07:02:54.070519552+00:00,2020-07-06,2020,165,gt1l,165_gt1l,PRE_BREACH,276,16.04422048392192,16.043811668330324,0.02149048721606298,0.01265855955463202,0.018767580395697432,16.007329636567263,16.07800030216916,0.07067066560189517,0.0020109791655161225,13.400022839867201,0.04865899065212495,47.135051863942216,33.82520034577723,True,
2020-07-06 07:02:54.420019712+00:00,2020-07-06,2020,165,gt1r,165_gt1r,PRE_BREACH,80,16.06526151023411,16.0679079120278,0.01845909871084205,0.012229682523035024,0.018131727308651726,16.041811438038415,16.09292831120481,0.05111687316639291,0.00034212181528518683,13.36168660575165,0.10112406454886062,47.13598386779804,33.826205055086234,True,
2020-07-06 07:02:55.040519424+00:00,2020-07-06,2020,165,gt2l,165_gt2l,PRE_BREACH,121,16.055655588046886,16.056107297202917,0.020410072681767786,0.01375649566058712,0.020395380466386462,16.025275973517555,16.09196136592953,0.06668539241197635,0.0020866706297670784,7.720049751777145,0.06456687007793936,47.173685879923376,33.862405058556,True,
2020-07-06 07:02:55.329919488+00:00,2020-07-06,2020,165,gt3l,165_gt3l,PRE_BREACH,172,16.047122020472255,16.048207576677886,0.025092825612233794,0.018210823594795755,0.026999367061644186,16.008523575667056,16.08851079188751,0.07998721622045579,0.00352032691991706,9.40875352287787,0.07765114888938707,47.201084772691864,33.90122264336581,True,
2020-07-06 07:02:55.490919680+00:00,2020-07-06,2020,165,gt2r,165_gt2r,PRE_BREACH,40,16.059830684430615,16.06070458554998,0.017497988058954073,0.012280170709308535,0.018206581093620833,16.038039796345135,16.09240618044094,0.054366384095803966,0.0008315354427208583,6.86925349239143,0.07250000070780516,47.17779273351813,33.8629806982302,True,
2020-07-06 07:02:55.683919360+00:00,2020-07-06,2020,165,gt3r,165_gt3r,PRE_BREACH,54,16.094443853905076,16.096553507690533,0.02047278627615087,0.013759191097532764,0.020399376721202074,16.061675707824087,16.12690359650285,0.06522788867876272,0.0024419316659222458,9.287770895500568,0.0891448598768976,47.20363832694862,33.90199538835695,True,
2020-07-08 19:08:12.416352256+00:00,2020-07-08,2020,205,gt1l,205_gt1l,PRE_BREACH,800,16.028750687920088,16.162523588918347,2.129802812308517,0.031096596972476576,0.04610381467139377,15.958744953380792,16.239359655644957,0.28061470226416496,0.012977236829123813,51.22710187509293,0.060960282579834796,47.6243806452231,35.049505220338375,True,
2020-07-08 19:08:12.759652096+00:00,2020-07-08,2020,205,gt1r,205_gt1r,PRE_BREACH,223,16.052314087406835,16.08349696221709,0.09373958664036476,0.054928208687073266,0.08143656219945482,15.962277563364841,16.24691746560819,0.284639902243347,0.004544526418550286,51.10534477151227,0.056553983796052455,47.662651710679526,35.05383794844375,True,
2020-07-08 19:08:17.117452288+00:00,2020-07-08,2020,205,gt2l,205_gt2l,PRE_BREACH,365,15.98916210407808,15.980915792642923,0.03806429303690912,0.023503506542564168,0.034846298800005636,15.912950252783851,16.029785958511297,0.11683570572744628,0.0013839579792498718,20.33210110910433,0.08638888576792346,47.51687897744653,34.991180132997854,True,
2020-07-08 19:08:17.366052352+00:00,2020-07-08,2020,205,gt3l,205_gt3l,PRE_BREACH,378,15.979428558195126,15.974683504753319,0.03577579598701132,0.022137103763943955,0.03282047004042331,15.911071691570507,16.02635977584249,0.11528808427198278,0.0007814257308715104,18.52229676748443,0.1201335880954666,47.49405551578179,34.94500120366996,True,
2020-07-08 19:08:17.464152320+00:00,2020-07-08,2020,205,gt2r,205_gt2r,PRE_BREACH,108,16.018052012535176,16.018135673828414,0.03103093451770004,0.024170234131018375,0.03583478912264784,15.974991475419152,16.065199958509076,0.09020848308992413,0.001144459066375748,20.26303500551258,0.08413517878701289,47.51673420226467,34.98992825838906,True,
2020-07-08 19:08:17.710352384+00:00,2020-07-08,2020,205,gt3r,205_gt3r,PRE_BREACH,93,16.029159917095498,16.027480554752326,0.033795659916774155,0.02604754320677216,0.0386180875583604,15.976042595136803,16.086154871734262,0.1101122765974587,0.002652097673178977,18.374936213351386,0.10333332905752791,47.49654648488592,34.94413831980283,True,
2020-07-16 18:51:53.046751232+00:00,2020-07-16,2020,325,gt1l,325_gt1l,PRE_BREACH,47,15.953792171226048,15.964540364433212,0.05670631232385448,0.00966011435824754,0.014322085547537802,15.932636855529415,15.975524080073761,0.042887224544346125,-0.00984697618189519,6.5708971480915705,0.036001072060771105,46.80730258332195,33.40896802464306,True,
2020-07-16 18:51:53.408351488+00:00,2020-07-16,2020,325,gt1r,325_gt1r,PRE_BREACH,7,15.93828847585003,15.943920866686685,0.011178482607690592,0.003904805488790686,0.00578926461768107,15.934679930736245,15.960550907640712,0.025870976904467824,0.005059595848878358,3.452430795873046,0.08124246448278427,46.81502614546777,33.408906457733885,False,too_few_points
2020-07-16 18:51:53.673551360+00:00,2020-07-16,2020,325,gt2l,325_gt2l,PRE_BREACH,14,15.933450381623707,15.941426744655416,0.04509382301635276,0.010388649161980013,0.015402211247551565,15.912878525005487,15.996201502448715,0.08332297744322759,-0.10832909325681837,0.6357081079350336,0.049287920987064186,46.78795276643961,33.36389606628482,False,too_few_points|track_too_short
2020-07-31 05:47:24.913567744+00:00,2020-07-31,2020,545,gt2l,545_gt2l,PRE_BREACH,3,15.99803169948035,15.970099165846351,0.05244738167867723,0.0046367560465689905,0.006874454514643185,15.918440778226646,16.002204779922263,0.08376400169561649,-0.5931910356486687,0.14564788041650048,0.8264586925506592,47.42035255661054,34.86591312872398,False,too_few_points|track_too_short|stdev_too_large
2020-08-04 05:39:02.873414912+00:00,2020-08-04,2020,609,gt3l,609_gt3l,PRE_BREACH,1332,15.968364731715413,15.96732213147043,0.024383161917503934,0.016629478251962482,0.024654864456359574,15.926582715204415,16.005525626978734,0.07894291177431967,0.000549364303312396,26.47902036387335,0.027706767110280077,47.45573592955076,34.125043574521754,True,
2020-08-04 05:39:02.894914816+00:00,2020-08-04,2020,609,gt1l,609_gt1l,PRE_BREACH,782,15.990964520412247,15.991343188710896,0.01983387250789292,0.011749081881129442,0.01741918879696251,15.95978992298497,16.023431352504737,0.06364142951976781,-0.0004338176760330337,27.16860691383194,0.024285714166214716,47.49019275673528,34.03436269613648,True,
2020-08-04 05:39:02.896414976+00:00,2020-08-04,2020,609,gt2l,609_gt2l,PRE_BREACH,990,15.994874811131368,15.98664882774205,0.031115028217034178,0.02288684105189631,0.03393203054354147,15.935076284156894,16.030775790094328,0.09569950593743393,-0.0020366765091267506,27.11346376851476,0.023049732696608448,47.52612800418428,34.07217318371063,True,
2020-08-04 05:39:03.205314816+00:00,2020-08-04,2020,609,gt3r,609_gt3r,PRE_BREACH,359,16.032884002542353,16.030807341182467,0.020546842505540185,0.014174269816606966,0.021014772430101487,15.994828797554028,16.05976107316449,0.06493227561046311,0.0005361280621898203,26.532864751163746,0.03167449056662703,47.44916693938149,34.127137140086816,True,
2020-08-04 05:39:03.239314688+00:00,2020-08-04,2020,609,gt2r,609_gt2r,PRE_BREACH,302,15.98498139288748,15.985763029364877,0.025606159531198273,0.02014994385795532,0.029874306763804558,15.951202052011846,16.022644376080535,0.07144232406868944,-0.0019038899956575993,27.12607600409752,0.02768158042182525,47.52449482627673,34.073599089463265,True,
2020-08-04 05:39:03.244414720+00:00,2020-08-04,2020,609,gt1r,609_gt1r,PRE_BREACH,199,16.02166882534762,16.022544261061977,0.016097209668805627,0.01077666179459058,0.015977478776659993,15.998534354051285,16.049231282708853,0.05069692865756714,-0.00039215305083788784,27.107034438264883,0.024628989477321585,47.48785371615662,34.035833499739525,True,
2020-08-06 17:44:19.747545856+00:00,2020-08-06,2020,645,gt3l,645_gt3l,PRE_BREACH,753,15.959499678496119,15.9585682505289,0.02670886590503188,0.01925221323901738,0.028543331348167167,15.915573182382227,16.000575653631714,0.08500247124948679,-0.0034015536324663647,20.681002174614584,0.016866666165490946,47.544274309316926,35.244221725278464,True,
2020-08-06 17:44:20.071845888+00:00,2020-08-06,2020,645,gt3r,645_gt3r,PRE_BREACH,187,16.01160837212668,16.007132042105077,0.053117406860387115,0.025813732243907594,0.0382714394248174,15.948490004112331,16.047472039392428,0.09898203528009653,-0.0047829851926574985,20.909280705493494,0.047596343409489185,47.54426876725481,35.24303524514938,True,
2020-08-06 17:44:20.542845952+00:00,2020-08-06,2020,645,gt2l,645_gt2l,PRE_BREACH,455,16.003346394002897,16.00251208710323,0.018591946289782876,0.012848735294777924,0.01904953494803775,15.969926510087417,16.03382076627093,0.06389425618351474,-0.0007116687864158312,14.423939931215326,0.011888888540367286,47.51147723438289,35.282496154238906,True,
2020-08-06 17:44:20.862045952+00:00,2020-08-06,2020,645,gt2r,645_gt2r,PRE_BREACH,169,15.978997220749068,15.97955488542756,0.025553080142859935,0.015234618236231512,0.022586844997036837,15.936634631577718,16.01831257785535,0.08167794627763314,-0.0011807499935962056,15.450316420355168,0.014062499685678631,47.50379556174139,35.28020887481095,True,
2020-08-06 17:44:21.120645888+00:00,2020-08-06,2020,645,gt1l,645_gt1l,PRE_BREACH,166,15.98847907002492,15.991001164539698,0.016355269916824827,0.008689647607839746,0.012883271543383206,15.970248415568438,16.019209755499617,0.04896133993117857,-0.0019122112894465397,3.6881400821841797,0.012606230844934303,47.53181834828121,35.32828262209193,True,
2020-08-06 17:44:21.408345856+00:00,2020-08-06,2020,645,gt1r,645_gt1r,PRE_BREACH,46,16.02761343208173,16.027567012130152,0.020208477919073136,0.009053699772822554,0.013423015283186719,16.01242331455315,16.051211493120125,0.03878817856697481,0.0034202005578590996,4.192190291438538,0.021506385472805603,47.533939180325525,35.327439503314,True,
2020-08-08 05:30:33.712160+00:00,2020-08-08,2020,669,gt2l,669_gt2l,PRE_BREACH,93,16.07134667672976,16.156746352111465,0.4250409673089509,0.012024624764130465,0.017827708675299828,15.99858942416502,16.29165407776244,0.29306465359742084,-0.054026418203492785,5.228856223196934,0.054529905594377356,46.78980073031663,33.397212465844014,False,slope_too_steep
2020-08-08 05:30:34.065559808+00:00,2020-08-08,2020,669,gt2r,669_gt2r,PRE_BREACH,31,16.068708947254784,16.228046951795633,0.8732404227180008,0.016548610418027465,0.02453496980576752,16.039240262101284,16.12010790469921,0.08086764259792645,-0.10453831490315828,5.234795367837832,0.11326305071512859,46.79030826203535,33.39835261484276,False,slope_too_steep
2020-08-08 05:30:34.093060096+00:00,2020-08-08,2020,669,gt3l,669_gt3l,PRE_BREACH,89,16.029927860985183,16.030344684229107,0.020217046444940275,0.012329778771881905,0.01828013000719211,15.998220248809762,16.069263208197242,0.07104295938747995,0.003041041901230809,4.6762351914031015,0.08113847287853113,46.81824437154549,33.43560413250737,True,
2020-08-08 05:30:34.447359744+00:00,2020-08-08,2020,669,gt3r,669_gt3r,PRE_BREACH,24,16.09801342164164,16.102954633473978,0.019672627998897112,0.011311598536099865,0.01677057598962166,16.073214098052745,16.13434630458445,0.061132206531706146,0.004878320115980607,4.540826510369679,0.07499999925494194,46.81839066548656,33.436756656772175,True,
2020-08-10 17:36:01.109092096+00:00,2020-08-10,2020,705,gt1l,705_gt1l,PRE_BREACH,2845,15.959648936021047,15.96249344952347,0.037747859810183096,0.031208499289864022,0.0462697210471524,15.905961400772526,16.024259879657656,0.11829847888513001,0.006453215269501378,11.800246103858813,0.00933098569381195,47.57141992853266,34.522798946156115,True,
2020-08-10 17:36:01.121591808+00:00,2020-08-10,2020,705,gt2l,705_gt2l,PRE_BREACH,2314,15.952753891577881,15.956064369585265,0.030900811507384194,0.023847991771079435,0.03535703259980237,15.90885279207777,16.006410157263403,0.09755736518563296,-0.0049176676229544525,13.215548878977957,0.016320345786226775,47.56719837818124,34.47931527582549,True,
2020-08-10 17:36:01.259791872+00:00,2020-08-10,2020,705,gt3l,705_gt3l,PRE_BREACH,1033,15.94226692316484,15.938521182579551,0.02429745079107892,0.013051814625864466,0.019350620364306657,15.893085670430997,15.968781331587806,0.07569566115680892,-0.0011854356948488446,12.485882527827396,0.011682439043699599,47.5361856049218,34.43198591733309,True,
2020-08-10 17:36:01.435591936+00:00,2020-08-10,2020,705,gt1r,705_gt1r,PRE_BREACH,774,16.039963654211896,16.037625857882237,0.055096143463152905,0.05514449173911018,0.08175722345240474,15.960519848578164,16.120304572450042,0.15978472387187814,0.011645207814020115,11.920850891291604,0.013311687844817514,47.5743800312613,34.52204735559841,True,
2020-08-10 17:36:01.474691840+00:00,2020-08-10,2020,705,gt2r,705_gt2r,PRE_BREACH,583,15.957366090176723,15.96422208748636,0.028751847594732954,0.020769729934283276,0.030793201600568382,15.923155653390003,16.011040937792988,0.08788528440298471,-0.005710574805971211,13.094966780710008,0.017586206214438224,47.56511051944546,34.47775916993592,True,
2020-08-10 17:36:01.591991808+00:00,2020-08-10,2020,705,gt3r,705_gt3r,PRE_BREACH,239,16.03251562566699,16.031702746064163,0.014793921475287406,0.010189205176828864,0.015106515595166473,16.004617165715132,16.052281099436865,0.04766393372173283,0.0006526221314124437,12.569016996943098,0.012176169807317366,47.53264615746029,34.430268943464206,True,
2020-08-14 17:27:50.466936064+00:00,2020-08-14,2020,769,gt1l,769_gt1l,PRE_BREACH,487,16.00832943424677,16.0074099042845,0.023879035861779096,0.01646597954703921,0.024412461276440332,15.96829971174482,16.042121152450825,0.0738214407060056,0.0002758521229142304,24.317286435544798,0.05353531145601852,46.962632480257,33.65781590543052,True,
2020-08-14 17:27:50.814836224+00:00,2020-08-14,2020,769,gt1r,769_gt1r,PRE_BREACH,117,16.018054696939714,16.017956607310097,0.026383234961829413,0.010542309755102508,0.015630028442914976,15.984542730445153,16.050101437112012,0.06555870666685948,-0.0006573955778299913,24.27929016598955,0.06504281902493074,46.96297675868469,33.656634960355234,True,
2020-08-14 17:27:51.056636416+00:00,2020-08-14,2020,769,gt3l,769_gt3l,PRE_BREACH,238,16.014391558713594,16.005554559273634,0.03034258619789673,0.016791198479106484,0.024894630865123273,15.947170051641475,16.044122863286486,0.09695281164501068,-0.0017615555581057159,23.022940132707344,0.03535404560947996,46.91576380614656,33.56638051787633,True,
2020-08-14 17:27:51.379836416+00:00,2020-08-14,2020,769,gt3r,769_gt3r,PRE_BREACH,57,16.03786965324328,16.036870841746282,0.025952817424648934,0.01625857112945539,0.02410495755653056,15.993778948368858,16.076076980422847,0.08229803205398944,-0.0006747057429371072,23.08357403927952,0.02099999934434891,46.915204107400065,33.56513811065813,True,
2020-08-14 17:27:51.429236224+00:00,2020-08-14,2020,769,gt2l,769_gt2l,PRE_BREACH,284,16.010944318417852,16.010909379459278,0.01746434001973941,0.012668091914813218,0.018781713072902075,15.983931816899126,16.03769741838822,0.053765601489093484,0.0003074721433971012,19.281987505353076,0.08794776872334514,46.90818298020723,33.607733225140066,True,
2020-08-14 17:27:51.742836224+00:00,2020-08-14,2020,769,gt2r,769_gt2r,PRE_BREACH,88,16.001640062746063,15.999507863772642,0.0184521816470019,0.012620447945129953,0.018711076123449667,15.973051159435947,16.02769466195363,0.05464350251768124,0.0004433422376312955,19.445248365880325,0.07999999995809048,46.911328159929504,33.6069973801798,True,
2020-08-29 04:23:27.349124352+00:00,2020-08-29,2020,989,gt3l,989_gt3l,PRE_BREACH,4982,15.909821551185834,15.934672297344934,1.1353481985508325,0.017893069614661528,0.026528265010697178,15.862913619471337,15.966304688703643,0.10339106923230545,0.0044610726933680435,43.43866445756657,0.007531319513790815,47.58042599197607,35.145770655038014,True,
2020-08-29 04:23:27.493524480+00:00,2020-08-29,2020,989,gt2l,989_gt2l,PRE_BREACH,3658,15.929306551554747,15.927393923161087,0.031109080939864208,0.023848090747396355,0.03535717934208984,15.876294538654767,15.972054508053546,0.09575996939877918,-0.001579757715744756,46.17211522430502,0.012875808897485045,47.567991307683634,35.10459966465517,True,
2020-08-29 04:23:27.558624512+00:00,2020-08-29,2020,989,gt1l,989_gt1l,PRE_BREACH,2781,15.916719117299383,15.906349058009646,0.03723243201237403,0.025429255334454837,0.037701413958862735,15.847074234304,15.957727391605289,0.11065315730128944,-0.0005746029676569526,19.282672254034107,0.0119784168845458,47.551899550462196,35.06396349406186,True,
2020-08-29 04:23:27.692424448+00:00,2020-08-29,2020,989,gt3r,989_gt3r,PRE_BREACH,1258,15.96252191771867,16.01070891348358,1.591212382644475,0.01862063697330818,0.027606956376626707,15.91990288400576,16.017152644387917,0.09724976038215694,0.01064831539913509,43.36620711965581,0.012520933337509633,47.58227350595332,35.146659227528794,True,
2020-08-29 04:23:27.832024576+00:00,2020-08-29,2020,989,gt2r,989_gt2r,PRE_BREACH,983,15.916638893012419,15.911394819875746,0.03681397201386905,0.021713730486297322,0.03219277681898441,15.850524384845565,15.96136429017404,0.11083990532847388,2.3648572623631304e-06,46.19774585210346,0.016615304184982378,47.56420408543585,35.1063094651796,True,
2020-08-29 04:23:27.901724672+00:00,2020-08-29,2020,989,gt1r,989_gt1r,PRE_BREACH,709,15.942888720867735,15.942886498514543,0.04070026027602219,0.02338707509424509,0.03467367753472777,15.895606016989364,16.00534834380869,0.10974232681932783,0.0003780240806248956,19.324370475583013,0.014317572422895485,47.55363944727269,35.064857068442485,True,
2020-09-02 04:15:06.871969280+00:00,2020-09-02,2020,1049,gt1l,1049_gt1l,PRE_BREACH,722,15.907977866605409,15.902074720958213,0.030381867688331125,0.021192214989165237,0.03141957794293638,15.847420199806082,15.941075517578007,0.09365531777192437,-0.003968641737676421,20.554749488192645,0.017676055719944794,47.51635095870526,34.29033777358119,True,
2020-09-02 04:15:07.143669248+00:00,2020-09-02,2020,1049,gt2l,1049_gt2l,PRE_BREACH,438,15.916805358957799,15.914149936268558,0.028477366348420997,0.015929612981265606,0.023617244206024388,15.85216528249663,15.953518089973157,0.10135280747652686,0.0005811298470385975,13.864987433839106,0.011603475718431549,47.505179122411846,34.334752777976746,True,
2020-09-02 04:15:07.212569088+00:00,2020-09-02,2020,1049,gt1r,1049_gt1r,PRE_BREACH,182,15.932743126066118,15.931523278755561,0.023066383538541933,0.01799228961683852,0.026675368585924786,15.895644948939191,15.963626974038673,0.06798202509948226,-0.0024282999218416448,20.59388765794257,0.021017650256776276,47.51544467189607,34.291611539982746,True,
2020-09-02 04:15:07.788169216+00:00,2020-09-02,2020,1049,gt2r,1049_gt2r,PRE_BREACH,106,15.94699341972768,15.948415870839229,0.016254822503582463,0.011609332653581106,0.017211996592199345,15.923782024938454,15.975949792958147,0.05216776801969303,-0.001894500082392794,11.763062323093974,0.00933636456095385,47.52244703495664,34.3335367739511,True,
2020-09-02 04:15:07.825369088+00:00,2020-09-02,2020,1049,gt3l,1049_gt3l,PRE_BREACH,287,15.897184541874914,15.895054428290887,0.027489953622079497,0.01776139087958839,0.026333038118077745,15.849876616606792,15.934164050850223,0.08428743424343033,0.003098597205105693,6.756258403867953,0.03197800275262848,47.52315100752983,34.375115062626556,True,
2020-09-02 04:15:08.210269184+00:00,2020-09-02,2020,1049,gt3r,1049_gt3r,PRE_BREACH,53,15.952167903875434,15.954422540085492,0.031179650367984448,0.015954578723455626,0.02365425841539531,15.91738504256997,15.996538537820381,0.07915349525041115,-0.005430721474505867,6.19245451466413,0.060830396467021534,47.52532760830752,34.37600235686203,True,
2020-09-08 16:12:04.588543488+00:00,2020-09-08,2020,1149,gt3l,1149_gt3l,PRE_BREACH,61,15.848289073978691,15.852294295255193,0.03273101003001347,0.023346654618528362,0.03461375013743015,15.79124721642198,15.896910237584606,0.10566302116262705,-0.0015394192217502007,10.771397974642676,0.06311589769892774,47.55680549534937,34.694374899773514,True,
2020-09-08 16:12:04.705043456+00:00,2020-09-08,2020,1149,gt1l,1149_gt1l,PRE_BREACH,130,15.852795014714506,15.849789424673721,0.023898369522618187,0.015316420532695219,0.02270812508177393,15.806134053606478,15.883381419192087,0.07724736558560963,0.002072427688901344,10.948222773855255,0.0647688002540515,47.54408312502164,34.778502881108494,True,
2020-09-08 16:12:04.937143552+00:00,2020-09-08,2020,1149,gt3r,1149_gt3r,PRE_BREACH,12,15.914342423926806,15.912020136422191,0.021189786234371205,0.010081930699127994,0.014947470454527163,15.878711893018705,15.93624372344137,0.057531830422664854,-0.0025957720251920816,10.631541138676006,0.004999999888241291,47.56178728995948,34.693851262482184,False,too_few_points
2020-09-08 16:12:05.047343616+00:00,2020-09-08,2020,1149,gt1r,1149_gt1r,PRE_BREACH,30,15.857560538695344,15.852193247404621,0.022867035833186104,0.019047860988157694,0.028240358701042596,15.822655432047103,15.88707956978498,0.06442413773787692,0.0025587837499216567,10.145818538360627,0.06999999843537807,47.54589289687566,34.77759215678789,True,
2020-09-08 16:12:05.296243456+00:00,2020-09-08,2020,1149,gt2l,1149_gt2l,PRE_BREACH,11,15.83109547349914,15.87124298496821,0.11838822145460078,0.013045199953069186,0.019340813450420376,15.804574004090751,16.051651056389368,0.2470770522986161,-0.013980540990592231,5.5574123815012575,0.4040705507451838,47.5153747446817,34.73149371818227,False,too_few_points
2020-09-12 16:03:45.264591360+00:00,2020-09-12,2020,1209,gt1l,1209_gt1l,PRE_BREACH,1991,15.902112746474515,15.898795231874065,0.023493829967004123,0.011516078043591449,0.017073737307428682,15.854069738711056,15.92754219337663,0.0734724546655734,-0.0008663392512254747,41.10018967524348,0.013436022013440902,47.41926822896835,33.982281254112166,True,
2020-09-12 16:03:45.586591488+00:00,2020-09-12,2020,1209,gt1r,1209_gt1r,PRE_BREACH,465,15.888747217081026,15.88528136041947,0.027939226167590907,0.011618401083957508,0.017225441447075402,15.82866817847495,15.91460665025733,0.08593847178237901,-0.0006741388499261885,41.35519274851199,0.017438760059473323,47.42778354822788,33.98224276492663,True,
2020-09-12 16:03:45.681291520+00:00,2020-09-12,2020,1209,gt2l,1209_gt2l,PRE_BREACH,1022,15.903018589399824,15.896096280459034,0.028969276078611148,0.014218468743610657,0.021080301759277158,15.8325678310336,15.930342380751142,0.09777454971754196,-0.000879100399471077,42.8971814155966,0.011982511157571039,47.411913384261624,33.93834809619419,True,
2020-09-12 16:03:46.008391680+00:00,2020-09-12,2020,1209,gt2r,1209_gt2r,PRE_BREACH,308,15.879940032124148,15.878090502341896,0.023192619016848156,0.01310838995709851,0.01943449895039425,15.833137042658155,15.909990256497736,0.07685321383958055,-0.0007973231170787971,43.053027604901835,0.016913618953302016,47.41070388380534,33.93698890496813,True,
2020-09-12 16:03:50.221191680+00:00,2020-09-12,2020,1209,gt3l,1209_gt3l,PRE_BREACH,270,15.932912335516042,15.930410879505747,0.02288702125561523,0.013611165504501699,0.020179913976974218,15.891438080994394,15.962168423529805,0.07073034253541088,0.0016878169803580738,20.635305590733022,0.03707770869499983,47.174366647238486,33.862036446113656,True,
2020-09-12 16:03:50.566991616+00:00,2020-09-12,2020,1209,gt3r,1209_gt3r,PRE_BREACH,70,15.921253624522953,15.92125205896219,0.018595635325444716,0.011586849166448587,0.017178662574176676,15.891854958383396,15.950056782604754,0.05820182422135822,0.0007353638265056501,20.614580219778407,0.0420251695834326,47.1692019416838,33.860149386639804,True,
2020-09-27 02:59:31.174600192+00:00,2020-09-27,2020,45,gt1l,45_gt1l,PRE_BREACH,29,15.64140702464444,15.653919058504123,0.04140853545811226,0.02157089181162064,0.03198100419990876,15.578469074276931,15.716235652778712,0.13776657850178076,-0.0036138172911379406,22.22139500495875,0.10749591784230594,47.535441964439144,35.26067418773722,True,
2020-09-27 02:59:31.519200+00:00,2020-09-27,2020,45,gt1r,45_gt1r,PRE_BREACH,3,15.756969877284039,15.746571274810032,0.026453035300676473,0.009275071112270439,0.013751220431052152,15.720546086603179,15.765317441285083,0.044771354681904185,-0.2457203816748431,0.20396692459430815,,47.45813884506563,35.27287780429324,False,too_few_points|track_too_short
2020-09-27 02:59:32.946300160+00:00,2020-09-27,2020,45,gt2l,45_gt2l,PRE_BREACH,6,15.711595407190273,15.708786937412567,0.01421273927083418,0.010289205604005147,0.01525477622849803,15.689759117738229,15.723713011120093,0.03395389338186483,0.013340813622983878,1.058918907788751,0.10315894335508347,47.57831221111266,35.297500493553024,False,too_few_points|track_too_short
2020-10-01 02:51:04.961642496+00:00,2020-10-01,2020,105,gt1l,105_gt1l,PRE_BREACH,332,15.821489945514628,15.81883115169487,0.029590686688642186,0.017081735376514473,0.025325380869220357,15.77353485801939,15.856552671956564,0.08301781393717356,-0.0033473224252310863,12.64238531155814,0.05456615485858701,47.540192568746,34.48136472691351,True,
2020-10-01 02:51:05.241542656+00:00,2020-10-01,2020,105,gt3l,105_gt3l,PRE_BREACH,151,15.831456872131891,15.831264566161392,0.024671015847978258,0.011767145274500734,0.017445969583974787,15.788500927521149,15.862994617662377,0.07449369014122809,-0.005880603891907936,8.815333793847422,0.027242935823881074,47.54636126894866,34.56638675389155,True,
2020-10-01 02:51:05.284042496+00:00,2020-10-01,2020,105,gt2l,105_gt2l,PRE_BREACH,151,15.860359085871266,15.857390689113123,0.020397520215657522,0.013919307986228091,0.020636766020381767,15.819932832668846,15.888116406289233,0.06818357362038796,-0.00410330117911894,10.391426524398742,0.039333332950870194,47.55049085111194,34.522846534477715,True,
2020-10-01 02:51:05.305442560+00:00,2020-10-01,2020,105,gt1r,105_gt1r,PRE_BREACH,77,15.883641952630885,15.879032453728698,0.022748202347894927,0.011753269022250379,0.01742539665238841,15.83464537380758,15.911226606033065,0.07658123222548419,-0.002046567730115847,10.50530743850616,0.06352491202679547,47.53774321196246,34.482879817615725,True,
2020-10-01 02:51:05.580642816+00:00,2020-10-01,2020,105,gt3r,105_gt3r,PRE_BREACH,39,15.87190881280518,15.86793654069405,0.027218767169566005,0.009631843293465892,0.01428017086689253,15.828056497122823,15.890406898241752,0.062350401118928644,-0.0069237398224131184,6.444866962814581,0.03103731333827361,47.54704371469563,34.56750880772652,True,
2020-10-01 02:51:05.630842368+00:00,2020-10-01,2020,105,gt2r,105_gt2r,PRE_BREACH,49,15.799621263981315,15.799465508495866,0.01708715180115493,0.012251849088546152,0.018164591458678523,15.772091447271396,15.824575604767038,0.05248415749564117,0.000976379043655578,10.372226912570088,0.05761737863020021,47.55171903786324,34.523903566776205,True,
2020-10-05 02:42:39.938579968+00:00,2020-10-05,2020,165,gt1l,165_gt1l,PRE_BREACH,153,15.95060597501502,15.947091966018514,0.02696671963635436,0.012768010910139793,0.018929852975373255,15.87992622755107,15.980400137812133,0.10047391026106212,-0.004693715814368899,17.011491120744036,0.06866666631152232,47.079274741449815,33.76814066510638,True,
2020-10-05 02:42:40.144480+00:00,2020-10-05,2020,165,gt2l,165_gt2l,PRE_BREACH,224,15.942656901539811,15.941539644347012,0.023698775198470447,0.01544077562149937,0.022892493936434964,15.898613133883917,15.97773852654041,0.07912539265649343,0.00031987963320156704,14.435491008295175,0.06136363643136891,47.11332704412562,33.805940356216205,True,
2020-10-05 02:42:40.284480+00:00,2020-10-05,2020,165,gt3l,165_gt3l,PRE_BREACH,283,15.952740757072508,15.948855440870798,0.05365172703012986,0.013543551770048623,0.020079669854274087,15.892801117267254,15.978963795547262,0.08616267828000801,0.002095885439180861,14.556289229743017,0.046003890676157816,47.13458943941909,33.84558669567621,True,
2020-10-05 02:42:40.289980160+00:00,2020-10-05,2020,165,gt1r,165_gt1r,PRE_BREACH,38,15.945842304736042,15.943853471612822,0.02626627012881051,0.013625053022016331,0.02020050361044141,15.893197478192642,15.974261040028066,0.08106356183542474,-0.003170645212488237,16.926946633390962,0.07833333313465118,47.08563523951282,33.76841225851413,True,
2020-10-05 02:42:40.490880+00:00,2020-10-05,2020,165,gt2r,165_gt2r,PRE_BREACH,67,15.927345978157039,15.927867959147031,0.03438118148681529,0.018766535780407878,0.027823265948032718,15.890589673037756,15.960457657220775,0.06986798418301987,-0.0007194621374733829,14.439722587516714,0.08545666920845627,47.116877064790444,33.80664039463173,True,
2020-10-05 02:42:40.613580032+00:00,2020-10-05,2020,165,gt3r,165_gt3r,PRE_BREACH,75,15.968190583566646,15.966697581178423,0.025192989960104075,0.015996833745848704,0.023716905711595286,15.927274514102182,15.9978617874223,0.07058727332011827,-0.00037274969147135307,14.658795642103824,0.03214285695659263,47.133082048106665,33.84697878082991,True,
2020-10-07 14:48:00.094605568+00:00,2020-10-07,2020,205,gt3l,205_gt3l,PRE_BREACH,423,15.841233453630672,15.84016895476214,0.024586977941255018,0.01638474229514486,0.024292018926781768,15.79980780403118,15.878289721678982,0.07848191764780132,0.0010086101599819854,51.69860777336356,0.060833333082319724,47.485679065940204,35.00857237506623,True,
2020-10-07 14:48:00.505705472+00:00,2020-10-07,2020,205,gt2l,205_gt2l,PRE_BREACH,579,15.87550217699053,15.965230065651747,2.1397086175415656,0.02103010891623569,0.031179239479211033,15.82823097915424,15.927279022008625,0.09904804285438473,0.03247637086008278,44.77891418460789,0.04247905898465371,47.558317786329205,35.06182987509193,True,
2020-10-07 14:48:00.638905344+00:00,2020-10-07,2020,205,gt1l,205_gt1l,PRE_BREACH,776,15.859344985558037,15.903373809378426,0.8489837089065547,0.019598657986307444,0.029056970330499414,15.81738903898593,15.903632917675633,0.08624387868970373,0.012266995046917284,41.66739802516532,0.04705396825630291,47.594858721172415,35.11001537386463,True,
2020-10-07 14:48:00.852805376+00:00,2020-10-07,2020,205,gt2r,205_gt2r,PRE_BREACH,177,15.846915301908655,16.142900366640998,3.918219529108611,0.01983270492705813,0.029403968324856384,15.805562264733657,15.892763146929614,0.08720088219595645,0.10987147286766456,44.876328002624085,0.05475882596404451,47.563616256995076,35.06137744829797,False,slope_too_steep
2020-10-07 14:48:00.986305280+00:00,2020-10-07,2020,205,gt1r,205_gt1r,PRE_BREACH,182,15.88057501752133,15.877831467979346,0.02673477370113284,0.019423178593539703,0.02879680458278196,15.837109558838835,15.919831506130128,0.08272194729129367,0.0012455340029633877,41.667215827238785,0.05083306730007646,47.59331789434435,35.10864187450935,True,
2020-10-07 14:48:04.890705408+00:00,2020-10-07,2020,205,gt3r,205_gt3r,PRE_BREACH,104,15.8508200823318,15.851866061536327,0.027378506737396727,0.017583169385993358,0.026068806931673752,15.811382925263873,15.905012401598661,0.09362947633478846,0.0003614825823444798,20.09413544592045,0.05350000020116567,47.484479067749255,35.00722224752035,True,
2020-10-11 14:39:46.816638464+00:00,2020-10-11,2020,265,gt3l,265_gt3l,PRE_BREACH,388,15.882415138535443,15.88216951216477,0.013279160364591933,0.008410240291567561,0.012469022256278066,15.861798370699082,15.904821424226542,0.04302305352745961,-0.00043362754744322553,24.459080233678286,0.016184210017519563,47.44590200211438,34.224540077911335,True,
2020-10-11 14:39:47.245338368+00:00,2020-10-11,2020,265,gt2l,265_gt2l,PRE_BREACH,166,15.908270265697677,15.908302273533126,0.015364940544129615,0.010000768674972349,0.014827139637514003,15.885531801679939,15.933701424796888,0.04816962311694972,-0.00047234142632150835,7.5116947703582575,0.013567223258496049,47.46241809244558,34.26977952076616,True,
2020-10-11 14:39:47.274238464+00:00,2020-10-11,2020,265,gt3r,265_gt3r,PRE_BREACH,99,15.897278805422523,15.897676187218423,0.013424143838863681,0.007224624188303608,0.010711227821578928,15.878318988269912,15.917150444632375,0.038831456362462546,-0.0006125737717575626,23.630449302503024,0.011413779206729183,47.44493005486894,34.223214939637735,True,
2020-10-11 14:39:47.617338368+00:00,2020-10-11,2020,265,gt2r,265_gt2r,PRE_BREACH,49,15.870017103272652,15.869922198263497,0.023168564933110026,0.016115101835314505,0.023892249981037283,15.837442954881611,15.91137029858596,0.07392734370434795,-0.009151820032226353,7.28853731412166,0.01649573490935929,47.46438400669683,34.26884939177737,True,
2020-10-15 14:31:38.586167552+00:00,2020-10-15,2020,325,gt1l,325_gt1l,PRE_BREACH,74,15.860699940097986,15.858791903578402,0.031133001477154972,0.016785420462271716,0.024886064377364046,15.815619480029149,15.895176529580905,0.07955704955175591,-0.010931725219370842,4.9640920632711,0.03636037238257032,46.80606469421411,33.44117663317764,True,
2020-10-15 14:31:38.888867328+00:00,2020-10-15,2020,325,gt2l,325_gt2l,PRE_BREACH,118,15.892219200427093,15.8873543599363,0.03846555202665775,0.015311222973190652,0.02270041918005246,15.824177429423404,15.926119005592774,0.10194157616937005,0.0053658339856640465,6.538634464197912,0.021745445775902934,46.77579599160979,33.394616146829364,True,
2020-10-15 14:31:39.111167488+00:00,2020-10-15,2020,325,gt1r,325_gt1r,PRE_BREACH,15,15.900874601185247,15.894717526071837,0.029620077443540387,0.010472659880221613,0.015526765538416563,15.857571061480364,15.919789364121517,0.06221830264115269,0.00333811586199365,3.6928994324874185,0.10657926784320311,46.802112976852044,33.43952172136722,False,too_few_points
2020-10-15 14:31:39.881267456+00:00,2020-10-15,2020,325,gt2r,325_gt2r,PRE_BREACH,22,15.869165986879619,15.87724485497418,0.037030754582059344,0.02726721149057454,0.040426367755925806,15.833642968813045,15.931895530383857,0.09825256157081164,0.03902563070983354,1.8071808273658185,0.07230174306191896,46.77150984222965,33.39282898764294,False,track_too_short
2020-11-28 00:03:16.766912256+00:00,2020-11-28,2020,989,gt1l,989_gt1l,PRE_BREACH,22,15.78619777001958,15.787706153672078,0.017536827187272883,0.008494583295455271,0.012594069193841985,15.761040674504718,15.816848694079033,0.05580801957431447,0.002430301517050017,13.14235225558543,0.012867178856616928,47.47564079898904,35.04256291219632,True,
2020-11-28 00:03:16.783112192+00:00,2020-11-28,2020,989,gt3l,989_gt3l,PRE_BREACH,35,15.801553461814276,17.04334811862257,7.3013457170358285,0.02189267395918293,0.03245807841188461,15.762070851758693,15.899806783705719,0.1377359319470255,0.1451770056698491,46.54251459272361,0.10453449054197832,47.623976510848145,35.10733247693135,False,slope_too_steep
2020-11-28 00:03:16.880712192+00:00,2020-11-28,2020,989,gt2l,989_gt2l,PRE_BREACH,41,15.801818771730261,15.803576600805327,0.01574553364381488,0.00978649945633947,0.014509464093968898,15.781391012035808,15.830663047503226,0.04927203546741765,0.0016004224204137058,8.433426666996906,0.04875000030733645,47.47811368292032,35.085078520900105,True,
2020-11-28 00:03:17.108212224+00:00,2020-11-28,2020,989,gt1r,989_gt1r,PRE_BREACH,3,15.811727176097843,15.79521464696196,0.030137053552082033,0.001759385331936869,0.002608464693129602,15.765559900632214,15.813310622896587,0.04775072226437338,-0.003984845307231011,13.21324411071748,0.14020398259162903,47.47967576332095,35.043174215497025,False,too_few_points
2020-11-28 00:03:17.110612480+00:00,2020-11-28,2020,989,gt3r,989_gt3r,PRE_BREACH,11,15.79252173725839,15.79631130666188,0.026084709938031733,0.011166149383669222,0.016554933076227987,15.762301238264717,15.831275284198652,0.06897404593393475,0.00011144376183481704,14.236686419224581,0.004999999888241291,47.49211094922031,35.12710461293116,False,too_few_points
2020-11-28 00:03:17.222912256+00:00,2020-11-28,2020,989,gt2r,989_gt2r,PRE_BREACH,11,15.776538891937179,15.758662692777552,0.07642535653631014,0.008910432263590451,0.013210606873999203,15.64033772781957,15.806750784013229,0.1664130561936581,-0.022069637444286402,8.665543441144699,0.10636998069557277,47.47553903562691,35.08658020229179,False,too_few_points
2020-12-05 23:46:27.562138112+00:00,2020-12-05,2020,1109,gt2l,1109_gt2l,PRE_BREACH,78,15.988164645506737,15.987688175153966,0.0231790184239625,0.016318659318148576,0.02419404430508708,15.948463376899404,16.024756759138054,0.07629338223864934,-0.0047675415652391395,4.579125448216772,0.07585957851738502,46.83182024810352,33.574301895362744,True,
2020-12-05 23:46:27.659138304+00:00,2020-12-05,2020,1109,gt3l,1109_gt3l,PRE_BREACH,269,15.961882138904564,15.963991682841819,0.044603828372312304,0.012514445192547186,0.018553916442470456,15.929926155862118,15.996367009125098,0.06644085326298033,0.0009488362051025182,20.401063006603934,0.09419044186029765,46.88635865343873,33.60907907512512,True,
2020-12-05 23:46:27.678638336+00:00,2020-12-05,2020,1109,gt1l,1109_gt1l,PRE_BREACH,71,16.021937499736513,16.024294145993437,0.02400793269732612,0.01530600764795409,0.022692686938856732,15.98455795367705,16.062853086158867,0.07829513248181641,0.0014874966352015823,4.310567695178771,0.10571428494794029,46.83853018866988,33.53100902618491,True,
2020-12-05 23:46:27.966638080+00:00,2020-12-05,2020,1109,gt2r,1109_gt2r,PRE_BREACH,18,15.992540213918438,15.997281202541537,0.022697134945864398,0.014349238227879368,0.021274180596653952,15.968208922803818,16.030486967544135,0.062278044740317284,0.011657925763272684,4.075222107066473,0.0950748332672649,46.83684329922702,33.574888366711704,False,too_few_points
2020-12-05 23:46:28.009838080+00:00,2020-12-05,2020,1109,gt3r,1109_gt3r,PRE_BREACH,66,15.996260717136225,15.996272270175096,0.027610160148310865,0.01624674832749129,0.024087429070338583,15.953489661818685,16.037182174974827,0.08369251315614257,0.0007748459030700726,20.61196127215484,0.08666666597127914,46.88669304659098,33.61023568137624,True,
2020-12-05 23:46:28.024138240+00:00,2020-12-05,2020,1109,gt1r,1109_gt1r,PRE_BREACH,17,16.02467318681928,16.03166051340717,0.023370524995557102,0.01026140343463311,0.015213556732187047,16.009962046719288,16.072678369001668,0.06271632228238033,0.004512507339454446,4.15032310915823,0.13088874431217418,46.83741393497584,33.53248437361359,False,too_few_points
2020-12-08 11:51:54.663946752+00:00,2020-12-08,2020,1149,gt2l,1149_gt2l,PRE_BREACH,151,15.755945836733371,15.757037115894764,0.03636722749414079,0.025658846710864935,0.03804180613352835,15.700021534014263,15.82282704949547,0.12280551548120577,-0.0013372481062150535,11.658522224710516,0.15133332510789235,47.524306230061065,34.78591358358987,True,
2020-12-08 11:51:54.683846912+00:00,2020-12-08,2020,1149,gt1l,1149_gt1l,PRE_BREACH,299,15.723981053258765,15.72238309448076,0.05220736990605055,0.026723181490883263,0.03961978887838352,15.64393893847729,15.799784207980387,0.1558452695030983,-0.00012646759459012313,12.497177740124759,0.10843169796327284,47.51499338626478,34.827506375351916,True,
2020-12-08 11:51:54.776946944+00:00,2020-12-08,2020,1149,gt3l,1149_gt3l,PRE_BREACH,143,15.74406516125531,15.744710130333711,0.046073273718388895,0.03261348607790282,0.048352754459098715,15.675871471182392,15.817217592779908,0.14134612159751647,0.00015637140849848624,9.180775638728347,0.17392856308392116,47.53102193292213,34.743958360137505,True,
2020-12-08 11:51:55.024847104+00:00,2020-12-08,2020,1149,gt1r,1149_gt1r,PRE_BREACH,73,15.71911391526514,15.717783210715334,0.03859621080303712,0.03083775772402575,0.04572005960164057,15.657534579813216,15.778572759185838,0.12103817937262207,-0.001837436467703175,12.4156987548923,0.10142856756491321,47.51560493405248,34.826338660884964,True,
2020-12-08 11:51:55.030646784+00:00,2020-12-08,2020,1149,gt2r,1149_gt2r,PRE_BREACH,47,15.696010420115833,15.699114258379836,0.03074440009425832,0.015280742185751706,0.02265522836459548,15.649603228918725,15.744771483924499,0.09516825500577397,0.00010439429389188604,11.337561227082235,0.14257728863269725,47.52370301005321,34.7846361019276,True,
2020-12-08 11:51:55.117847040+00:00,2020-12-08,2020,1149,gt3r,1149_gt3r,PRE_BREACH,39,15.743632895838381,15.748886510940224,0.038006547806971554,0.02441817406676705,0.036202384871388826,15.690752433954675,15.81335199977082,0.12259956581614517,0.00275373175935368,9.1112190815739,0.18969443211188683,47.532928452002544,34.743031091968305,True,
2020-12-30 22:31:02.940213248+00:00,2020-12-30,2020,105,gt3l,105_gt3l,PRE_BREACH,197,15.898738145111263,15.898013336000949,0.02685860658750689,0.01723676440225219,0.0255552269027791,15.849781879742261,15.938848803805877,0.08906692406361572,-0.00039770799207004625,11.367434394888802,0.11421052273362875,47.53282329503644,34.698238261010076,True,
2020-12-30 22:31:03.283713024+00:00,2020-12-30,2020,105,gt3r,105_gt3r,PRE_BREACH,49,15.842111219135415,15.83834496057047,0.025024883741386575,0.013408996600254852,0.019880178359537842,15.792649630047993,15.875718610148104,0.08306898010011032,-0.0009361826725619716,11.205369418143468,0.11749999783933163,47.53076523950087,34.699615397555114,True,
2020-12-30 22:31:03.592412928+00:00,2020-12-30,2020,105,gt2l,105_gt2l,PRE_BREACH,76,15.850951947437313,15.851542997432038,0.027417134044601454,0.014589989861804042,0.02163111896911067,15.804526600431657,15.896666708102643,0.09214010767098557,0.0031060986282407258,6.436391617843639,0.12783244977656164,47.55559667596806,34.65195771996162,True,
2020-12-30 22:31:03.744113152+00:00,2020-12-30,2020,105,gt1l,105_gt1l,PRE_BREACH,247,15.902447862756492,15.900843263824724,0.027761828668704205,0.0164598203303008,0.024403329621703964,15.850942092567529,15.945449083538763,0.09450699097123483,0.003920643762251017,9.561815337812453,0.06294785421115426,47.568274448124846,34.607256512603044,True,
2020-12-30 22:31:03.935713024+00:00,2020-12-30,2020,105,gt2r,105_gt2r,PRE_BREACH,22,15.868281126814033,15.867254909578424,0.025616157245428203,0.015019514114312571,0.022267931625879818,15.820996986834594,15.904824316969657,0.0838273301350636,0.0029918327261342034,6.187027244124342,0.1249999962747097,47.55495488509518,34.653095318538654,True,
2020-12-30 22:31:04.094813184+00:00,2020-12-30,2020,105,gt1r,105_gt1r,PRE_BREACH,68,15.909721309898178,15.913723362477537,0.02879924013136267,0.019353712742862683,0.02869381451256821,15.876807513158502,15.955472479905884,0.07866496674738244,0.00133211457004662,9.27637853931701,0.07906401984612732,47.56433793852513,34.608903774733655,True,
2021-01-06 10:28:00.005516800+00:00,2021-01-06,2021,205,gt1l,205_gt1l,PRE_BREACH,16,15.874850052683414,15.874194070047734,0.024034303406333488,0.014156473508515788,0.020988387623725506,15.836393169771235,15.908063376141097,0.07167020636986265,-0.0005198229016304733,19.621866570872896,0.025998524739407003,47.49098729342875,34.96565972039766,False,too_few_points
2021-01-06 10:28:00.633916928+00:00,2021-01-06,2021,205,gt3l,205_gt3l,PRE_BREACH,5,15.930547252121123,15.923188192868263,0.020720303700851747,0.018611090356678517,0.027592802562811568,15.90073501645621,15.94577411900616,0.045039102549949916,0.001999600961896065,8.03863572996296,0.4787413477897644,47.504379848681594,34.881622014301534,False,too_few_points
2021-01-06 10:28:00.956416768+00:00,2021-01-06,2021,205,gt3r,205_gt3r,PRE_BREACH,1,15.933142922711994,15.933142922711994,,0.0,0.0,15.933142922711994,15.933142922711994,0.0,,,,47.52919041592924,34.883927262766655,False,too_few_points
2021-01-06 10:28:00.993016832+00:00,2021-01-06,2021,205,gt1r,205_gt1r,PRE_BREACH,2,15.893440862030399,15.893440862030399,0.044875229510445376,0.031731579094138596,0.04704523916496988,15.864882440845674,15.921999283215124,0.05711684236944947,,,0.2191111147403717,47.45623154068181,34.95941869039849,False,too_few_points
2021-01-06 10:28:01.440316928+00:00,2021-01-06,2021,205,gt2l,205_gt2l,PRE_BREACH,6,15.937641165195249,15.939918281691542,0.010416588748453411,0.007649979299454657,0.011341859309371474,15.929726253413303,15.953235410056038,0.023509156642735007,0.007848829727488167,2.2307851366830898,0.05824954807758331,47.468008237677545,34.91941412428307,False,too_few_points
2021-01-06 10:28:01.694016768+00:00,2021-01-06,2021,205,gt2r,205_gt2r,PRE_BREACH,4,15.866324910192725,15.864444838105015,0.015220672614226412,0.009146543270619034,0.013560665053019779,15.84722067026079,15.879036905026453,0.031816234765663864,0.0015837246507004617,2.066309255511655,,47.46808500929641,34.91827699776649,False,too_few_points
2021-01-10 10:19:42.502917120+00:00,2021-01-10,2021,265,gt3l,265_gt3l,PRE_BREACH,632,15.929477607302061,15.931504107770085,0.027762625220309076,0.012281042984582768,0.01820787432894241,15.902088091647178,15.964614540541954,0.06252644889477565,-0.0008493307756190944,26.709487169065977,0.08236745360920418,47.49912600033068,34.10240661464669,True,
2021-01-10 10:19:42.842916864+00:00,2021-01-10,2021,265,gt3r,265_gt3r,PRE_BREACH,164,15.878472383202112,15.877435091124608,0.023283695155731213,0.013058869948105567,0.01936108058506131,15.84561620542144,15.903945044609927,0.05832883918848708,-0.000286005662908199,26.714075869377726,0.08892730831729699,47.49649366294309,34.10087711676233,True,
2021-01-10 10:19:43.015816960+00:00,2021-01-10,2021,265,gt1l,265_gt1l,PRE_BREACH,398,15.880491650534617,15.882218739594926,0.022956034229773773,0.013631067718851142,0.0202094209999687,15.848172206090009,15.921522665277445,0.0733504591874361,-0.0015979835427870047,23.228786474225604,0.01720309551412137,47.453590127163544,34.181809543824485,True,
2021-01-10 10:19:43.101116928+00:00,2021-01-10,2021,265,gt2l,265_gt2l,PRE_BREACH,360,15.929339676163183,15.92986808887218,0.02268388278160679,0.015129545136405298,0.022431063619234495,15.897015708471141,15.969037729338634,0.0720220208674931,-0.0018699279774480183,22.007090644206254,0.043814052918962405,47.450652282502574,34.13849315790363,True,
2021-01-10 10:19:43.359617024+00:00,2021-01-10,2021,265,gt1r,265_gt1r,PRE_BREACH,100,15.92524909109871,15.923608100791128,0.017916449609677525,0.011868761448113219,0.01759662572297266,15.891278005604303,15.951031594378508,0.05975358877420511,-0.0014951438931088002,23.233446399846976,0.017433839917336543,47.45779581638325,34.18118856118299,True,
2021-01-10 10:19:43.439416832+00:00,2021-01-10,2021,265,gt2r,265_gt2r,PRE_BREACH,112,15.860114345932102,15.859332558224812,0.021997570583342115,0.015503452249939542,0.022985418305760365,15.824256398136251,15.893992906503517,0.06973650836726542,-0.0015131974779937758,21.97940032867999,0.060454545288600704,47.45386845122239,34.137767715725786,True,
2021-02-05 20:50:19.234514176+00:00,2021-02-05,2021,669,gt3r,669_gt3r,PRE_BREACH,8,16.08806157430692,16.093696433322208,0.021292416040280114,0.012355641628529312,0.018318474278457557,16.072525454520715,16.12632924734989,0.05380379282917502,-0.015160190964650452,2.652157741796073,0.08488134667277336,46.817787892510964,33.40453810181139,False,too_few_points
2021-02-26 19:43:09.070255872+00:00,2021-02-26,2021,989,gt2l,989_gt2l,PRE_BREACH,179,16.083886639919534,16.091464163038175,0.0574872394063547,0.049059695602437614,0.072735904700174,16.011908829102932,16.17488014600262,0.16297131689968936,0.002671417022673624,42.396577905128375,0.07827435804264886,47.62468828806213,35.16138836147782,True,
2021-02-26 19:43:09.141755904+00:00,2021-02-26,2021,989,gt1l,989_gt1l,PRE_BREACH,335,16.140292397063416,16.14888515410212,0.04272476624772287,0.01780137533627979,0.026392319073568416,16.09400879481114,16.232079530863217,0.13807073605207876,0.0010012029728033443,47.33991629884279,0.02545357464121346,47.69933537883039,35.10771424926448,True,
2021-02-26 19:43:09.187255808+00:00,2021-02-26,2021,989,gt3l,989_gt3l,PRE_BREACH,154,16.15657137333855,16.149120799166063,0.052717474550447334,0.039252117778682205,0.058195189818674234,16.064966994402152,16.2230071068485,0.15804011244634708,-0.000587388906769464,30.88959013647869,0.10410872250795364,47.58007306719667,35.21080935725417,True,
2021-02-26 19:43:09.397555712+00:00,2021-02-26,2021,989,gt2r,989_gt2r,PRE_BREACH,618,16.123551158035784,16.118404768011487,0.05770501375131141,0.040614063590824756,0.06021441067975678,16.015986532203286,16.198193900540282,0.18220736833699647,0.0021363932949754814,42.574984766561876,0.054153453044325506,47.62998429205636,35.16180621413018,True,
2021-02-26 19:43:09.473856+00:00,2021-02-26,2021,989,gt1r,989_gt1r,PRE_BREACH,1333,16.10938191540006,16.266783799365985,2.4809911211893456,0.02916577976516166,0.04324118507982867,16.056199686807243,16.2076313261143,0.15143163930705583,0.008806767830698116,47.402526291464646,0.020871372401804228,47.69848578473852,35.10899176375512,True,
2021-02-26 19:43:09.509755904+00:00,2021-02-26,2021,989,gt3r,989_gt3r,PRE_BREACH,698,16.086165081298816,16.07306551258186,0.061429849048156536,0.03863743291045196,0.05728385803303608,15.956598738555307,16.151698003760185,0.19509926520487753,0.000679363381866006,31.627743273286153,0.0848180405573895,47.591580483003845,35.21027540104405,True,
2021-03-09 07:31:47.907063040+00:00,2021-03-09,2021,1149,gt2l,1149_gt2l,PRE_BREACH,20,16.074786298458342,16.093231837325554,0.07807517514802473,0.019432363380019524,0.028810421947216943,16.046744353391926,16.128569742936637,0.08182538954471141,-0.009019630479392094,8.392481011987057,0.1028498562052846,47.563322907579156,34.67336293690084,True,
2021-03-09 07:31:47.926763008+00:00,2021-03-09,2021,1149,gt3l,1149_gt3l,PRE_BREACH,24,16.150595500247423,16.146223734257035,0.04498107605366482,0.015436050455653216,0.022885488405551456,16.09201034640304,16.189573521368022,0.09756317496498212,0.0026351097854127137,5.310161886356432,0.16241522701013655,47.57524958656331,34.63199975080977,True,
2021-03-09 07:31:48.135463168+00:00,2021-03-09,2021,1149,gt1l,1149_gt1l,PRE_BREACH,52,16.118741309453952,16.134345123526305,0.09762404847863712,0.011515549391877045,0.017072953528396904,16.09231536760394,16.168936027565362,0.07662065996142076,-0.010337318762671138,10.004836776012828,0.09031212888658047,47.52840990297042,34.711330440135356,True,
2021-03-09 07:31:48.246263040+00:00,2021-03-09,2021,1149,gt2r,1149_gt2r,PRE_BREACH,77,16.15212105683727,16.151148138549566,0.03524879938516388,0.01654437596210201,0.024528691801412438,16.104493306256845,16.189850131448356,0.08535682519151067,0.0033094256945231347,8.33446906077622,0.05848012436423209,47.57005429139224,34.67305894385504,True,
2021-03-09 07:31:48.262163200+00:00,2021-03-09,2021,1149,gt3r,1149_gt3r,PRE_BREACH,99,16.108689947103997,16.10779429734588,0.029903970631710765,0.019424710866339012,0.028799076330434218,16.06094664002123,16.15603603379216,0.09508939377093029,-0.0010587540211218253,5.491487516983981,0.1203676773743196,47.57362359057698,34.63056339461389,True,
2021-03-09 07:31:48.465863168+00:00,2021-03-09,2021,1149,gt1r,1149_gt1r,PRE_BREACH,203,16.127076521851848,16.12553028105438,0.0209726838342676,0.013995742662459065,0.02075008807136181,16.092325887080733,16.1580330667186,0.06570717963786521,-0.0037264350740858375,10.109890190394596,0.05950000085867942,47.527942408309656,34.710028172600374,True,
2021-03-13 07:23:34.781365760+00:00,2021-03-13,2021,1209,gt1l,1209_gt1l,PRE_BREACH,24,15.985589673603844,16.000832902880067,0.05210137814414899,0.017252293780618544,0.025578250759145053,15.955641400138628,16.034877158927607,0.07923575878897893,-0.01512698044672151,7.113190916575413,0.11906287357920692,47.18809536106493,33.88449829943923,True,
2021-03-13 07:23:35.071565568+00:00,2021-03-13,2021,1209,gt2l,1209_gt2l,PRE_BREACH,29,15.940910654738197,15.941838986193222,0.03675956040690694,0.02092792888920414,0.031027747371134055,15.883649693376373,16.00625948061174,0.12260978723536553,-0.004150021319509315,12.404124579958589,0.09259886397369976,47.130521931939256,33.83371296579953,True,
2021-03-13 07:23:35.096565504+00:00,2021-03-13,2021,1209,gt1r,1209_gt1r,PRE_BREACH,88,15.95912007024694,15.959682282398406,0.02103641123837926,0.014359573057765473,0.02128950301544309,15.925603217465564,15.998276208191204,0.07267299072563915,-0.00581376816995131,7.37324746185219,0.06737173384648155,47.1842285310105,33.882741888749095,True,
2021-03-13 07:23:35.254465536+00:00,2021-03-13,2021,1209,gt3l,1209_gt3l,PRE_BREACH,76,16.009601900589097,16.012919270082136,0.023918046616308253,0.015206855430472288,0.02254568386121821,15.978797615897937,16.05636831281785,0.0775706969199117,0.003092901543543799,15.965878976898988,0.08035155660227726,47.112777697188164,33.78853845374803,True,
2021-03-13 07:23:35.386765568+00:00,2021-03-13,2021,1209,gt2r,1209_gt2r,PRE_BREACH,118,15.960936711629211,15.959833661930453,0.02744263975641922,0.017240126861246097,0.02556021208448346,15.913678208969328,16.000827432540003,0.087149223570675,-1.2568455577487624e-05,14.013814004846745,0.05626606428206472,47.13605930861705,33.83327707605726,True,
2021-03-13 07:23:35.590265600+00:00,2021-03-13,2021,1209,gt3r,1209_gt3r,PRE_BREACH,327,16.011520803600703,16.010455698271198,0.023407439056616044,0.016030693117347283,0.02376710561577908,15.972668691799226,16.049366001650693,0.0766973098514665,-0.0007120989931120908,30.92211423564736,0.08281250135041773,47.10965122796586,33.78690143061212,True,
2021-03-27 18:19:14.598415872+00:00,2021-03-27,2021,45,gt1l,45_gt1l,PRE_BREACH,39,16.150823873263796,16.14577459162735,0.02667186884639202,0.015326449155693922,0.02272299351823181,16.099536530640144,16.185495086921794,0.08595855628164983,-0.003953831910551557,10.095748522631961,0.03540758626201214,47.571079048367444,35.2882872092604,True,
2021-03-27 18:19:14.917415936+00:00,2021-03-27,2021,45,gt1r,45_gt1r,PRE_BREACH,107,16.123631509053997,16.132112694295923,0.07489104078131173,0.015524884522314153,0.023017193792782963,16.093305807042416,16.15939470637262,0.06608889933020379,-0.0009224135667991928,10.014204405965964,0.027944345793155866,47.57069809458059,35.28950866033289,True,
2021-03-31 18:10:55.092418816+00:00,2021-03-31,2021,105,gt2l,105_gt2l,PRE_BREACH,400,16.148567773244135,16.154491197032755,0.02806679351629228,0.014011923095669232,0.020774077181639202,16.11785849902766,16.21192712425819,0.0940686252305305,0.004193706544859503,12.368189486413753,0.01007880970497876,47.53682190371136,34.46010782152581,True,
2021-03-31 18:10:55.124018944+00:00,2021-03-31,2021,105,gt3l,105_gt3l,PRE_BREACH,715,16.12287593634189,16.126563286811304,0.028791739652559864,0.01860021346815799,0.027576676487891034,16.085617877747495,16.1803088126655,0.09469093491800606,-0.004152536010040586,12.750835237641173,0.016760562808895613,47.56096346804194,34.49969613566714,True,
2021-03-31 18:10:55.165618944+00:00,2021-03-31,2021,105,gt1l,105_gt1l,PRE_BREACH,143,16.222664419349115,16.219670531737638,0.030347064815099224,0.016317532864860596,0.024192374225442317,16.175399601840464,16.25742160955011,0.08202200770964652,-0.005701585381143847,7.124292839340744,0.06415519941307551,47.51751852379166,34.419883185951655,True,
2021-03-31 18:10:55.433818880+00:00,2021-03-31,2021,105,gt2r,105_gt2r,PRE_BREACH,1520,16.170629305935137,16.174757247172646,0.035611663406523046,0.013593327103762931,0.02015346676403892,16.137650989241056,16.22225036550552,0.0845993762644639,0.0035514357989013755,12.505370326688201,0.013773994227693025,47.5349402247984,34.461590865510566,True,
2021-03-31 18:10:55.487019008+00:00,2021-03-31,2021,105,gt1r,105_gt1r,PRE_BREACH,578,16.177097038201875,16.17660159111689,0.029367381850515985,0.018528008219895753,0.027469624986817442,16.128037985286284,16.22444883059881,0.0964108453125263,0.003170473882030861,7.284610708325503,0.039902099669237454,47.518718545807,34.42092262564859,True,
2021-03-31 18:10:55.491819008+00:00,2021-03-31,2021,105,gt3r,105_gt3r,PRE_BREACH,2893,16.093811425378682,16.093266648662475,0.023957595637776382,0.014778457388871402,0.021910540924740738,16.05319304809989,16.13240288235027,0.0792098342503813,-0.003114559414233413,12.584359998593058,0.016176470020418554,47.56202583044144,34.5007573476201,True,
2021-04-04 18:02:26.787822336+00:00,2021-04-04,2021,165,gt1l,165_gt1l,PRE_BREACH,16,16.271974413727833,16.273890295923525,0.014443244390177863,0.0077323125346477894,0.011463926563868812,16.25598500618586,16.294579198207607,0.03859419202174763,-0.0016620479157846287,17.76882030898051,0.05999999865889549,47.03873148608015,33.70919878237923,False,too_few_points
2021-04-04 18:02:27.125822208+00:00,2021-04-04,2021,165,gt1r,165_gt1r,PRE_BREACH,182,16.245967318998733,16.247455163644712,0.03018469717926034,0.0194861630881622,0.028890185394509278,16.198383117315064,16.29851895933527,0.10013584202020454,-0.001257321373287899,17.865767288793325,0.05999999990065893,47.03391987713494,33.71107247740015,True,
2021-04-04 18:02:28.510322432+00:00,2021-04-04,2021,165,gt2l,165_gt2l,PRE_BREACH,91,16.22430069150148,16.224434093458644,0.020353412813202517,0.013353102601360689,0.019797309916777358,16.193549263105446,16.255328958351864,0.06177969524641824,0.0017992564446762237,7.090929713928472,0.015555555104381509,47.05900587276574,33.748921113852056,True,
2021-04-04 18:02:28.798922240+00:00,2021-04-04,2021,165,gt3l,165_gt3l,PRE_BREACH,411,16.1634139522903,16.167247684715488,0.022914749740014638,0.012335112626328026,0.01828803797979393,16.13729746031341,16.20783694852683,0.07053948821342004,0.0035628342336953924,14.996938986244887,0.008158662140641997,47.08641451797108,33.78769786999331,True,
2021-04-04 18:02:28.854922240+00:00,2021-04-04,2021,165,gt2r,165_gt2r,PRE_BREACH,620,16.216655928651214,16.218175528963396,0.025254659766996743,0.016598821630879,0.024609412949941206,16.1817672348295,16.262639624348626,0.08087238951912568,0.00010959917435315499,7.103111677856141,0.012580644895112323,47.06290058600356,33.74957400541649,True,
2021-04-04 18:02:29.150222336+00:00,2021-04-04,2021,165,gt3r,165_gt3r,PRE_BREACH,2155,16.114051428304155,16.11709543094433,0.025490128947980764,0.014167525641834544,0.021004773516583895,16.082956235775512,16.16197214734879,0.07901591157327914,0.004685342066235599,15.0094687834562,0.01875649575751945,47.09122505167436,33.788222453041996,True,
2021-04-07 06:07:48.315326720+00:00,2021-04-07,2021,205,gt3l,205_gt3l,PRE_BREACH,178,16.25642968700018,16.257521705863248,0.025829671113748745,0.01446452944359855,0.02144511135307921,16.219144551984325,16.290708528440216,0.07156397645589152,0.0016335335097711551,42.41268250722841,0.04714380516587983,47.58917834254077,35.0881964765386,True,
2021-04-07 06:07:48.647726592+00:00,2021-04-07,2021,205,gt3r,205_gt3r,PRE_BREACH,912,16.233860712352858,16.341210809912315,2.2347626358414834,0.02188684100586613,0.03244943047529712,16.186169612160672,16.338269818305843,0.15210020614517106,0.03522404212476931,42.49770315533742,0.03341675268187707,47.60853472319149,35.08976001619212,True,
2021-04-07 06:07:48.654826752+00:00,2021-04-07,2021,205,gt2l,205_gt2l,PRE_BREACH,321,16.304340825950273,16.307574567464254,0.043115539147822596,0.029864953127923144,0.04427777950745885,16.23795949250756,16.383436446481344,0.1454769539737839,0.0034106544851622163,39.71395644100357,0.05791905681667088,47.67612502146995,35.14357422836988,True,
2021-04-07 06:07:48.980826624+00:00,2021-04-07,2021,205,gt2r,205_gt2r,PRE_BREACH,1027,16.29862589821657,16.301939284689084,0.04063555209602138,0.029707516623041386,0.04404436414532115,16.238658198040458,16.37141448116602,0.13275628312556265,0.0030558123357315443,39.850618603614265,0.04319558666430902,47.681459791393316,35.14321041306185,True,
2021-04-07 06:07:49.442126848+00:00,2021-04-07,2021,205,gt1l,205_gt1l,PRE_BREACH,257,16.28982377263169,16.287238537642406,0.025457595392825348,0.016631505587906048,0.024657870184629505,16.242930961539432,16.325239617723025,0.08230865618359218,0.0019030862009710267,34.39066906183446,0.09091805974881811,47.619750916767686,35.17858604832823,True,
2021-04-07 06:07:49.779526656+00:00,2021-04-07,2021,205,gt1r,205_gt1r,PRE_BREACH,966,16.333711818721884,16.33208746957682,0.02593386765009149,0.016422125523790854,0.02434744330157232,16.28974540756247,16.371657637248273,0.08191222968580192,0.0013819028530565058,34.61286447479461,0.09391841475521868,47.62175308963762,35.177764748285746,True,
2021-04-11 05:59:32.700930048+00:00,2021-04-11,2021,265,gt3l,265_gt3l,PRE_BREACH,114,16.19610888284879,16.19310563630993,0.03788108370968123,0.013161361560305451,0.019513034649308862,16.163603625336414,16.230771355693214,0.06716773035680035,0.0005778910760749849,16.867181785687514,0.07245273928958595,47.497901156592,34.29683027353976,True,
2021-04-11 05:59:32.851130112+00:00,2021-04-11,2021,265,gt2l,265_gt2l,PRE_BREACH,80,16.19528242644629,16.205495161101403,0.08553144817227334,0.014855641286107613,0.022024973770783145,16.166700358797296,16.2303301580837,0.063629799286403,-0.003630519288663541,13.72109864133893,0.10605832042638212,47.503732851789366,34.34057495138019,True,
2021-04-11 05:59:33.016430080+00:00,2021-04-11,2021,265,gt1l,265_gt1l,PRE_BREACH,35,16.229488404079138,16.226585589608398,0.019061761225843053,0.016025149507122194,0.023758886659259362,16.198416963217102,16.249347930579717,0.050930967362614155,-0.0010216746839592956,5.80230677411353,0.12125790417194367,47.52857233406864,34.38705436288285,True,
2021-04-11 05:59:33.037730048+00:00,2021-04-11,2021,265,gt3r,265_gt3r,PRE_BREACH,449,16.16599846769668,16.165989521383427,0.03284148648868268,0.013041972560174031,0.019336028517714016,16.128935270245112,16.204264329847412,0.07532905960229996,-0.0027381733483555623,17.059756802750027,0.0706985394464171,47.49935934737105,34.295865859857585,True,
2021-04-11 05:59:33.179130112+00:00,2021-04-11,2021,265,gt2r,265_gt2r,PRE_BREACH,250,16.211122546096394,16.210368506946956,0.018365970550456686,0.012538937779043025,0.018590229151209187,16.177689781197532,16.23863230537778,0.06094252418024837,-0.0004377401749915682,13.957871027520785,0.08319999996572733,47.50472783407244,34.33959597222651,True,
2021-04-11 05:59:33.354430208+00:00,2021-04-11,2021,265,gt1r,265_gt1r,PRE_BREACH,145,16.241367018329356,16.242720005906087,0.024622987686492532,0.013255043360967278,0.019651927286970086,16.2128271236542,16.275176569038123,0.06234944538392284,-0.004343514949860995,5.94336813746197,0.09178571429635797,47.527718736797475,34.385821960410055,True,
2021-05-03 16:38:35.790777088+00:00,2021-05-03,2021,609,gt1r,609_gt1r,PRE_BREACH,1,15.849563215592411,15.849563215592411,,0.0,0.0,15.849563215592411,15.849563215592411,0.0,,,,47.26812881701107,33.93762550103947,False,too_few_points
2021-05-03 16:38:36.660576768+00:00,2021-05-03,2021,609,gt2r,609_gt2r,PRE_BREACH,14,15.824896905631936,15.824026724184,0.01079869096585109,0.00930941139233532,0.013802133330276346,15.809651428956798,15.838649938629263,0.028998509672465644,-0.0004231188102043004,22.154807642435017,0.08500000089406967,47.483870001659284,33.94985478107562,False,too_few_points
2021-05-03 16:38:37.966476800+00:00,2021-05-03,2021,609,gt3r,609_gt3r,PRE_BREACH,12,15.801300719968566,15.8047426898866,0.029936817968873375,0.008435384883282993,0.012506301627955364,15.767738764308202,15.857072554805995,0.08933379049779333,0.0014776978613086447,15.788825497063726,0.45865676213394513,47.51438980997955,33.98847927042908,False,too_few_points
2021-05-03 16:38:38.752676864+00:00,2021-05-03,2021,609,gt2l,609_gt2l,PRE_BREACH,4,15.857807869342947,15.863560958120335,0.02430297039046553,0.01295375923408848,0.01920524344045958,15.843462187798163,15.891714052730851,0.04825186493268774,-0.0020189209802324638,4.622902341047756,,47.50263204520116,33.94596519108415,False,too_few_points
2021-05-10 04:35:35.840579840+00:00,2021-05-10,2021,705,gt3l,705_gt3l,PRE_BREACH,105,15.829797933762052,15.828883108930114,0.019107894365170186,0.011472138246311658,0.017008592163981665,15.792122087429844,15.86022182618752,0.06809973875767561,-0.0009795403684557094,10.39064233973276,0.029499999433755874,47.580725201323034,34.56853749868941,True,
2021-05-10 04:35:36.074179584+00:00,2021-05-10,2021,705,gt2l,705_gt2l,PRE_BREACH,70,15.75970340937733,15.762682498602917,0.018558075656176173,0.010998939991274881,0.016307028431064137,15.736449024023079,15.794296371345878,0.057847347322798726,0.00211508821931643,7.482033095883454,0.05000000007982765,47.57376438185954,34.610458704200944,True,
2021-05-10 04:35:36.186879744+00:00,2021-05-10,2021,705,gt3r,705_gt3r,PRE_BREACH,417,15.743876139891167,15.742100028955225,0.022378140315870623,0.010825093784106343,0.016049284044316065,15.711465097345554,15.772158222834847,0.0606931254892924,-0.0028586531980965176,10.376286116132345,0.021123026388226083,47.58110452438018,34.56738986231276,True,
2021-05-10 04:35:36.353579776+00:00,2021-05-10,2021,705,gt1l,705_gt1l,PRE_BREACH,78,15.818902868400789,15.817273648286932,0.021621360822863322,0.011540576323955776,0.017110058457896832,15.78223459046492,15.851960048007907,0.06972545754298665,-0.0023712852616037472,5.372006134295103,0.06630354231366745,47.56805664926951,34.65261831965643,True,
2021-05-10 04:35:36.421779712+00:00,2021-05-10,2021,705,gt2r,705_gt2r,PRE_BREACH,228,15.797892732533267,15.795274687307787,0.021576896539167684,0.013780023395796093,0.020430262686607286,15.75370376721581,15.827100280190956,0.07339651297514571,0.0005247517719774158,7.559681926431589,0.050939337350428104,47.57439932822153,34.60942547576269,True,
2021-05-10 04:35:36.693079808+00:00,2021-05-10,2021,705,gt1r,705_gt1r,PRE_BREACH,298,15.801734763375658,15.830160547442,0.3846719606461171,0.01779087998331086,0.02637675866325668,15.756029004752602,15.842007845432082,0.08597884067948058,-0.050016066508990334,5.4698177185979455,0.06962855368451237,47.56880908053114,34.651612916920755,False,slope_too_steep
2021-05-14 04:27:23.103676928+00:00,2021-05-14,2021,769,gt1l,769_gt1l,PRE_BREACH,329,15.941952025498317,15.939910406588966,0.02473938044952558,0.017957593590949728,0.026623928257942065,15.896497323623983,15.975357453385367,0.07886012976138446,0.0025117237839279334,15.614650010527042,0.06336752326994863,47.11927151247103,33.80997975081275,True,
2021-05-14 04:27:23.303976960+00:00,2021-05-14,2021,769,gt2l,769_gt2l,PRE_BREACH,247,15.879867602733697,15.881194414218387,0.02282737048705206,0.012538171655119612,0.018589093295880335,15.846176494100144,15.92438792989852,0.07821143579837653,0.0012329972313185535,16.137020617660518,0.012499999914628765,47.08074878726969,33.762019980744114,True,
2021-05-14 04:27:23.450377216+00:00,2021-05-14,2021,769,gt1r,769_gt1r,PRE_BREACH,1271,15.859894336427288,15.856575516451205,0.02880535656759044,0.016785515174209564,0.0248862047972831,15.802142577998442,15.89729692951065,0.09515435151220863,0.002004345810807739,15.742544670815073,0.06555118111849535,47.116581917019175,33.808475898187936,True,
2021-05-14 04:27:23.646676992+00:00,2021-05-14,2021,769,gt2r,769_gt2r,PRE_BREACH,801,15.847727610236344,15.84886083983002,0.023536769455862142,0.01485097960981463,0.02201806236951117,15.81272800707724,15.886974206515976,0.07424619943873623,0.0009972934893036879,16.68672901514823,0.01828508929248074,47.08018974246801,33.76080068180417,True,
2021-05-14 04:27:24.984777216+00:00,2021-05-14,2021,769,gt3l,769_gt3l,PRE_BREACH,173,15.832987483766743,15.830838363130516,0.023993745046993812,0.020432225807379467,0.030292817982020798,15.796769725484667,15.872434522453048,0.0756647969683808,-0.0012946603060794836,23.662738122224383,0.009071498301373907,47.038694696197645,33.713574148301376,True,
2021-05-14 04:27:25.337777152+00:00,2021-05-14,2021,769,gt3r,769_gt3r,PRE_BREACH,788,15.797106219642291,15.798409634862418,0.03426873992926391,0.026686807168752935,0.0395658603083931,15.748362124785244,15.845502643251507,0.09714051846626326,-0.0012385486659369698,23.69153026820518,0.012064836366070694,47.026185700539216,33.71078263089464,True,
2021-05-28 15:23:00.313598464+00:00,2021-05-28,2021,989,gt1l,989_gt1l,PRE_BREACH,79,16.293865771007365,16.29137811537632,0.03261054494901544,0.013592253936604237,0.02015187568640944,16.25622144654988,16.33530800791394,0.07908656136406123,-0.0019628868389836517,18.739733062899866,0.13031863789015177,47.47205625357587,34.945637578653546,True,
2021-05-28 15:23:00.438998528+00:00,2021-05-28,2021,989,gt2l,989_gt2l,PRE_BREACH,76,16.23771003576435,16.238733736722054,0.021965095896130996,0.014303726371629466,0.021206704718577846,16.202130289264765,16.277055559035098,0.07492526977033265,-0.0005003895513745209,18.45221191198178,0.10460097068234493,47.476849691517344,34.98783798253227,True,
2021-05-28 15:23:00.649998336+00:00,2021-05-28,2021,989,gt1r,989_gt1r,PRE_BREACH,305,16.285137670872196,16.285341052448466,0.024085721819922946,0.016144119468485485,0.02393527152397658,16.24446892823756,16.32284856903551,0.07837964079795157,-0.001081587618919331,18.749119249813816,0.11183333223064741,47.46935495130866,34.947205471610985,True,
2021-05-28 15:23:00.783998464+00:00,2021-05-28,2021,989,gt2r,989_gt2r,PRE_BREACH,241,16.273125187045913,16.27277698817617,0.020832452397137744,0.014565555596533386,0.021594892727420396,16.242990297649335,16.306387781161597,0.06339748351226149,-0.0007080462851744213,18.480319774922748,0.09487102982197806,47.480651524979436,34.98850034048947,True,
2021-05-28 15:23:00.925198592+00:00,2021-05-28,2021,989,gt3l,989_gt3l,PRE_BREACH,46,16.316509099935928,16.31564580590494,0.02777535026605979,0.0116730989275311,0.01730653646995761,16.268247678067283,16.346861799955793,0.07861412188850991,0.0011144274704873018,15.75042532641532,0.09065463851489451,47.51732543322728,35.02494462388394,True,
2021-05-28 15:23:01.156298496+00:00,2021-05-28,2021,989,gt3r,989_gt3r,PRE_BREACH,199,16.22587290783273,16.225920259591906,0.020199615932019816,0.011805714343733342,0.017503152086019054,16.195588091108817,16.26114961133728,0.06556152022846362,0.0012192157719546767,16.553601628146172,0.06684755033172256,47.51356442910638,35.02674921469285,True,
2021-06-05 15:06:12.034289408+00:00,2021-06-05,2021,1109,gt3l,1109_gt3l,PRE_BREACH,11,16.319599730088058,16.303341361763923,0.044130491631345796,0.004581066722550986,0.006791889522854091,16.231249689853172,16.328835843510227,0.09758615365705481,-0.018547499506963792,4.114118282822054,0.05184377204965462,46.83117109445242,33.56360486759393,False,too_few_points
2021-06-05 15:06:12.161889280+00:00,2021-06-05,2021,1109,gt1l,1109_gt1l,PRE_BREACH,7,16.427681925606883,16.42685867294845,0.023521741323551372,0.01961992229663423,0.029088496796989907,16.398337279885883,16.458893639465913,0.060556359580029806,-0.005323978486559593,2.6153675667096565,0.13669735938310623,46.83129952761177,33.478855851292515,False,too_few_points
2021-06-05 15:06:12.184589312+00:00,2021-06-05,2021,1109,gt2l,1109_gt2l,PRE_BREACH,10,16.358578797914085,16.352941419741022,0.03795531910432624,0.01839556317445279,0.027273261962443705,16.29328001949585,16.391375304469584,0.09809528497373421,-0.01190337599067755,2.7088356004265193,0.0952627059072256,46.83686378110099,33.5204132821036,False,too_few_points
2021-06-05 15:06:12.352689152+00:00,2021-06-05,2021,1109,gt3r,1109_gt3r,PRE_BREACH,42,16.303724711673446,16.304085820133206,0.015023887484254334,0.010196468248459212,0.015117283825165627,16.2807532250402,16.329131076649098,0.048377851608897515,-0.002426627368183539,4.28100749492483,0.00984223464095011,46.8336378960867,33.564432455177126,True,
2021-06-05 15:06:12.495689472+00:00,2021-06-05,2021,1109,gt1r,1109_gt1r,PRE_BREACH,31,16.323117427729855,16.32513842041314,0.02098220067381985,0.009825612782073279,0.014567453510701841,16.303877732586685,16.360456362452105,0.05657862986542028,-0.00012311949998852035,3.433564348830435,0.08833333601554234,46.82948686318091,33.48031319112277,True,
2021-06-05 15:06:12.525789184+00:00,2021-06-05,2021,1109,gt2r,1109_gt2r,PRE_BREACH,29,16.360472968882185,16.35388185251468,0.031942570442951346,0.0081867728622953,0.01213770944563901,16.326234413435852,16.378102491393452,0.05186807795760018,-0.0058829557325592585,2.8192005923117858,0.08539609283465764,46.838133148925124,33.521446453362856,True,
2021-06-08 03:11:39.050289152+00:00,2021-06-08,2021,1149,gt3l,1149_gt3l,PRE_BREACH,92,16.329646438040847,16.335436151951942,0.05450830711119507,0.010577176944069677,0.015681722537277704,16.30421657874745,16.354121828113705,0.04990524936625462,-0.002046354864707115,12.590235109132696,0.03335692927978196,47.52125368556731,34.819118973155526,True,
2021-06-08 03:11:39.242889216+00:00,2021-06-08,2021,1149,gt2l,1149_gt2l,PRE_BREACH,82,16.350622036936095,16.349481781401934,0.019835796605504313,0.013027686538093164,0.019314848061376923,16.318339656468194,16.378596202932318,0.06025654646412448,-0.0005292036238535209,12.51255299902695,0.07875000033527613,47.50579205176973,34.859929599043916,True,
2021-06-08 03:11:39.341089280+00:00,2021-06-08,2021,1149,gt1l,1149_gt1l,PRE_BREACH,116,16.382758475310645,16.382460998749707,0.017931475281996512,0.01091303034207236,0.01617965878515648,16.352571045837202,16.408215282311843,0.05564423647464167,-0.0005446643924811042,17.023295407307042,0.08915336224539526,47.47562399334621,34.89856905428593,True,
2021-06-08 03:11:39.388489216+00:00,2021-06-08,2021,1149,gt3r,1149_gt3r,PRE_BREACH,371,16.332728095601045,16.332622099664977,0.014832067177207607,0.010797767357690446,0.016008769884511855,16.30837701594303,16.35706379156689,0.04868677562386026,-0.00013049976435181582,12.585218371330857,0.015945945866405964,47.52183245384628,34.81810054050947,True,
2021-06-08 03:11:39.571089152+00:00,2021-06-08,2021,1149,gt2r,1149_gt2r,PRE_BREACH,257,16.33401206933945,16.334149084574804,0.018887886978675217,0.012454567452227394,0.018465141704672335,16.302329783172006,16.366486601375684,0.0641568182036778,3.101328384342032e-05,12.597657654251663,0.06817906318732504,47.506179491818585,34.85882568820655,True,
2021-06-08 03:11:39.682489088+00:00,2021-06-08,2021,1149,gt1r,1149_gt1r,PRE_BREACH,457,16.324449901511855,16.32388020232082,0.020623261064567144,0.014236719771794526,0.021107360733662563,16.28991933432569,16.358302310963797,0.06838297663810877,-4.060845627923888e-05,17.01284044125298,0.0866146856466516,47.47521720746609,34.89735567174837,True,
2021-06-12 03:03:19.166585600+00:00,2021-06-12,2021,1209,gt3l,1209_gt3l,PRE_BREACH,371,16.372112055329982,16.366503645038073,0.02809089430440803,0.016321920028790515,0.024198878634684815,16.32262761786894,16.401961625162528,0.07933400729358908,-0.0007640846953635866,32.54709380079049,0.011114027006956547,47.47641387238537,34.03441231091167,True,
2021-06-12 03:03:19.200585728+00:00,2021-06-12,2021,1209,gt2l,1209_gt2l,PRE_BREACH,210,16.327760346065208,16.325103453380887,0.023884906373704086,0.012072757135914713,0.017899069729707152,16.285811133673818,16.35631717018072,0.07050603650690235,0.0005330615211590707,27.321600516061377,0.043650810060521156,47.47093532157901,34.07653020984692,True,
2021-06-12 03:03:19.327685888+00:00,2021-06-12,2021,1209,gt1l,1209_gt1l,PRE_BREACH,186,16.397183786651098,16.397377390657752,0.018189085048597155,0.01073583945940193,0.0159169555825093,16.36467987885375,16.429451064334135,0.06477118548038518,-8.506260278600029e-05,25.796898919903423,0.08394824153673584,47.48095462624013,34.120892331375295,True,
2021-06-12 03:03:19.504785664+00:00,2021-06-12,2021,1209,gt3r,1209_gt3r,PRE_BREACH,1538,16.30391677443172,16.30037578349345,0.023702852845268702,0.016865513704802382,0.02500481061874001,16.260601907859737,16.335562013173238,0.07496010531350095,-0.0008406966837068009,32.70222290709423,0.009324301731795732,47.472836436307794,34.03274554745748,True,
2021-06-12 03:03:19.526585856+00:00,2021-06-12,2021,1209,gt2r,1209_gt2r,PRE_BREACH,706,16.3674545887335,16.365898479590413,0.02111949592600457,0.013562420359756189,0.020107644425374525,16.328484608429434,16.397471946533447,0.06898733810401225,0.0011365614945446803,27.46753161110691,0.03935714305511543,47.467481409917525,34.07492226346983,True,
2021-06-12 03:03:19.662785792+00:00,2021-06-12,2021,1209,gt1r,1209_gt1r,PRE_BREACH,728,16.37810308842544,16.37741813533587,0.023312296526464823,0.01558929147651611,0.023112683543082782,16.340993641356942,16.41167245976377,0.07067881840682944,0.0007745890748230508,25.86771572294687,0.08420817147088609,47.480066988104284,34.11964374219029,True,
2021-06-26 13:59:05.026519296+00:00,2021-06-26,2021,45,gt1l,45_gt1l,PRE_BREACH,318,16.474729430497344,16.47575902833216,0.03986047937738332,0.011387639020886908,0.01688331361236693,16.44308282791658,16.503608366927832,0.060525539011251794,0.0012396081151370532,10.461775197746576,0.014533710660143468,47.56080144785877,35.28959140788067,True,
2021-06-26 13:59:05.259519232+00:00,2021-06-26,2021,45,gt2l,45_gt2l,PRE_BREACH,10,16.465607785540087,16.457312265393305,0.037021155456588066,0.019937075660832804,0.029558708374750713,16.393654889052826,16.492057973985297,0.09840308493247107,-0.22637335579608886,0.25174529367553755,0.3642778620123863,47.52974695128683,35.33694958813634,False,too_few_points|track_too_short
2021-06-26 13:59:05.373519104+00:00,2021-06-26,2021,45,gt1r,45_gt1r,PRE_BREACH,1200,16.43255974393561,16.430619932025433,0.025226463544482613,0.01707154148192913,0.025310267401108127,16.386301398169696,16.47194109969154,0.08563970152184552,-0.0014658942285642308,10.152864195869974,0.011666666219631831,47.560495922587734,35.29083022534731,True,
2021-06-30 13:50:45.194216704+00:00,2021-06-30,2021,105,gt1l,105_gt1l,PRE_BREACH,62,16.42919264165948,16.431610296407136,0.02210035251367335,0.013505122638409972,0.020022694823706624,16.402266743068733,16.473189507913904,0.07092276484517157,-0.0007405047789424911,12.222741241548208,0.08583333374311526,47.55481587832177,34.51187250209568,True,
2021-06-30 13:50:45.486716672+00:00,2021-06-30,2021,105,gt2l,105_gt2l,PRE_BREACH,49,16.421768583849694,16.42250888947787,0.020264260202136796,0.016684803921123148,0.024736890293457176,16.39224415547732,16.456987048599117,0.06474289312179593,0.00026630367131082145,9.338590953620116,0.06470944979513178,47.56370246146389,34.55355548694057,True,
2021-06-30 13:50:45.552016640+00:00,2021-06-30,2021,105,gt3l,105_gt3l,PRE_BREACH,45,16.43861516000132,16.435549877769393,0.018812471886716926,0.0116693678766282,0.01730100481388897,16.40030825198273,16.462505299014982,0.06219704703225304,0.0012292629434576595,9.29478722375187,0.07249999977648258,47.57504488503755,34.59498219375079,True,
2021-06-30 13:50:45.574516736+00:00,2021-06-30,2021,105,gt1r,105_gt1r,PRE_BREACH,207,16.40566711544097,16.404981921273116,0.022586950258771207,0.016245037340752333,0.024084892361399407,16.368047126853032,16.43903494109173,0.07098781423869838,0.00057609010402252,12.06990400445837,0.08712107912245867,47.55850594750395,34.51254216653988,True,
2021-06-30 13:50:45.826116864+00:00,2021-06-30,2021,105,gt2r,105_gt2r,PRE_BREACH,137,16.424577138612587,16.42362825576276,0.018955435208794915,0.012878708459375332,0.019093973161869865,16.390710380797742,16.452029327209154,0.061318946411411446,-0.0005997253395584274,9.663965588292422,0.07116489514817287,47.566539358418446,34.55437641853036,True,
2021-06-30 13:50:45.889016576+00:00,2021-06-30,2021,105,gt3r,105_gt3r,PRE_BREACH,183,16.42254248846657,16.4206857978023,0.02001147600377212,0.013888033120807108,0.020590397904908617,16.387249588324615,16.448096447090077,0.06084685876546203,0.00028983629514460176,9.45750602889488,0.06833333377208975,47.57135910509999,34.59664495234605,True,
2021-07-04 13:42:18.703514112+00:00,2021-07-04,2021,165,gt1r,165_gt1r,PRE_BREACH,1,16.329286011944376,16.329286011944376,,0.0,0.0,16.329286011944376,16.329286011944376,0.0,,,,47.06655925094063,33.80376617795138,False,too_few_points
2021-07-04 13:42:18.720414208+00:00,2021-07-04,2021,165,gt2r,165_gt2r,PRE_BREACH,7,16.330436684379432,16.32797044048379,0.016038091558685998,0.007382597111515565,0.010945438477532977,16.30672237868473,16.347978995336216,0.04125661665148783,-0.12376421023204888,0.12574205197769148,0.07826366275548935,47.071946020435554,33.84556695023269,False,too_few_points|track_too_short
2021-07-11 01:39:21.965308928+00:00,2021-07-11,2021,265,gt3l,265_gt3l,PRE_BREACH,165,16.326113779826493,16.323001745711228,0.0245140448374274,0.016765276004534257,0.02485619820432249,16.283266242981696,16.360429285870513,0.07716304288881659,-0.0001632631470246825,33.353994289723175,0.014806604224210936,47.47055081004518,34.19572695049892,True,
2021-07-11 01:39:22.180008960+00:00,2021-07-11,2021,265,gt2l,265_gt2l,PRE_BREACH,161,16.288086473425416,16.290455623583295,0.031028836517195305,0.015458475626097368,0.022918735963251956,16.24659377336032,16.35649369905562,0.1098999256952986,-0.001355172513626908,33.78850690530592,0.024625441799752224,47.48667660410287,34.240949536411,True,
2021-07-11 01:39:22.515808768+00:00,2021-07-11,2021,265,gt2r,265_gt2r,PRE_BREACH,604,16.323302070838363,16.318871937054634,0.0323955796106944,0.015688713225525674,0.023260086228164365,16.241067973503522,16.36405605769769,0.12298808419416929,-0.0007582660260566788,33.86659547664495,0.01156291270928595,47.485909789097164,34.23962486724398,True,
2021-07-11 01:39:22.530909184+00:00,2021-07-11,2021,265,gt3r,265_gt3r,PRE_BREACH,580,16.269133351549065,16.265894008096872,0.027517627593374276,0.01527706329933487,0.022649774047593878,16.21265429451193,16.300416151729245,0.08776185721731622,-0.0006260584402204519,31.623710326979715,0.016228069943424902,47.45510051015181,34.192418017478595,True,
2021-07-11 01:39:22.657108992+00:00,2021-07-11,2021,265,gt1l,265_gt1l,PRE_BREACH,114,16.315430125241633,16.306729352537232,0.03417039726440069,0.020387768656377148,0.03022690580994476,16.24300433145092,16.351181675724042,0.10817734427312331,-0.0035689285810380344,16.189148987753445,0.037026959848967755,47.51062720624568,34.287262263732515,True,
2021-07-11 01:39:22.988308992+00:00,2021-07-11,2021,265,gt1r,265_gt1r,PRE_BREACH,462,16.2739190966338,16.270634858480328,0.02807740854633726,0.014842110075015569,0.02200491239721808,16.216337394330317,16.30791107308435,0.09157367875403466,-0.0031117265027594087,16.2737388904037,0.024347826069139916,47.511552296152075,34.28619509188899,True,
2021-07-15 01:31:15.857703680+00:00,2021-07-15,2021,325,gt2l,325_gt2l,PRE_BREACH,7,16.376367568633057,16.366235485138027,0.02079432054095633,0.01049427995010177,0.015558819454020883,16.336846810346483,16.38589821424665,0.04905140390016882,0.0005545524669398239,0.551668994604974,,46.78694873543505,33.363841499270116,False,too_few_points|track_too_short
2021-07-15 01:31:15.884603392+00:00,2021-07-15,2021,325,gt1r,325_gt1r,PRE_BREACH,250,16.28801321447547,16.282557778305616,0.03420341222071614,0.030709922173066673,0.045530530613788645,16.233105837760125,16.328958148622498,0.095852310862373,0.016394009264926332,4.474216031336732,0.011956775419508354,46.78008515857446,33.404015693758325,True,
2021-07-15 01:31:15.891103488+00:00,2021-07-15,2021,325,gt1l,325_gt1l,PRE_BREACH,40,16.32404003164472,16.315654495450637,0.036382612231166206,0.026058279045400923,0.03863400451271141,16.264976744730504,16.356503207558138,0.09152646282763399,-0.005279587236865038,1.8992631576554297,0.033397440665534565,46.77325344033809,33.404234431681644,False,track_too_short
2021-07-15 01:31:16.222403584+00:00,2021-07-15,2021,325,gt2r,325_gt2r,PRE_BREACH,15,16.327673128554054,16.329411675594315,0.014789427773917754,0.01034162352365442,0.015332491036170041,16.31040884937768,16.35355943833944,0.043150588961758274,-0.09303452484154477,0.40330419419921093,0.009999999776482582,46.78629442788302,33.3625499209723,False,too_few_points|track_too_short
2021-08-02 12:18:27.414510336+00:00,2021-08-02,2021,609,gt1l,609_gt1l,PRE_BREACH,157,16.268237694684483,16.269075012455474,0.022024877013964064,0.01307710243998983,0.01938811207752892,16.239681187789426,16.301218085052678,0.0615368972632524,-0.0007849701177822677,29.09189673719686,0.0821632212917706,47.4470362505994,34.00821258990858,True,
2021-08-02 12:18:27.705510144+00:00,2021-08-02,2021,609,gt3l,609_gt3l,PRE_BREACH,116,16.251849679619838,16.25114550397346,0.018313552486739004,0.010262787040113963,0.01521560806567296,16.222789441488686,16.282047822502854,0.05925838101416758,-0.0005725803903968939,27.28242731015775,0.06678843103220751,47.4920546184538,34.08764898042687,True,
2021-08-02 12:18:27.754510080+00:00,2021-08-02,2021,609,gt1r,609_gt1r,PRE_BREACH,516,16.21560140011615,16.216250518098025,0.020013874039467954,0.012429472451330525,0.018427935856342635,16.18352929748712,16.250795279362563,0.06726598187544397,-0.0007095292570197885,29.171974246739737,0.08109922453584756,47.450770589014894,34.008890486966145,True,
2021-08-02 12:18:27.766210048+00:00,2021-08-02,2021,609,gt2l,609_gt2l,PRE_BREACH,108,16.216090982464703,16.219422162424888,0.044668966234095754,0.013721891553121424,0.020344076416657822,16.178307218814158,16.265763876002147,0.0874566571879889,-0.0004870375302321531,27.023041393031495,0.09523003880340274,47.491366874061264,34.04478363408242,True,
2021-08-02 12:18:28.042710016+00:00,2021-08-02,2021,609,gt3r,609_gt3r,PRE_BREACH,420,16.19760860714831,16.197815359721968,0.019258632355641916,0.01233285330351741,0.01828468830779491,16.168455704798507,16.23174093309754,0.06328522829903349,0.00028406146429902626,27.373733092264363,0.06477161509831318,47.48949730805721,34.08915329138172,True,
2021-08-02 12:18:28.110610176+00:00,2021-08-02,2021,609,gt2r,609_gt2r,PRE_BREACH,300,16.255338226176512,16.254961590681187,0.018477142929077296,0.011286498642601117,0.016733362887520416,16.221065320069073,16.283206034901454,0.06214071483238115,-0.0008464588462875401,27.119313270746133,0.07008095864030356,47.49091131493007,34.04609421143522,True,
2021-08-05 00:23:46.641405952+00:00,2021-08-05,2021,645,gt2r,645_gt2r,PRE_BREACH,189,16.238389183899884,16.23901252329474,0.019653169891625615,0.008171538110609333,0.012115122402789396,16.218970226301536,16.26086845035737,0.04189822405583499,0.0014465245290275874,15.498622573982871,0.02440353103268605,47.47087186136905,35.27542029463166,True,
2021-08-05 00:23:47.263906048+00:00,2021-08-05,2021,645,gt3r,645_gt3r,PRE_BREACH,21,16.231157744876516,16.230724922837517,0.017779378155995344,0.012025235202038687,0.017828613710542555,16.20154206369049,16.257507082818897,0.05596501912840779,0.004022678104771441,5.5769366551150625,0.009999999776482582,47.52377239694468,35.23999567450208,True,
2021-08-05 00:23:48.011906048+00:00,2021-08-05,2021,645,gt2l,645_gt2l,PRE_BREACH,44,16.220837988853198,16.22112275070772,0.013721219438124778,0.009572901780794396,0.01419278418020577,16.20185192703591,16.242387413644924,0.04053548660901285,0.0029249821606018127,2.462347869996763,0.018822077979765286,47.46761681628028,35.27609011190611,True,
2021-08-06 12:09:58.754599936+00:00,2021-08-06,2021,669,gt3l,669_gt3l,PRE_BREACH,31,16.260955920349254,16.258140634601663,0.025239764513976966,0.012841331792408539,0.019038558515424898,16.227595946529863,16.29277547625484,0.06517952972497554,-0.003846624052328458,5.424390838043482,0.05760629421039935,46.797026520684476,33.406321657580186,True,
2021-08-06 12:09:58.959999744+00:00,2021-08-06,2021,669,gt2l,669_gt2l,PRE_BREACH,5,16.27817731957545,16.27850694911131,0.006457361085419016,0.005955440468891737,0.00882953603917889,16.271575425506605,16.285478209605998,0.013902784099393273,-0.014654647577035189,0.6801329280972536,,46.78739616672297,33.365308166123135,False,too_few_points|track_too_short
2021-08-06 12:09:59.133499904+00:00,2021-08-06,2021,669,gt3r,669_gt3r,PRE_BREACH,108,16.249619958194145,16.248477000830704,0.01596678645892759,0.010650330944796949,0.015790180658755953,16.221878425508823,16.27321444100158,0.051336015492758236,0.00016069161701517517,5.249621833714493,0.01762943618275501,46.798691276738566,33.40719278952414,True,
2021-08-06 12:09:59.288499712+00:00,2021-08-06,2021,669,gt2r,669_gt2r,PRE_BREACH,16,16.267619474015092,16.267717389571196,0.01393071916663674,0.010063678298280365,0.014920409445030468,16.24616518403484,16.28826078463274,0.042095600597900074,-0.019654090081544826,0.9422844093654889,0.03777246281970292,46.787776701465006,33.36645807694224,False,too_few_points|track_too_short
2021-08-09 00:15:26.570497024+00:00,2021-08-09,2021,705,gt1l,705_gt1l,PRE_BREACH,32,16.150882319771576,16.148791678543468,0.01803902807052353,0.012522841331868761,0.018566364558628624,16.118902725641256,16.17634237755328,0.05743965191202349,0.0009380615280910706,9.531026580239713,0.0466666662444671,47.58421139248401,34.55705751217984,True,
2021-08-09 00:15:26.630897152+00:00,2021-08-09,2021,705,gt2l,705_gt2l,PRE_BREACH,29,16.116510482502832,16.117436075360715,0.021216120585928668,0.015761768338112603,0.023368397738085744,16.0880376052046,16.152050636327505,0.06401303112290435,-0.0031450105309904957,12.871837409974473,0.07069843339508977,47.57723805319929,34.5131208475254,True,
2021-08-09 00:15:26.721197056+00:00,2021-08-09,2021,705,gt3l,705_gt3l,PRE_BREACH,45,16.13555098894291,16.135186552568726,0.0203145692506098,0.013357578434099793,0.01980394578639635,16.099757330088494,16.163253141190552,0.06349581110205804,-0.0001861111378905835,12.726336621226084,0.06327716511015485,47.56067186332393,34.46790856640798,True,
2021-08-09 00:15:26.916296960+00:00,2021-08-09,2021,705,gt1r,705_gt1r,PRE_BREACH,128,16.124759643759866,16.12162788198107,0.024217434062847137,0.01467924513920238,0.021763448843381446,16.069634036098225,16.15086520443244,0.08123116833421307,-0.0009657440761635929,9.719673408944173,0.05905258878192399,47.58252107920048,34.5556894724151,True,
2021-08-09 00:15:26.976797184+00:00,2021-08-09,2021,705,gt2r,705_gt2r,PRE_BREACH,110,16.140070151408263,16.13813401957733,0.020405377662428434,0.015202857031814787,0.022539755835368602,16.1082970525502,16.168851139203664,0.06055408665346462,0.0015357699321587588,13.08787400495191,0.06727272771637548,47.56840878600618,34.510753976858474,True,
2021-08-09 00:15:27.056997120+00:00,2021-08-09,2021,705,gt3r,705_gt3r,PRE_BREACH,197,16.133949870261986,16.133606388034543,0.026017647699228253,0.014337210825392077,0.02125634876972629,16.085179981456747,16.17500533272033,0.08982535126358115,-0.0016907366995789533,12.862424978436298,0.057964000586174465,47.562488516446656,34.46692793569451,True,
2021-08-13 00:07:17.816587008+00:00,2021-08-13,2021,769,gt1l,769_gt1l,PRE_BREACH,85,16.10217065447215,16.103308387593977,0.01886507438731821,0.013795292666834769,0.020452900907849226,16.074083971850506,16.132428675877346,0.05834470402684033,0.0003805730482001794,23.31641564647246,0.06201379838235238,46.989930660888305,33.694143967363345,True,
2021-08-13 00:07:17.922586880+00:00,2021-08-13,2021,769,gt2r,769_gt2r,PRE_BREACH,243,16.11852228781794,16.114944818662572,0.025230065583485714,0.014012665478762898,0.02077517783881387,16.06184220725877,16.150626239709716,0.08878403245094546,-0.0003956620361892791,28.272590022554326,0.046977241087374805,46.96213503894168,33.64668236379705,True,
2021-08-13 00:07:18.166386944+00:00,2021-08-13,2021,769,gt1r,769_gt1r,PRE_BREACH,335,16.117339030190188,16.117287226557224,0.02487474358980098,0.014704366023874371,0.02180069306699614,16.08155782404642,16.155325922623327,0.07376809857690603,0.0011428966039836235,23.318052708427278,0.05969696949151429,46.98645411526463,33.6925442435981,True,
2021-08-13 00:07:18.193886976+00:00,2021-08-13,2021,769,gt2l,769_gt2l,PRE_BREACH,61,16.118657027659033,16.117692538602075,0.025377368492992585,0.013943737426934888,0.020672985109173665,16.08641858762723,16.14868230056673,0.06226371293950095,0.00043552795237421617,23.61793920987089,0.06574893876347902,46.948751663814264,33.64590352938897,True,
2021-08-13 00:07:18.918486784+00:00,2021-08-13,2021,769,gt3l,769_gt3l,PRE_BREACH,81,16.11487153260304,16.10956048158458,0.025585573191620005,0.013871248372634426,0.020565512837267798,16.077878449133564,16.139128326744736,0.0612498776111714,0.0009286626133080215,20.456105278139376,0.04237740142553142,46.92329040948991,33.59999152562664,True,
2021-08-13 00:07:19.255086848+00:00,2021-08-13,2021,769,gt3r,769_gt3r,PRE_BREACH,358,16.12422457973919,16.1156234760064,0.03313470360033833,0.02396854079135302,0.03553575857725999,16.067397134761865,16.159277612507125,0.09188047774525998,-0.0029767598302676973,20.673527102241096,0.022812519642400605,46.94600171324625,33.601949886587505,True,
2021-08-27 11:02:56.616885248+00:00,2021-08-27,2021,989,gt1r,989_gt1r,PRE_BREACH,135,16.023838827627255,16.024851507214553,0.017777152681565694,0.011246173268869342,0.016673576488425684,15.99442295067687,16.055600370706134,0.06117742002926363,0.0016519882627212944,16.396241695626713,0.03269230631681589,47.51988682519567,35.03728817023436,True,
2021-08-27 11:02:56.624485376+00:00,2021-08-27,2021,989,gt3r,989_gt3r,PRE_BREACH,180,16.016070020927156,16.01761979219569,0.04388748040945917,0.013010215910442824,0.01928894610882253,15.975954368688061,16.051178655081728,0.07522428639366652,0.0019461620112165158,22.701889881986812,0.05134068332654608,47.570581096817314,35.115855764176544,True,
2021-08-27 11:02:56.753085184+00:00,2021-08-27,2021,989,gt2r,989_gt2r,PRE_BREACH,207,16.030659528456464,16.02951446456567,0.029940832147993493,0.01511478043767056,0.022409173476890372,15.989467707137917,16.065071724798305,0.07560401766038716,-0.0005286903274320817,19.708420414085673,0.016873944964673784,47.57539743690771,35.07230249924958,True,
2021-08-27 11:02:56.818185216+00:00,2021-08-27,2021,989,gt2l,989_gt2l,PRE_BREACH,29,16.0331894144516,16.028500920246497,0.015811737114828035,0.009635900046582435,0.014286185409063118,16.002471810549746,16.0519344737568,0.04946266320705206,-0.001488314027231641,16.733877976031255,0.029752476340425865,47.6038636040447,35.06704289349225,True,
2021-08-27 11:02:58.697185280+00:00,2021-08-27,2021,989,gt3l,989_gt3l,PRE_BREACH,30,16.023914658423635,16.042052675253604,0.06217542997367462,0.018249906756997447,0.027057311757924415,16.00353564017159,16.10780407545271,0.10426843528111718,0.01977658294715812,5.597461931642708,0.07596671408308404,47.61313759049976,35.10866911447015,True,
2021-08-31 10:54:35.284171264+00:00,2021-08-31,2021,1049,gt2l,1049_gt2l,PRE_BREACH,95,15.921464250546968,15.921652158050904,0.0209186181041051,0.014830023957006944,0.021986993518658494,15.887507493701811,15.95229983402572,0.06479234032390835,-0.0015854942972502435,17.077586793506146,0.06283613576830088,47.4994048494136,34.303217292297184,True,
2021-08-31 10:54:35.417271296+00:00,2021-08-31,2021,1049,gt1l,1049_gt1l,PRE_BREACH,115,15.950392101790449,15.949134985291789,0.021082142598196872,0.012389930704909347,0.018369311263098598,15.909557525767722,15.981129554278414,0.07157202851069222,-0.0009471222294424907,19.521208585203777,0.052727272395383225,47.51184360497762,34.25859209587322,True,
2021-08-31 10:54:35.635071488+00:00,2021-08-31,2021,1049,gt2r,1049_gt2r,PRE_BREACH,281,15.947345211042457,15.947347930298339,0.02251572528913272,0.01603154196847001,0.023768364122453634,15.908329615879822,15.984705592340305,0.07637597646048278,-0.0026310274667345765,16.940638548437786,0.04142857150041631,47.50174847239712,34.3040902313422,True,
2021-08-31 10:54:35.758271488+00:00,2021-08-31,2021,1049,gt1r,1049_gt1r,PRE_BREACH,436,15.92769323309761,15.92803538566271,0.026187946967306718,0.014645993464451834,0.021714149910396288,15.891739759649774,15.964830839405252,0.07309107975547846,-0.002105675150614815,19.63398255159576,0.043023256238463314,47.513652583200965,34.25952424406244,True,
2021-08-31 10:54:35.943371520+00:00,2021-08-31,2021,1049,gt3l,1049_gt3l,PRE_BREACH,61,15.920496812133134,15.920637140751976,0.019900333058689133,0.014419471812182394,0.021378308908741615,15.888334249473282,15.953242228317375,0.0649079788440936,-0.0021433168192854304,10.425951722110343,0.06749999973302086,47.52591434753782,34.34236783546076,True,
2021-08-31 10:54:36.296271360+00:00,2021-08-31,2021,1049,gt3r,1049_gt3r,PRE_BREACH,226,15.893995547532628,15.897977442004962,0.04004787290465045,0.01240179252364193,0.018386897595551524,15.865732477118016,15.929546047648605,0.06381357053058956,-0.0001229599531128987,10.543622095485357,0.06571408652131801,47.527016189011626,34.34333175376831,True,
2021-09-04 10:46:07.550657280+00:00,2021-09-04,2021,1109,gt2l,1109_gt2l,PRE_BREACH,41,15.850036700289358,15.855394228313912,0.02053117669523395,0.012878988255714319,0.019094387987922047,15.833654516260005,15.891737158367889,0.05808264210788394,0.0021953766387098612,20.617866340199345,0.029041459163029987,46.90867463183087,33.60783199331111,True,
2021-09-04 10:46:07.681957120+00:00,2021-09-04,2021,1109,gt1l,1109_gt1l,PRE_BREACH,14,15.841240704595167,15.843692778926536,0.029957384628809047,0.01805507187602018,0.026768449563387517,15.809731369994353,15.892477581632,0.08274621163764806,0.014211774966277235,2.888667395426327,0.07999999821186066,46.84652753853719,33.57421551187856,False,too_few_points
2021-09-04 10:46:07.852257280+00:00,2021-09-04,2021,1109,gt1r,1109_gt1r,PRE_BREACH,61,15.853664788066272,15.849675443298123,0.021768819661251822,0.012422645647259145,0.018417814436626406,15.806511149257435,15.87515369760061,0.06864254834317407,-0.004761305202527107,4.135883296551069,0.038333332631736994,46.845185115250175,33.57557108815622,True,
2021-09-04 10:46:07.896157184+00:00,2021-09-04,2021,1109,gt2r,1109_gt2r,PRE_BREACH,134,15.839769692562276,15.840586288783753,0.020933547306360437,0.011297056911576675,0.01674901657710358,15.811559853948697,15.865890207346865,0.05433035339816783,0.00023574814661259547,20.60597355575064,0.01515327375382185,46.91471563241789,33.6081884040803,True,
2021-09-04 10:46:08.061457408+00:00,2021-09-04,2021,1109,gt3l,1109_gt3l,PRE_BREACH,37,15.851001307485046,15.852170786592186,0.026129507339475107,0.020408709309748474,0.030257952422633086,15.825904403325005,15.896266246999343,0.07036184367433762,-0.00036491077210207095,15.157393200584208,0.050558648043961235,46.9431782506722,33.64545244663297,True,
2021-09-04 10:46:08.404557312+00:00,2021-09-04,2021,1109,gt3r,1109_gt3r,PRE_BREACH,158,15.822226480398317,15.820028980865118,0.020096076050518545,0.011776235994066298,0.01745944748480269,15.787228501613924,15.848140218317688,0.06091171670376383,-0.0005967679755979621,15.39356597208035,0.012794600367940815,46.94808532797534,33.6458782966475,True,
2021-09-06 22:51:35.158251776+00:00,2021-09-06,2021,1149,gt1l,1149_gt1l,PRE_BREACH,71,15.84279882984685,15.841474016825794,0.01906654269908961,0.01207061328536696,0.017895891256885055,15.808858996578529,15.869479273188634,0.060620276610105606,-7.142804655326457e-05,12.560209357137873,0.07928571437618562,47.527841187173905,34.80858348511441,True,
2021-09-06 22:51:35.212951808+00:00,2021-09-06,2021,1149,gt2l,1149_gt2l,PRE_BREACH,56,15.84838611697736,15.849710170394635,0.018346694740215594,0.015174827741883945,0.022498199610117137,15.820524675396008,15.878939655948026,0.058414980552017326,0.0018130964187083316,10.363792530667203,0.06782625868384327,47.53608342283462,34.76680602702753,True,
2021-09-06 22:51:35.266451712+00:00,2021-09-06,2021,1149,gt3l,1149_gt3l,PRE_BREACH,58,15.860730328770678,15.863495796105477,0.023160984047470284,0.012876016748526453,0.019089982431365317,15.832320191807343,15.897987552421181,0.06566736061383871,-0.002574097583488758,9.378356370968238,0.0754738190564616,47.54026775454314,34.72449006916708,True,
2021-09-06 22:51:35.502552064+00:00,2021-09-06,2021,1149,gt1r,1149_gt1r,PRE_BREACH,282,15.852956267721803,15.850461665150887,0.026081102894199033,0.014821985448907782,0.021975075626550676,15.812330773680621,15.884358045581779,0.07202727190115787,-0.0014408978707141638,12.651808073085727,0.08446428495725351,47.5279871899734,34.80748719009386,True,
2021-09-06 22:51:35.560351744+00:00,2021-09-06,2021,1149,gt2r,1149_gt2r,PRE_BREACH,180,15.88475103380916,15.88154257117675,0.020011691340867062,0.01075194660756118,0.015940836040370204,15.846259375567,15.912998821683276,0.06673944611627647,0.0007330191078343841,10.32350110045901,0.05972222119776739,47.53596851943918,34.76565504148963,True,
2021-09-06 22:51:35.607751936+00:00,2021-09-06,2021,1149,gt3r,1149_gt3r,PRE_BREACH,244,15.88326737113332,15.880497656632746,0.02551567551031389,0.013250572243540759,0.019645298408273528,15.82225379876603,15.911341684843892,0.08908788607786278,-0.002192506387109713,9.565174090820337,0.06124999971749882,47.53940111172889,34.72316613754765,True,
2021-09-29 09:30:43.721701376+00:00,2021-09-29,2021,105,gt3r,105_gt3r,PRE_BREACH,56,15.88475926496616,15.891478276991247,0.07919971437238044,0.02649403703725639,0.03928005931143632,15.82578297316937,15.93960581123059,0.11382283806122118,0.018603700517879757,8.022658044350695,0.17614656873047352,47.558647928757814,34.71189681660644,True,
2021-09-29 09:30:43.867401472+00:00,2021-09-29,2021,105,gt3l,105_gt3l,PRE_BREACH,10,15.755322919429538,15.750027341845064,0.025191276625755613,0.01112619941113735,0.016495703246952233,15.70847065226278,15.778032531279063,0.06956187901628219,0.0033043970821968883,4.431258619872871,0.125,47.56081274556284,34.710608443638634,False,too_few_points
2021-09-29 09:30:44.145001472+00:00,2021-09-29,2021,105,gt1l,105_gt1l,PRE_BREACH,15,15.843535372417513,15.850358985167015,0.032853202411783265,0.03503240188734935,0.05193903903818414,15.808262424386259,15.892051097368649,0.08378867298239001,0.012358426829297303,5.301315060580232,0.10000000149011612,47.58051648375706,34.62160351847247,False,too_few_points
2021-09-29 09:30:44.153301248+00:00,2021-09-29,2021,105,gt2l,105_gt2l,PRE_BREACH,1,15.83577048208091,15.83577048208091,,0.0,0.0,15.83577048208091,15.83577048208091,0.0,,,,47.5588347621887,34.66796822771037,False,too_few_points
2021-09-29 09:30:44.302201344+00:00,2021-09-29,2021,105,gt2r,105_gt2r,PRE_BREACH,12,15.817847100084881,15.817250607636916,0.03623741587075797,0.009867273219759554,0.014629219275615514,15.773257793833535,15.868030652932505,0.09477285909897049,0.016318373082106485,4.120051777072887,0.25340811772779986,47.561158130087925,34.668435496610876,False,too_few_points
2021-09-29 09:30:44.332801280+00:00,2021-09-29,2021,105,gt1r,105_gt1r,PRE_BREACH,66,15.808786938817926,15.814356748269471,0.03039802015521117,0.019750361937717287,0.029281886608859647,15.767221022712288,15.872691648165269,0.10547062545298047,0.008415009756352522,6.552618864488314,0.08325021287821459,47.578188925828385,34.62294491558856,True,
2021-10-03 09:22:20.291975424+00:00,2021-10-03,2021,165,gt1l,165_gt1l,PRE_BREACH,82,15.823548520456448,15.852982333979101,0.21448180909155598,0.01784338809962982,0.02645460719651117,15.78562220738362,15.874249250252202,0.08862704286858225,0.015823199516461283,9.69120933256821,0.0981249992037192,47.19970319892561,33.897402267272014,True,
2021-10-03 09:22:20.650875392+00:00,2021-10-03,2021,165,gt1r,165_gt1r,PRE_BREACH,17,15.921609359490827,15.919017490706016,0.01994630056390969,0.011714186251946757,0.01736745253713626,15.889688164884214,15.947995286011546,0.058307121127331385,0.0021246040627938647,9.473458785675783,0.20825361528179862,47.20251309651021,33.89828515046652,False,too_few_points
2021-10-03 09:22:20.923175424+00:00,2021-10-03,2021,165,gt2l,165_gt2l,PRE_BREACH,81,15.864447841277254,15.865828370207467,0.02643083880355328,0.0183979474869993,0.02727679694422516,15.82192400623417,15.905928789143008,0.0840047829088384,0.0004138795848534317,8.789827004049048,0.12374999653548002,47.252457887644795,33.93274264445075,True,
2021-10-03 09:22:21.178575616+00:00,2021-10-03,2021,165,gt3l,165_gt3l,PRE_BREACH,304,15.84609480973489,15.84319315331144,0.0545275815166511,0.028747623670341227,0.0426212268536479,15.745621401976322,15.935219126720884,0.18959772474456216,-0.0008768892295503354,34.48809114899966,0.17156164414014946,47.3868518526266,33.95653774447782,True,
2021-10-03 09:22:21.547275520+00:00,2021-10-03,2021,165,gt3r,165_gt3r,PRE_BREACH,96,15.875457675337389,15.866657250739502,0.060563150186770935,0.028475444097317393,0.04221769341868276,15.787235104994533,15.930283050113687,0.14304794511915375,-0.002090388061175347,33.757438760279044,0.2529456430468066,47.39544345860103,33.95635372930096,True,
2021-10-03 09:22:21.757275648+00:00,2021-10-03,2021,165,gt2r,165_gt2r,PRE_BREACH,26,15.843110677863645,15.841153646441224,0.029401019590531853,0.018453935712328118,0.027359805087097667,15.790710481080339,15.877784193631367,0.08707371255102814,0.006544589088885826,5.406205790163334,0.1793916064959306,47.25933005315849,33.932561200360844,True,
2021-10-28 08:06:48.048186112+00:00,2021-10-28,2021,545,gt3l,545_gt3l,PRE_BREACH,999,15.932802526553168,15.929932715855106,0.022041791054062676,0.011167061374468545,0.016556285193787063,15.888393542625618,15.9583649241356,0.06997138150998161,0.001456245910436153,18.64194221032283,0.011161615874505404,47.48197403626241,34.86780255391102,True,
2021-10-28 08:06:48.380985856+00:00,2021-10-28,2021,545,gt3r,545_gt3r,PRE_BREACH,272,15.977836450904421,15.97544248300585,0.02111522934064043,0.014139124340907472,0.02096266574782942,15.940169762639965,16.00466135158974,0.06449158894977458,0.000594268122919034,18.649770168435055,0.012940032435236153,47.4802484135494,34.86921937986128,True,
2021-10-28 08:06:48.933486080+00:00,2021-10-28,2021,545,gt2l,545_gt2l,PRE_BREACH,636,15.96091209484026,15.957392698816129,0.0228922374573107,0.009024563696410581,0.013379818136298327,15.930896395342927,15.980265496998573,0.04936910165564612,0.0024065380248051967,13.327860347452143,0.011748241685307439,47.5108954394849,34.82080601576308,True,
2021-10-28 08:06:49.171886080+00:00,2021-10-28,2021,545,gt1l,545_gt1l,PRE_BREACH,889,15.936421935015971,15.936702051204731,0.016785070439516235,0.0105137085624456,0.015587624314681846,15.908129512354327,15.964090762491514,0.055961250137187335,0.001049323625567343,11.741891569655488,0.010399816186912148,47.5244190371751,34.775902164618934,True,
2021-10-28 08:06:49.267186176+00:00,2021-10-28,2021,545,gt2r,545_gt2r,PRE_BREACH,191,15.938028085338523,15.936960133721238,0.013886228569650442,0.00845247420352635,0.012531638254148166,15.916354242331854,15.954673052100043,0.0383188097681888,0.0018212883813285173,13.313507971872824,0.009736841887627778,47.51173688398376,34.82181591553582,True,
2021-10-28 08:06:49.501085952+00:00,2021-10-28,2021,545,gt1r,545_gt1r,PRE_BREACH,216,15.978797832594573,15.978431899075447,0.01293991568119936,0.008782679198485965,0.013021200179675292,15.95615046457463,15.999810466700623,0.04366000212599275,0.0007675883711552209,11.714162265221454,0.010531762347522157,47.52394617895598,34.77706862340211,True,
2021-11-03 20:03:48.080253952+00:00,2021-11-03,2021,645,gt3l,645_gt3l,PRE_BREACH,446,16.012285698174782,16.012195910942417,0.024147467291708774,0.015366301038071128,0.022782077919044255,15.972447640621894,16.050573371727328,0.07812573110543397,-0.0003787832896832627,26.412938604256386,0.10504809670269082,47.55451632811954,35.131920329860236,True,
2021-11-03 20:03:48.411954176+00:00,2021-11-03,2021,645,gt1l,645_gt1l,PRE_BREACH,530,15.995213106795411,15.992059373925118,0.02608568882225996,0.014237945520701345,0.02110917802899181,15.94171254402728,16.028774139865796,0.0870615958385148,-0.00037927850926885743,24.251232911362248,0.023364467952350587,47.54719336501401,35.216742223627406,True,
2021-11-03 20:03:48.627953920+00:00,2021-11-03,2021,645,gt2l,645_gt2l,PRE_BREACH,337,16.005144203101647,16.005742918343195,0.017650376219556486,0.012251479799285647,0.0181640439504209,15.976850932773596,16.033820621049433,0.056969688275836816,0.00047330985157603684,22.962339596797328,0.07960005283621016,47.542568852931275,35.17318915268719,True,
2021-11-03 20:03:48.774154240+00:00,2021-11-03,2021,645,gt1r,645_gt1r,PRE_BREACH,139,16.035805203184466,16.030204674310724,0.02428284461592304,0.013415953929321489,0.019890493295612037,15.98599094142701,16.061347102566558,0.07535616113954724,-0.00044676932311254217,24.120189827602317,0.027746463150489988,47.54753997355792,35.21557904161358,True,
2021-11-03 20:03:48.795254016+00:00,2021-11-03,2021,645,gt3r,645_gt3r,PRE_BREACH,106,15.984945064219481,15.986869164738081,0.019831725305359225,0.01220656931620212,0.01809745966820126,15.95812603857205,16.022219141339953,0.06409310276790237,0.000714123743591473,23.712493757210993,0.10016112113898655,47.55051918425654,35.130173462579016,True,
2021-11-03 20:03:49.013754112+00:00,2021-11-03,2021,645,gt2r,645_gt2r,PRE_BREACH,100,15.984358241982347,15.984410146784615,0.021151097216407993,0.01476513348911368,0.021890786910959942,15.946679870603598,16.015960364763416,0.06928049415981796,0.00022427416429026203,22.583871699261117,0.08150000050663948,47.54107879705583,35.171746145109175,True,
2021-11-05 07:50:01.352243456+00:00,2021-11-05,2021,669,gt3l,669_gt3l,PRE_BREACH,947,15.880222804795096,15.884882854679672,0.02952307922183916,0.02377574193417331,0.03524991499160535,15.842398482493882,15.931526469217038,0.08912798672315603,0.014227700389013283,5.53998298184533,0.01238575934726497,46.795475698091934,33.40651416936679,True,
2021-11-05 07:50:01.558543360+00:00,2021-11-05,2021,669,gt2l,669_gt2l,PRE_BREACH,47,15.944409946127195,15.945079878822554,0.024315454057844875,0.012421038210007396,0.018415431250156964,15.89410055236254,15.978965520517328,0.08486496815478795,-0.028527408030617953,0.7992288730541502,0.021249998826533556,46.78798337471268,33.36520912157205,False,track_too_short
2021-11-05 07:50:01.739443200+00:00,2021-11-05,2021,669,gt3r,669_gt3r,PRE_BREACH,212,15.942566399949026,15.948376829380004,0.024639287900906935,0.02058491833138021,0.030519199918104294,15.914805903398578,15.985908969454039,0.07110306605546057,0.011663536270289043,5.279636215098435,0.016347787117859197,46.79683444294783,33.407564351230604,True,
2021-11-05 07:50:01.892143360+00:00,2021-11-05,2021,669,gt2r,669_gt2r,PRE_BREACH,18,15.931116805986601,15.931462782702944,0.013812894571264165,0.009638849515061665,0.014290558291030424,15.910951322919153,15.951247963349678,0.04029664043052428,0.008787313700963471,0.9555728289045582,0.040644687289992966,46.78831254123979,33.36641474191179,False,too_few_points|track_too_short
2021-11-11 19:47:18.802316800+00:00,2021-11-11,2021,769,gt1l,769_gt1l,PRE_BREACH,243,15.883208130732122,15.884772167493596,0.03209110445298141,0.022869859844064422,0.03390685420480991,15.831794447734222,15.931275216497092,0.09948076876287004,0.0009586897352892171,22.2122441085043,0.027470779857771882,46.89143118570509,33.56683198412469,True,
2021-11-11 19:47:19.150616832+00:00,2021-11-11,2021,769,gt1r,769_gt1r,PRE_BREACH,56,15.96439353911573,15.962954821052055,0.025667934467411797,0.020174780887977306,0.02991113014451515,15.923029562944395,15.998794319899034,0.07576475695463891,0.0008893299346881546,22.1533925976789,0.017877493984997272,46.90021582699213,33.566786472994046,True,
2021-11-11 19:47:21.300417024+00:00,2021-11-11,2021,769,gt2l,769_gt2l,PRE_BREACH,91,15.940619024286931,15.938088643327553,0.019198258566729322,0.01146731967229897,0.01700144814615045,15.903510778136349,15.96553142468031,0.06202064654396189,-0.0047910663883969805,4.2420160646445195,0.07666666660871771,46.83689462128009,33.51676914835871,True,
2021-11-11 19:47:21.475216896+00:00,2021-11-11,2021,769,gt3l,769_gt3l,PRE_BREACH,112,15.964244171080754,15.962776125903128,0.02367917733842346,0.015661838295505603,0.023220241456916608,15.927944827912032,16.005243012129416,0.07729818421738344,-0.012068293826155723,3.549535043207928,0.09818181801926006,46.830595097737955,33.47353397091418,True,
2021-11-11 19:47:21.644016640+00:00,2021-11-11,2021,769,gt2r,769_gt2r,PRE_BREACH,29,15.860203725254404,15.857613973091691,0.018550081721789433,0.013025678894308612,0.019311871528701948,15.827067946794656,15.887079374236581,0.06001142744192478,-0.0029871110711957335,4.215913469653308,0.0925934122040354,46.8366969535944,33.51559200798949,True,
2021-11-11 19:47:21.832816896+00:00,2021-11-11,2021,769,gt3r,769_gt3r,PRE_BREACH,29,15.870426509330912,15.87655249965021,0.022664087251432093,0.013728875685405484,0.02035443109118217,15.845291237987112,15.914344280545716,0.069053042558604,-0.013034922603970073,3.4358888475445593,0.10090793977523672,46.830066989584964,33.47231633154737,True,
2021-11-26 06:42:51.945290752+00:00,2021-11-26,2021,989,gt2l,989_gt2l,PRE_BREACH,784,16.077228768921895,16.084140414331877,0.04002365848570956,0.022320228100751294,0.033091970182173865,16.033791332998387,16.1691368271006,0.1353454941022143,0.0023976267949006023,41.7885633335735,0.08089998991039521,47.636679165217124,35.17593207516391,True,
2021-11-26 06:42:51.993290752+00:00,2021-11-26,2021,989,gt1l,989_gt1l,PRE_BREACH,755,16.073955401251908,16.14875575581701,1.7165874560485357,0.022854921882611734,0.033884707183160154,16.027762840603923,16.186165021734833,0.15840218113090998,0.0122644502660418,43.66920549333259,0.0631986081031671,47.60821502570448,35.137026274177,True,
2021-11-26 06:42:52.168790784+00:00,2021-11-26,2021,989,gt3l,989_gt3l,PRE_BREACH,704,16.052549514441008,16.063481947278067,0.09808745940507829,0.022206061397996635,0.03292270662866981,15.998076688710183,16.145624848741516,0.14754816003133264,0.004130525860072176,32.079304703939115,0.10790619153672891,47.599083828527995,35.22426447890189,True,
2021-11-26 06:42:52.294690560+00:00,2021-11-26,2021,989,gt2r,989_gt2r,PRE_BREACH,239,16.116723982596707,16.12352027985751,0.045989072588668085,0.023377996875748153,0.03466021816798421,16.067515100079095,16.201479760462558,0.13396466038346233,0.0026908282492849743,41.29704811751039,0.0914198700741772,47.63351621866059,35.17755722142265,True,
2021-11-26 06:42:52.338890752+00:00,2021-11-26,2021,989,gt1r,989_gt1r,PRE_BREACH,187,16.097252594391723,16.11153982727172,0.04830769536675792,0.024552530044942955,0.036401581044632425,16.055714535753676,16.21108350074997,0.1553689649962955,0.0033700219238747054,43.537072241390774,0.07382161498231732,47.61170043868116,35.137721942314265,True,
2021-11-26 06:42:52.513890816+00:00,2021-11-26,2021,989,gt3r,989_gt3r,PRE_BREACH,171,16.131632085188514,16.131876547475272,0.03369742537909876,0.020659056668598907,0.030629117416864738,16.074108187864233,16.19238361353696,0.11827542567272786,0.0022257841927701056,26.840489604477852,0.11213735795232671,47.59075124999815,35.22660365617496,True,
2021-11-30 06:34:33.341873152+00:00,2021-11-30,2021,1049,gt3l,1049_gt3l,PRE_BREACH,259,16.03369210950502,16.033151858724832,0.029880190932356547,0.019912022703337584,0.0295215648599683,15.98703322660281,16.08141514472294,0.09438191812012953,0.0012309450783823052,12.302470058891382,0.10734069668978918,47.560363488175106,34.45103015698576,True,
2021-11-30 06:34:33.399572992+00:00,2021-11-30,2021,1049,gt2l,1049_gt2l,PRE_BREACH,89,16.052593810364836,16.049701993874965,0.029382818893967197,0.0225452813748106,0.033425634166294196,16.00408093455342,16.09198347364029,0.08790253908686907,0.004039980852485306,6.430408273476,0.09859622228981518,47.537170598954944,34.41148918179194,True,
2021-11-30 06:34:33.440573184+00:00,2021-11-30,2021,1049,gt1l,1049_gt1l,PRE_BREACH,60,16.039628348208428,16.038226674366452,0.03256420921741931,0.02269946639303022,0.0336542288743066,15.993151572438958,16.090473493468537,0.09732192102957882,0.00990514681881925,6.924754386564681,0.11840384125204409,47.543408884637714,34.36772774931764,True,
2021-11-30 06:34:33.681773312+00:00,2021-11-30,2021,1049,gt3r,1049_gt3r,PRE_BREACH,64,16.137592347138387,16.12968668544832,0.035360468125665866,0.021394625332273876,0.03171967151762924,16.063009217080722,16.177786832304204,0.11477761522348118,0.0026424124965347055,12.233670936462612,0.13145081140100956,47.5573601103101,34.45262141406875,True,
2021-11-30 06:34:33.750073088+00:00,2021-11-30,2021,1049,gt2r,1049_gt2r,PRE_BREACH,28,16.114675335380618,16.124975050073665,0.06873226036088499,0.027385266646442474,0.04060139633001561,16.072505445147275,16.167851148156604,0.09534570300932899,0.024039066142196683,6.551056420102552,0.15697476134768554,47.541101729591425,34.4119895432169,True,
2021-11-30 06:34:34.376973056+00:00,2021-11-30,2021,1049,gt1r,1049_gt1r,PRE_BREACH,13,16.03683427069377,16.043094860393424,0.03752139378071642,0.017690467049995107,0.026227886448322742,15.997910425536604,16.10145309815518,0.10354267261857508,0.01122182386157856,2.6640045487190576,0.22665295817635275,47.547170085855456,34.36812646542732,False,too_few_points
2021-12-10 18:23:18.404727296+00:00,2021-12-10,2021,1209,gt1l,1209_gt1l,PRE_BREACH,20,16.031195737310675,16.03712755820895,0.026570920400040728,0.017518765479717757,0.025973321700229545,16.007386537604862,16.067753221116963,0.060366683512100394,-0.006264013368996497,15.702647061927685,0.12540344070447118,47.165649227614956,33.865227036554586,True,
2021-12-10 18:23:18.707727104+00:00,2021-12-10,2021,1209,gt2l,1209_gt2l,PRE_BREACH,5,16.173365282905426,16.226951008514796,0.21842501896631125,0.039405206816319094,0.05842215962587469,16.063416192271468,16.520059747801895,0.4566435555304267,-0.016510498583209604,15.375339168516138,2.2681751251220703,47.08853365849954,33.81159665884735,False,too_few_points|stdev_too_large
2021-12-10 18:23:18.962727424+00:00,2021-12-10,2021,1209,gt3l,1209_gt3l,PRE_BREACH,9,16.0986641049058,16.084732205422263,0.03536116636619661,0.022096675223206574,0.03276053068592606,16.029723153223674,16.116418869149868,0.08669571592619363,-0.0015488710986826717,30.202654993345504,,47.06216087334805,33.76526950739354,False,too_few_points
2021-12-25 05:18:56.778109440+00:00,2021-12-25,2021,45,gt1l,45_gt1l,PRE_BREACH,6,15.973596478094791,15.932199701551085,0.09421637827423357,0.013855591823412894,0.020542300437391955,15.7909639951478,15.98875753940877,0.1977935442609695,-0.001851150574894409,24.373763605439272,1.607613444328308,47.61414216413457,35.16829837778411,False,too_few_points|stdev_too_large
2021-12-25 05:18:56.907209472+00:00,2021-12-25,2021,45,gt2l,45_gt2l,PRE_BREACH,20,16.119436956189027,16.1477203554506,0.11826935541191073,0.016145161298547706,0.02393681614122683,16.089269662239822,16.33101642547705,0.2417467632372272,-0.003704101975346102,25.37974064673432,0.48567630909383297,47.69648994525669,35.199562330587426,True,
2021-12-25 05:18:57.076509440+00:00,2021-12-25,2021,45,gt3l,45_gt3l,PRE_BREACH,3,16.110842370337664,16.21590873254798,0.22957013048052996,0.05316866932050601,0.07882786913458222,16.06299056794921,16.442373350693973,0.3793827827447629,1.265833023660489,0.31736912232955405,2.0667219161987305,47.54043221985389,35.26477393082816,False,too_few_points|track_too_short|stdev_too_large
2021-12-25 05:19:00.587209472+00:00,2021-12-25,2021,45,gt2r,45_gt2r,PRE_BREACH,6,16.016894015323434,16.01517690371409,0.026588545259279818,0.013844912328952574,0.020526467018905085,15.9788776962537,16.043382908133836,0.06450521188013525,-0.01013890754879404,1.775864683003971,0.23486045002937317,47.74494300185831,35.19394291945281,False,too_few_points|track_too_short
2022-01-04 17:07:36.328185344+00:00,2022-01-04,2022,205,gt3l,205_gt3l,PRE_BREACH,2,16.16319157956015,16.16319157956015,0.011606045787505093,0.008206713679106414,0.01216727370064317,16.155805537248952,16.17057762187134,0.01477208462238977,,,,47.43683613880394,34.96931514174331,False,too_few_points
2022-01-08 16:59:14.444076544+00:00,2022-01-08,2022,265,gt2l,265_gt2l,PRE_BREACH,72,16.07810358393111,16.077118363741135,0.0159465598732682,0.011275125428532817,0.016716500960342755,16.050418970487883,16.100301014085986,0.04988204359810311,0.0006230434448039547,9.588476573386526,0.04571428509163005,47.583323612689725,34.254309161789244,True,
2022-01-08 16:59:14.460676352+00:00,2022-01-08,2022,265,gt3l,265_gt3l,PRE_BREACH,53,16.14319350237335,16.13593125935937,0.03233750210114027,0.029505553795377892,0.043744934057027264,16.092514176706107,16.185217467793,0.09270329108689168,-0.0019057449238810377,31.772340412933865,0.029999537393450737,47.503415245361666,34.20003189885702,True,
2022-01-08 16:59:14.793176320+00:00,2022-01-08,2022,265,gt2r,265_gt2r,PRE_BREACH,15,16.10573282788127,16.105557823607683,0.018797785924290655,0.009903478655207465,0.014682897454210586,16.078144261653296,16.134387695829275,0.05624343417597899,-0.00018626852116340506,6.001689045755092,0.05203182771801949,47.59124743659176,34.25430276005325,False,too_few_points
2022-01-08 16:59:14.807776512+00:00,2022-01-08,2022,265,gt3r,265_gt3r,PRE_BREACH,9,16.136496677463597,16.137869499213807,0.015293121951193188,0.005753902531381527,0.008530735893026251,16.117557322125215,16.159210331102706,0.04165300897749091,-0.0006981788097560485,31.53140520180347,0.1468091905117035,47.47197394799969,34.194469612750474,False,too_few_points
2022-01-08 16:59:14.926976768+00:00,2022-01-08,2022,265,gt1l,265_gt1l,PRE_BREACH,51,16.10189576106272,16.114020399635073,0.10447176023264147,0.011823369120364191,0.01752932705785195,16.079028315317853,16.122518994732758,0.04349067941490503,-0.029973260556602474,16.148582392455467,0.11147449629417822,47.56043645510566,34.29409785103311,True,
2022-01-08 16:59:15.260676608+00:00,2022-01-08,2022,265,gt1r,265_gt1r,PRE_BREACH,9,16.095435725077074,16.091879801797912,0.016490952592648905,0.011892552153671687,0.017631897823033642,16.071901208081833,16.11302010439037,0.041118896308535824,0.003586020316226917,2.5739257245754312,0.06514528393745422,47.57466707568797,34.294952174404074,False,too_few_points
2022-02-06 15:35:14.954881792+00:00,2022-02-06,2022,705,gt1l,705_gt1l,PRE_BREACH,366,16.153653419930997,16.1493100068624,0.023843300246170734,0.01144232062388717,0.016964384556975118,16.098893407791248,16.17806655071451,0.07917314292326338,0.0019752783402453575,9.812399761043453,0.01162546826272063,47.56260136490735,34.55386683753786,True,
2022-02-06 15:35:15.011581696+00:00,2022-02-06,2022,705,gt2l,705_gt2l,PRE_BREACH,455,16.169739454717785,16.170233811651354,0.01442746308291226,0.010145097091591282,0.015041120947993234,16.146210773501668,16.193189908659367,0.04697913515769869,0.0007313544723352748,13.107582662630543,0.019111110435591803,47.551630650697675,34.509467377583846,True,
2022-02-06 15:35:15.094781696+00:00,2022-02-06,2022,705,gt3l,705_gt3l,PRE_BREACH,403,16.150898658761584,16.142933158412486,0.04055034132244296,0.012567640963411009,0.01863278449235316,16.094236621646374,16.175035973868052,0.08079935222167833,0.003318906713845897,12.913208636125473,0.023064048751779923,47.547986875482835,34.46607072083625,True,
2022-02-06 15:35:15.299881728+00:00,2022-02-06,2022,705,gt1r,705_gt1r,PRE_BREACH,87,16.162865600032287,16.161204773993063,0.014409847327347573,0.007185081094799983,0.010652601231150454,16.13728078643728,16.181227087823277,0.04394630138599709,0.001358630026635812,9.75484625302716,0.013567791116991263,47.56338397038213,34.552819655002445,True,
2022-02-06 15:35:15.369781504+00:00,2022-02-06,2022,705,gt2r,705_gt2r,PRE_BREACH,139,16.150426865346123,16.151228488197855,0.015769629611384485,0.010786291408251714,0.01599175564187399,16.125388974918327,16.173985664374488,0.04859668945616136,-0.002265320256311614,13.056190794917326,0.024559009297610186,47.55137609304807,34.50820350726514,True,
2022-02-06 15:35:15.442781696+00:00,2022-02-06,2022,705,gt3r,705_gt3r,PRE_BREACH,99,16.159972527554075,16.159586470822493,0.04635886251370063,0.012006593812007083,0.0178009759856817,16.118860178771836,16.187145967361655,0.06828578858981871,-0.0034712680448992657,12.85320272792425,0.044559647733665476,47.54804372028919,34.46487768828779,True,
2022-02-10 15:27:08.267678208+00:00,2022-02-10,2022,769,gt3l,769_gt3l,PRE_BREACH,20,16.039332527881186,16.0436302885302,0.020334157944559016,0.015760848186030074,0.023367033520608187,16.012037274079898,16.06968787984907,0.05765060576917236,-0.010064666734927504,3.56648957756588,0.007499999832361937,46.831363414985034,33.58717150660038,True,
2022-02-10 15:27:08.273878272+00:00,2022-02-10,2022,769,gt2l,769_gt2l,PRE_BREACH,13,16.039725623084163,16.0428285883766,0.023498209882275516,0.010697567777366856,0.0158602139867241,16.011739503704558,16.077740252995678,0.06600074929112054,-0.011818704441797088,1.597820939881311,0.05499999597668648,46.844416979728116,33.631286889132994,False,too_few_points|track_too_short
2022-02-10 15:27:08.625278208+00:00,2022-02-10,2022,769,gt2r,769_gt2r,PRE_BREACH,4,16.066766367292487,16.098476439384825,0.08739261391383323,0.02233759130158397,0.033117712863728395,16.036915603704067,16.20443137599485,0.16751577229078407,-0.06068747646556887,1.6121548832344166,1.7127251625061035,46.843881112620515,33.63003264832666,False,too_few_points|track_too_short|stdev_too_large
2022-02-10 15:27:09.039278336+00:00,2022-02-10,2022,769,gt3r,769_gt3r,PRE_BREACH,2,16.076131502237118,16.076131502237118,0.01889441104466672,0.013360366176209837,0.019808078892848704,16.064107172678526,16.088155831795707,0.024048659117180904,,,,46.82579771637422,33.58524166811095,False,too_few_points
2022-03-05 02:05:54.792411648+00:00,2022-03-05,2022,1109,gt2l,1109_gt2l,PRE_BREACH,200,16.080365228278325,16.070986790210085,0.032845197354797684,0.014941191719554325,0.02215181084341124,15.998744494042956,16.10965594773857,0.11091145369561417,-0.0005060722568825889,13.609429880248362,0.019560717246853387,46.94291643875065,33.60299243434705,True,
2022-03-05 02:05:54.951611392+00:00,2022-03-05,2022,1109,gt3l,1109_gt3l,PRE_BREACH,202,16.065746063124976,16.05842577691076,0.03255106008332505,0.011870931814469188,0.017599843508132016,15.985343764430224,16.093685365841335,0.10834160141111049,-0.00473221792581336,10.68824578723179,0.018249999592080714,46.9580853179742,33.643242923812835,True,
2022-03-05 02:05:55.303811584+00:00,2022-03-05,2022,1109,gt3r,1109_gt3r,PRE_BREACH,61,16.09963908610502,16.09894155126883,0.018048214645427944,0.013222048860335178,0.019603009640332934,16.07027601110422,16.124478222916267,0.054202211812047096,-0.0031058682829644066,10.813518462434397,0.025999999046325682,46.9658769078385,33.6432974936968,True,
2022-03-05 02:05:55.436811520+00:00,2022-03-05,2022,1109,gt2r,1109_gt2r,PRE_BREACH,54,16.054712919968456,16.06847098455822,0.03514252048437887,0.015186315172023512,0.022515230874042058,16.029813953549755,16.134939112096095,0.10512515854633975,0.0076199598762199975,11.46196735583342,0.024429578942303756,46.9481849452216,33.6033748133199,True,
2022-03-11 14:03:00.636218624+00:00,2022-03-11,2022,1209,gt1l,1209_gt1l,PRE_BREACH,9,16.16904661270436,16.17905468333052,0.06128739684009552,0.05293575079094026,0.07848254412264803,16.108350190625405,16.259383917070405,0.15103372644500013,-0.00304219072166461,39.42273991624125,0.1235576644539833,47.36997311793684,34.00776647930393,False,too_few_points
2022-03-11 14:03:01.479118592+00:00,2022-03-11,2022,1209,gt3l,1209_gt3l,PRE_BREACH,24,16.171919561893255,16.19766772968742,0.10954588893878657,0.03785929147633382,0.05613018554281252,16.093061753344994,16.28669300393161,0.19363125058661623,-0.00193275875338164,42.286612541244985,0.2279539586355289,47.40612829515379,33.927190404906405,True,
2022-03-11 14:03:01.831118592+00:00,2022-03-11,2022,1209,gt3r,1209_gt3r,PRE_BREACH,1,16.241630127734595,16.241630127734595,,0.0,0.0,16.241630127734595,16.241630127734595,0.0,,,,47.53300991183374,33.943843345001206,False,too_few_points
2022-03-11 14:03:06.062818816+00:00,2022-03-11,2022,1209,gt2l,1209_gt2l,PRE_BREACH,7,16.20953772829632,16.198596118058877,0.03203599536903081,0.009936734018523907,0.014732201855863544,16.150724000356337,16.232153964826995,0.08142996447065798,0.007790729637450692,3.7061510381742067,0.19752982258796692,47.223039297201694,33.944152734428904,False,too_few_points
2022-03-26 00:58:48.643353088+00:00,2022-03-26,2022,45,gt1l,45_gt1l,PRE_BREACH,1022,16.011137235072603,16.068449231247627,0.9024607000376756,0.015697440131521745,0.023273024738994137,15.970155393861083,16.056731699590472,0.08657630572938935,0.02559315039577328,42.41457981570328,0.0973690373426818,47.581712356533544,35.17295810020436,True,
2022-03-26 00:58:48.783853056+00:00,2022-03-26,2022,45,gt3l,45_gt3l,PRE_BREACH,1977,16.116206144389775,16.1156762312364,0.01932630401114291,0.012847820135387877,0.019048178132726065,16.083007786121573,16.145976939338993,0.06296915321741992,-0.00014735074092572665,21.44161455186383,0.011041937774677558,47.57494476664772,35.25983871472165,True,
2022-03-26 00:58:48.787653120+00:00,2022-03-26,2022,45,gt2l,45_gt2l,PRE_BREACH,1535,16.16826916142118,16.16847727327591,0.023372776742361497,0.014638763176037628,0.021703430284793386,16.131746260757005,16.204693879923806,0.07294761916680059,-0.00013429215165318352,33.18008971638764,0.03892607402277032,47.61050466806366,35.21179424768211,True,
2022-03-26 00:58:48.995953152+00:00,2022-03-26,2022,45,gt1r,45_gt1r,PRE_BREACH,246,16.13019258763731,16.13074505081087,0.021124155795495748,0.013521530504881696,0.0200470211265376,16.09751211001073,16.162737869978564,0.06522575996783431,0.0009537779004881858,36.51981592769911,0.09018522754001121,47.582210845756855,35.17406310843839,True,
2022-03-26 00:58:49.141553152+00:00,2022-03-26,2022,45,gt3r,45_gt3r,PRE_BREACH,518,16.16798583418643,16.167169307403245,0.016045231197564177,0.010657750433265889,0.015801180792360005,16.141552144023883,16.19351438928155,0.05196224525766624,-0.00022746847118576617,21.17057471349909,0.012664399699498558,47.572253467872926,35.26144647677091,True,
2022-03-26 00:58:49.143653120+00:00,2022-03-26,2022,45,gt2r,45_gt2r,PRE_BREACH,487,16.078849393407186,16.08267492584214,0.060181165695445016,0.013119921631655984,0.01945159581109316,16.045972062100475,16.117673388048082,0.07170132594760759,0.0008470785473046003,32.96788928942237,0.042006350673343004,47.6162149079635,35.212253006802584,True,
2022-03-30 00:50:29.299357696+00:00,2022-03-30,2022,105,gt3l,105_gt3l,PRE_BREACH,573,16.143382971237394,16.144264579514154,0.02130886734897545,0.013807076459009693,0.02047037155812777,16.115163425534174,16.175401080834053,0.06023765529987912,-0.0024419207576510216,12.78829448583374,0.017217412799753366,47.57767843039682,34.48090068413122,True,
2022-03-30 00:50:29.341857536+00:00,2022-03-30,2022,105,gt2l,105_gt2l,PRE_BREACH,232,16.16655417686554,16.167409744664464,0.018213889844705795,0.013219639094119273,0.019599436920941234,16.137227175856008,16.197690785358034,0.06046360950202612,-0.00024510558364766196,8.00624137147276,0.07913043568639652,47.52294430327568,34.44565658566003,True,
2022-03-30 00:50:29.459457536+00:00,2022-03-30,2022,105,gt1l,105_gt1l,PRE_BREACH,113,16.025423462604437,16.026952680002058,0.02752457102443739,0.020390088324415245,0.03023034494977804,15.982654000307647,16.07043895081269,0.08778495050504276,-0.0027615518800525305,5.427209016856319,0.11136363582177596,47.52392082224149,34.40262870927263,True,
2022-03-30 00:50:29.644757504+00:00,2022-03-30,2022,105,gt3r,105_gt3r,PRE_BREACH,141,16.159633336717324,16.159225437107597,0.017233230118370982,0.009727935117894049,0.014422636605789716,16.136086003829895,16.183564212424127,0.047478208594231575,-0.0013887584938612721,12.652537595280396,0.025064870171303297,47.577396061545855,34.482174129399176,True,
2022-03-30 00:50:29.686857472+00:00,2022-03-30,2022,105,gt2r,105_gt2r,PRE_BREACH,70,16.08354566931508,16.088132670310753,0.04230900761454387,0.014791943629724358,0.02193053562542933,16.05263116624384,16.119268572823497,0.06663740657965533,0.003267792758905542,12.045404775504993,0.07254351329976234,47.52637861657227,34.446440017152156,True,
2022-03-30 00:50:29.923457536+00:00,2022-03-30,2022,105,gt1r,105_gt1r,PRE_BREACH,26,16.145832861674446,16.145053439722822,0.016056290331560186,0.010414803761740643,0.015440988057156676,16.11505465922461,16.16896513846531,0.053910479240698805,-0.006878667308804391,4.431637454039653,0.11327793621099912,47.52522437595346,34.403606901269065,True,
2022-04-03 00:42:00.073062656+00:00,2022-04-03,2022,165,gt1l,165_gt1l,PRE_BREACH,192,16.191059834378855,16.193204528966536,0.04016884537678538,0.016475232126005324,0.024426179150015492,16.154214846455012,16.238354828609534,0.08413998215452168,-0.000664240855546533,17.759523141961814,0.11657107139334959,47.00425037119291,33.69754996145458,True,
2022-04-03 00:42:00.083762688+00:00,2022-04-03,2022,165,gt2l,165_gt2l,PRE_BREACH,89,16.292531125748624,16.278856302667325,0.04487822635463465,0.013584504978808809,0.02014038708158194,16.180055038987636,16.325364603866436,0.14530956487880076,0.006701299217459039,17.07525420574176,0.07000000099651515,47.019416193271375,33.737918103238655,True,
2022-04-03 00:42:00.419162624+00:00,2022-04-03,2022,165,gt2r,165_gt2r,PRE_BREACH,32,16.178839138995926,16.170615595567853,0.03629447950929293,0.02108393853865209,0.03125904727740559,16.109364857871096,16.22505247118512,0.115687613314023,0.0036314411484716686,17.103055962430872,0.09343003199018281,47.0076351382848,33.74080962007316,True,
2022-04-03 00:42:00.431962624+00:00,2022-04-03,2022,165,gt1r,165_gt1r,PRE_BREACH,35,16.2440433038083,16.239548661494453,0.029579294775977812,0.011984406435608719,0.017768080981433485,16.198667405749692,16.27057306443541,0.07190565868571852,0.005502176361360593,16.55264805348936,0.105245897739098,47.00425282180756,33.69873440375493,True,
2022-04-03 00:42:02.105662720+00:00,2022-04-03,2022,165,gt3l,165_gt3l,PRE_BREACH,66,16.212872677014108,16.21406855616916,0.022352148890727497,0.013485193818077335,0.019993148354681457,16.18204356875847,16.25768405741482,0.07564048865635087,0.00544042033102331,7.066143282122307,0.04608028579616186,47.06871149001549,33.7735899866777,True,
2022-04-03 00:42:02.478262784+00:00,2022-04-03,2022,165,gt3r,165_gt3r,PRE_BREACH,25,16.240628294092396,16.225154197200762,0.037807596950478285,0.029295873630811542,0.04343406224504119,16.171313129302444,16.27157374283813,0.10026061353568494,-0.004368816561492392,16.40125602308751,0.04570973469387917,47.1204838971826,33.767549719017936,True,
2022-04-27 23:26:27.051163904+00:00,2022-04-27,2022,545,gt3l,545_gt3l,PRE_BREACH,252,16.23542421022594,16.23532372191107,0.019928807914781816,0.011877148016521843,0.017609059649295284,16.19976320434337,16.265640319042568,0.0658771146991981,0.00014566286221097126,9.47764719156834,0.057600001022219655,47.53492990404202,34.746715530191445,True,
2022-04-27 23:26:27.123663872+00:00,2022-04-27,2022,545,gt2l,545_gt2l,PRE_BREACH,236,16.272704112592496,16.273485795812363,0.01864883817356566,0.011936693200047088,0.01769734133838981,16.243620331002102,16.308691494133072,0.06507116313096972,0.0012325321918231192,11.128176942440843,0.09027038132613999,47.540401757225936,34.702859513319346,True,
2022-04-27 23:26:27.376663808+00:00,2022-04-27,2022,545,gt3r,545_gt3r,PRE_BREACH,61,16.31157578496218,16.313728717346134,0.016082816885714425,0.012992841368866692,0.019263186613481757,16.288683079152587,16.33806289967594,0.049379820523352436,0.002976426897628203,9.581792811603457,0.058333334202567734,47.534192941558736,34.74802082775283,True,
2022-04-27 23:26:27.474063872+00:00,2022-04-27,2022,545,gt2r,545_gt2r,PRE_BREACH,72,16.311614282006307,16.31147885413963,0.018546656963704375,0.011098058574162906,0.016453981642053923,16.28218823698532,16.341594525876083,0.05940628889076294,0.0014084339845076724,10.985083350224361,0.09428571483918599,47.54036839487995,34.704040688727304,True,
2022-04-27 23:26:27.723164160+00:00,2022-04-27,2022,545,gt1l,545_gt1l,PRE_BREACH,248,16.388227640564374,16.388647366582546,0.025256370951216807,0.014333376322952063,0.02125066373640873,16.346694343902158,16.430151323860716,0.08345697995855872,0.004625807093092857,6.685677602074552,0.0999743758790916,47.55857573577094,34.65715101537693,True,
2022-04-27 23:26:28.056563968+00:00,2022-04-27,2022,545,gt1r,545_gt1r,PRE_BREACH,60,16.2332026727129,16.232273069110263,0.01921950326896106,0.01223248939497168,0.01813588877698501,16.19815341912751,16.258568655259975,0.06041523613246369,0.0006066758042776573,6.690385617681222,0.09583333383003871,47.55809250643408,34.65845737183994,True,
2022-05-08 11:15:09.818249472+00:00,2022-05-08,2022,705,gt3l,705_gt3l,PRE_BREACH,634,16.242969121900057,16.242868797058666,0.0169841449306351,0.011900512589898327,0.017643699965783258,16.215806547729812,16.270882564470824,0.05507601674101181,0.0018062573709203332,11.049334847692954,0.009682539466118056,47.55548957906006,34.580712615333645,True,
2022-05-08 11:15:10.122649344+00:00,2022-05-08,2022,705,gt2l,705_gt2l,PRE_BREACH,165,16.25621153199826,16.25298957889752,0.020105648128115237,0.013622255635070246,0.020196356204555146,16.218574412742733,16.283096722730765,0.06452230998803188,-0.0001681043123951666,6.022225103088837,0.062187501054722816,47.56999299340543,34.62571796676371,True,
2022-05-08 11:15:10.161049344+00:00,2022-05-08,2022,705,gt3r,705_gt3r,PRE_BREACH,170,16.23096455861352,16.234599781233918,0.052887059820914996,0.010968323473457886,0.01626163638174866,16.206982874068686,16.25875500990838,0.051772135839694755,-0.0018954509736915067,10.995090663917349,0.02725661842919448,47.55547253123733,34.579531525931294,True,
2022-05-08 11:15:10.189549568+00:00,2022-05-08,2022,705,gt1l,705_gt1l,PRE_BREACH,379,16.24836935979292,16.247621518193945,0.02241013460907634,0.014406565402889981,0.021359173866324684,16.21006788819899,16.284428469353163,0.0743605811541741,-0.0020750190476197575,7.54622152813011,0.08645345587135934,47.55549530182511,34.66650801996825,True,
2022-05-08 11:15:10.456349440+00:00,2022-05-08,2022,705,gt2r,705_gt2r,PRE_BREACH,56,16.22506956668087,16.223665104634684,0.01945214116582701,0.01221193527228337,0.01810541523468732,16.18832748082064,16.253084714375493,0.06475723355485385,0.00011671849127522976,6.065563042154858,0.07255831826478243,47.57094624170697,34.624640833005664,True,
2022-05-08 11:15:10.556749312+00:00,2022-05-08,2022,705,gt1r,705_gt1r,PRE_BREACH,97,16.31103906149519,16.309481319015724,0.019843605991483854,0.012366497167676016,0.01833456870079646,16.26869379205247,16.33903836888903,0.07034457683656115,-0.002273510372365779,7.3697870950815005,0.08912291162714515,47.554382485279966,34.66521194818173,True,
2022-05-12 11:07:01.168960768+00:00,2022-05-12,2022,769,gt1l,769_gt1l,PRE_BREACH,425,16.23780312501678,16.236918007095746,0.02901244620025412,0.018815965013544655,0.027896549729081305,16.188335703052292,16.286830092101898,0.0984943890496055,0.0019896427375631414,15.989138508611228,0.10797618968146187,47.13110702135739,33.82769832242062,True,
2022-05-12 11:07:01.352260864+00:00,2022-05-12,2022,769,gt3l,769_gt3l,PRE_BREACH,277,16.239379896014874,16.242640924896694,0.10085067352181053,0.013657065226208687,0.020247964904376997,16.1875329345823,16.271461651911974,0.08392871732967322,0.0039009024170078136,32.13504106549315,0.03616953180913908,47.03937741722831,33.72968175151961,True,
2022-05-12 11:07:01.439060992+00:00,2022-05-12,2022,769,gt2l,769_gt2l,PRE_BREACH,359,16.293907120215177,16.293913970976593,0.026974239455170575,0.01595383120129057,0.023653150139033397,16.26012621151594,16.336583685834377,0.0764574743184383,0.002958442930014566,30.829281874699493,0.09033124579974774,47.104597216713756,33.78143277944456,True,
2022-05-12 11:07:01.522760960+00:00,2022-05-12,2022,769,gt1r,769_gt1r,PRE_BREACH,110,16.20338401694925,16.204094759812914,0.024848437707306006,0.017190374647054085,0.025486449451722386,16.165960495575995,16.242240105228,0.07627960965200486,0.002890613269574169,15.864032055785518,0.10866039453281297,47.13025647983635,33.826404233387414,True,
2022-05-12 11:07:01.690060800+00:00,2022-05-12,2022,769,gt3r,769_gt3r,PRE_BREACH,70,16.256123414923515,16.256898481318668,0.01744820470447193,0.009489888112909739,0.014069708116199979,16.232237327255387,16.287732501139136,0.055495173883748805,-0.0013524360606640227,32.17551436538464,0.07166666599611442,47.049457690691696,33.72994989476244,True,
2022-05-12 11:07:01.795260928+00:00,2022-05-12,2022,769,gt2r,769_gt2r,PRE_BREACH,113,16.21093223568781,16.21727449712146,0.04796942630932319,0.013312802308533378,0.019737560702631586,16.17137606557031,16.26218153207139,0.0908054665010809,0.0004627368260534819,30.639981512348154,0.11459582765525747,47.10293443655771,33.7800101905427,True,
2022-05-26 22:02:34.128239616+00:00,2022-05-26,2022,989,gt1l,989_gt1l,PRE_BREACH,4,16.268021054412408,16.266267652822428,0.021904367101792926,0.015208118448232,0.02254755641134876,16.242260602198844,16.28781994122004,0.04555933902119591,0.006983410160595824,5.25215979131656,,47.57291557124365,35.02850096832498,False,too_few_points
2022-05-26 22:02:35.210939648+00:00,2022-05-26,2022,989,gt1r,989_gt1r,PRE_BREACH,1,16.26816675714076,16.26816675714076,,0.0,0.0,16.26816675714076,16.26816675714076,0.0,,,,47.585308046425304,35.02793273983929,False,too_few_points
2022-05-26 22:02:35.351939584+00:00,2022-05-26,2022,989,gt2l,989_gt2l,PRE_BREACH,1,16.27610541544886,16.27610541544886,,0.0,0.0,16.27610541544886,16.27610541544886,0.0,,,,47.61978357245866,35.06475662068752,False,too_few_points
2022-05-30 21:54:19.375564288+00:00,2022-05-30,2022,1049,gt2l,1049_gt2l,PRE_BREACH,1101,16.43208462636964,16.430950471003513,0.023318349333794283,0.014728021125289814,0.021835764120354678,16.395013638328468,16.46873665677388,0.0737230184454134,-0.0021873481856960236,25.783680369054995,0.013714297638156937,47.489693191434654,34.19087782099201,True,
2022-05-30 21:54:19.724064256+00:00,2022-05-30,2022,1049,gt2r,1049_gt2r,PRE_BREACH,386,16.33636289152458,16.33579313872953,0.022037406220358116,0.015346187343387996,0.022752257355307042,16.301127720457067,16.371765423475324,0.07063770301825656,-0.0016335611046380612,25.686937204717665,0.009078947165490766,47.48285631602898,34.19313476633556,True,
2022-05-30 21:54:19.800764416+00:00,2022-05-30,2022,1049,gt1l,1049_gt1l,PRE_BREACH,1237,16.325324004444468,16.325450260489784,0.030031076482256603,0.018061553703827116,0.02677805952129408,16.275055195448182,16.372563841929406,0.0975086464812236,-0.0006586716362607691,26.263311123542458,0.060436018352359656,47.493350892363615,34.14766949707487,True,
2022-05-30 21:54:21.127164672+00:00,2022-05-30,2022,1049,gt3l,1049_gt3l,PRE_BREACH,1792,16.314298424167085,16.317149853604292,0.031210909067564865,0.01817325772192291,0.026943671898522904,16.278082877781028,16.358936922116232,0.08085404433520438,0.00047338508634776953,20.99052249472313,0.00953427095656196,47.48093169537041,34.23503927463533,True,
2022-05-30 21:54:21.175864576+00:00,2022-05-30,2022,1049,gt1r,1049_gt1r,PRE_BREACH,326,16.464348833419407,16.46644977137562,0.02559889603206478,0.012805579408947665,0.018985552031705807,16.43343876718749,16.500885358443934,0.06744659125644503,-0.0018356695502654034,18.200049443674764,0.05349236442431854,47.48833117563839,34.14948621938672,True,
2022-05-30 21:54:21.474964736+00:00,2022-05-30,2022,1049,gt3r,1049_gt3r,PRE_BREACH,440,16.356972751247255,16.35504448527099,0.029685592187714716,0.022505428679986395,0.033366548560947826,16.30374656191349,16.39865115383387,0.09490459192038259,-0.0010468951238009894,21.07908591393475,0.02170437094712354,47.486055223729984,34.23550478785878,True,
2022-06-03 21:45:48.801291776+00:00,2022-06-03,2022,1109,gt3l,1109_gt3l,PRE_BREACH,97,16.29677376765204,16.297450975110937,0.018056035191879153,0.011047302847757123,0.01637873120208471,16.26679792099523,16.32863649821491,0.061838577219678115,0.0012902266239093521,4.572781560466722,0.05166666665010982,46.840231373229656,33.54600677639162,True,
2022-06-03 21:45:48.897991680+00:00,2022-06-03,2022,1109,gt2l,1109_gt2l,PRE_BREACH,84,16.354175170455918,16.35199494758242,0.02120681239639994,0.0127462723085916,0.018897623324717904,16.315666411101056,16.382146000813044,0.06647958971198875,0.002817889876794422,5.174093557496091,0.07958293706178665,46.84425464741215,33.50318921567079,True,
2022-06-03 21:45:48.898991616+00:00,2022-06-03,2022,1109,gt1l,1109_gt1l,PRE_BREACH,72,16.331156549933915,16.326726450290252,0.024407043337736776,0.015538133241552288,0.02303683634392542,16.28617741508606,16.36153532275774,0.07535790767168038,0.0005900629554145827,3.4310843973356113,0.09785714319774083,46.83199274658418,33.4626964960902,True,
2022-06-03 21:45:49.146291712+00:00,2022-06-03,2022,1109,gt3r,1109_gt3r,PRE_BREACH,25,16.356222653165943,16.359517237813876,0.023282601609933378,0.017850360170335478,0.026464943988539377,16.325832784594784,16.395066913837887,0.06923412924310313,-0.0006859420435529503,4.50917169729615,0.04250000137835741,46.840677136342364,33.54711208047483,True,
2022-06-03 21:45:49.245491456+00:00,2022-06-03,2022,1109,gt2r,1109_gt2r,PRE_BREACH,23,16.33364558646183,16.329536631501092,0.02135373642695764,0.01322941168469427,0.019613925763727724,16.298663794752986,16.357494677720705,0.05883088296771888,-0.0001266942772983728,5.128984072793764,0.08750000223517418,46.841598049519106,33.50477269975023,True,
2022-06-03 21:45:49.254591744+00:00,2022-06-03,2022,1109,gt1r,1109_gt1r,PRE_BREACH,17,16.443322466572177,16.444682021458735,0.022372205070910575,0.013481689979627731,0.01998795356379607,16.412787560057335,16.477167936503875,0.0643803764465396,-0.000123528057775229,3.1937984310931107,0.11229636125704821,46.831533435212755,33.46389121777059,False,too_few_points
2022-06-06 09:51:16.263901696+00:00,2022-06-06,2022,1149,gt3l,1149_gt3l,PRE_BREACH,127,16.32923533598647,16.330572889652405,0.03571148225943288,0.013570462719552978,0.020119568028009245,16.293503913405175,16.360133117224933,0.06662920381975823,-0.000874135460692783,12.70388383236881,0.08366707244550618,47.532259796176135,34.837040132120975,True,
2022-06-06 09:51:16.481801728+00:00,2022-06-06,2022,1149,gt2l,1149_gt2l,PRE_BREACH,92,16.322154178515667,16.321746404167612,0.03761458258907398,0.022618735853356498,0.03353453777618634,16.27455657353735,16.36345585707394,0.08889928353659116,0.00390964571122116,15.785362690800573,0.11322294133292003,47.50715548804537,34.876375397284825,True,
2022-06-06 09:51:16.507201792+00:00,2022-06-06,2022,1149,gt1l,1149_gt1l,PRE_BREACH,119,16.29475829908678,16.30068047191752,0.07182249641544981,0.02011817919230907,0.029827212470517426,16.246027456533785,16.347545488025784,0.10151803149199878,-0.002639697893530866,15.229632463265789,0.14864171139833307,47.50404858291696,34.91880314252191,True,
2022-06-06 09:51:16.609701888+00:00,2022-06-06,2022,1149,gt3r,1149_gt3r,PRE_BREACH,32,16.34339298262168,16.340719745282435,0.022529754052160747,0.015227567379678675,0.022576391397111602,16.306988287606842,16.37462091185556,0.06763262424871641,0.0031464902640887587,6.4771356440538455,0.06666666641831398,47.54862150576828,34.83824953501464,True,
2022-06-06 09:51:16.814901760+00:00,2022-06-06,2022,1149,gt2r,1149_gt2r,PRE_BREACH,18,16.318042039378273,16.342415422577794,0.14575112540913174,0.029264487143287,0.043387528638637304,16.23023874652707,16.658562197999654,0.42832345147258266,-0.0023946784903538455,11.80843712863306,0.36734644120389764,47.52734150807042,34.87812403870581,False,too_few_points
2022-06-06 09:51:16.860901888+00:00,2022-06-06,2022,1149,gt1r,1149_gt1r,PRE_BREACH,16,16.250801610645546,16.240908417339373,0.031028116766862335,0.016247460821947612,0.02408848541461953,16.188709835049885,16.275028868011702,0.08631903296181775,0.0009072003074747741,4.838242894255559,0.15241067856550217,47.53189890934334,34.921654981039495,False,too_few_points
2022-06-10 09:42:51.779630848+00:00,2022-06-10,2022,1209,gt3l,1209_gt3l,PRE_BREACH,83,16.533398607042827,16.535858111876333,0.022889572006926734,0.015448839526818858,0.022904449482461637,16.502610474628682,16.57110640591875,0.06849593129006948,-0.00200612876163712,27.504688125048677,0.12104788045339947,47.44889185941953,34.04670741666575,True,
2022-06-10 09:42:51.805730816+00:00,2022-06-10,2022,1209,gt2l,1209_gt2l,PRE_BREACH,66,16.55163643632863,16.5466101745945,0.02664623777660034,0.01725020736581584,0.025575157440558563,16.501830233290637,16.586905394519697,0.08507516122906011,-0.0010946060535388254,26.55675551275967,0.10750000054637592,47.47355635834634,34.0930682740087,True,
2022-06-10 09:42:52.103730944+00:00,2022-06-10,2022,1209,gt3r,1209_gt3r,PRE_BREACH,340,16.518580849624716,16.51872365777147,0.0239044058887113,0.014763184150226039,0.021887896821125123,16.4809185997166,16.5560868393425,0.07516823962589925,-0.0015956304597230374,29.266244392312682,0.07817058412577299,47.44836559780982,34.04553717864676,True,
2022-06-10 09:42:52.131530752+00:00,2022-06-10,2022,1209,gt2r,1209_gt2r,PRE_BREACH,199,16.483925819293137,16.482127969729316,0.025433496975424876,0.01690592129753199,0.025064718915720926,16.441115568017597,16.522777778459684,0.08166221044208655,-0.0017964093344377237,26.763943333571977,0.10313772151817628,47.48100282909691,34.09294493455116,True,
2022-06-10 09:42:52.255530752+00:00,2022-06-10,2022,1209,gt1l,1209_gt1l,PRE_BREACH,59,16.578542779458772,16.568369840371428,0.05200158694255056,0.017062402010019184,0.02529671722005444,16.511405961271446,16.618052758339132,0.1066467970676861,-0.000893070025216529,23.063761883209935,0.14040122484251605,47.457166054819396,34.13362851495635,True,
2022-06-10 09:42:52.630030848+00:00,2022-06-10,2022,1209,gt1r,1209_gt1r,PRE_BREACH,207,16.513695162524044,16.5139470880715,0.026414828135739102,0.017021852349884625,0.025236598293938945,16.47237309107616,16.556302035266846,0.08392894419068497,-0.0004521348768670729,22.96260045162155,0.12374868497107792,47.45622262286693,34.13234312012894,True,
2022-06-24 20:38:43.814024704+00:00,2022-06-24,2022,45,gt1l,45_gt1l,PRE_BREACH,75,16.428129963409038,16.428784301763553,0.01712989249409595,0.011982642238425711,0.017765465382689957,16.40352593529348,16.45425364411243,0.05072770881895039,-0.0018205251867123575,10.407841362473025,0.02571428527257272,47.566420706669966,35.2888743056794,True,
2022-06-24 20:38:44.041124608+00:00,2022-06-24,2022,45,gt2l,45_gt2l,PRE_BREACH,14,16.39159123227502,16.39526510522215,0.0258899950549436,0.017262612608929473,0.025593549453998835,16.359718243712415,16.430579081150697,0.07086083743828198,-0.2521625541316507,0.23290260713750288,0.06298460671678185,47.529728829622115,35.336997671106545,False,too_few_points|track_too_short
2022-06-24 20:38:44.155524608+00:00,2022-06-24,2022,45,gt1r,45_gt1r,PRE_BREACH,301,16.37049134299815,16.363316646996484,0.033864237415234796,0.014847584307311479,0.02201302849402,16.284888045873732,16.400072567632208,0.11518452175847571,-0.004841260527361522,10.16590252875028,0.02083333268140753,47.56582735597119,35.290119641803535,True,
2022-06-28 20:30:25.229238016+00:00,2022-06-28,2022,105,gt2l,105_gt2l,PRE_BREACH,524,16.466705971630205,16.464666414168203,0.024977146776261536,0.016238487129960788,0.024075181018879864,16.42128214592992,16.500872815184607,0.0795906692546886,0.001579428543682214,12.707231102167936,0.009947628298248272,47.55262341762046,34.49016172049809,True,
2022-06-28 20:30:25.275938048+00:00,2022-06-28,2022,105,gt1l,105_gt1l,PRE_BREACH,357,16.50354367238821,16.50377845421646,0.01956202043036415,0.012221335551302559,0.018119352088361174,16.472730605592034,16.53526247076433,0.06253186517229636,-9.379302873415746e-05,12.663601882074259,0.017963357846921598,47.53861052064388,34.44923168568378,True,
2022-06-28 20:30:25.563837952+00:00,2022-06-28,2022,105,gt2r,105_gt2r,PRE_BREACH,2026,16.444611128341975,16.442366723595867,0.0244342546128806,0.017312145340010687,0.025666986681099842,16.401062441591744,16.47856454378777,0.07750210219602494,-0.00047891171317090926,12.883392725133737,0.009734851155551436,47.55383684737672,34.49123385499917,True,
2022-06-28 20:30:25.617937920+00:00,2022-06-28,2022,105,gt1r,105_gt1r,PRE_BREACH,1439,16.41928882577894,16.419186817004107,0.028640438109080887,0.017088655575072664,0.02533564075560273,16.372292061663572,16.466655927110914,0.09436386544734177,0.00253174318063307,12.637324022409986,0.015050008528554131,47.53777144747629,34.45060785720364,True,
2022-06-28 20:30:25.674338048+00:00,2022-06-28,2022,105,gt3l,105_gt3l,PRE_BREACH,490,16.449643198424177,16.46033074867562,0.047920541576026404,0.02555728585499395,0.03789123200861403,16.397409048493696,16.558659132394446,0.16125008390075024,0.006328588540880896,9.70064924605302,0.01367346898709633,47.58111377480529,34.52917755013795,True,
2022-06-28 20:30:26.013238272+00:00,2022-06-28,2022,105,gt3r,105_gt3r,PRE_BREACH,1901,16.38389930037991,16.394240023019346,0.035111870599632854,0.021452679726248647,0.031805742962136244,16.34954047956421,16.460013856475573,0.1104733769113615,0.0034206943449646508,9.75552439683053,0.01747974732901503,47.57964712315578,34.53051487035019,True,
2022-07-02 20:21:57.650251776+00:00,2022-07-02,2022,165,gt1l,165_gt1l,PRE_BREACH,71,16.48606969437567,16.485264982355815,0.018231858874176537,0.011255950963612094,0.01668807289865129,16.458032208299663,16.510206423628627,0.05217421532896438,0.0013034735395478867,19.447630219130232,0.07897405416676492,47.04064603113618,33.74127462368043,True,
2022-07-02 20:21:57.994852096+00:00,2022-07-02,2022,165,gt1r,165_gt1r,PRE_BREACH,287,16.387291673839357,16.385744104382557,0.018930011238546197,0.011653631219772365,0.017277673646434507,16.354948970077068,16.413616772612738,0.05866780253566972,0.0017687727958629947,19.512319315063454,0.06892857195011207,47.0436280065338,33.74208526955981,True,
2022-07-02 20:21:59.694252032+00:00,2022-07-02,2022,165,gt2l,165_gt2l,PRE_BREACH,95,16.45358375154787,16.452611573059624,0.017688636105457494,0.011057079636426437,0.016393226268965833,16.423168231217282,16.479413190901724,0.05624495968444165,0.0011388704592020797,15.750072511190066,0.009999999776482582,47.08602208236194,33.77746903712402,True,
2022-07-02 20:22:00.038352128+00:00,2022-07-02,2022,165,gt2r,165_gt2r,PRE_BREACH,348,16.401154810571285,16.39972695750563,0.022599169443369267,0.012414630702629381,0.01840593147971832,16.363172513529545,16.42929582034873,0.06612330681918621,-0.0005462038401801612,15.721534921286349,0.019385350274696813,47.092254350555244,33.7778346106123,True,
2022-07-02 20:22:00.071352064+00:00,2022-07-02,2022,165,gt3l,165_gt3l,PRE_BREACH,145,16.45119223276624,16.450588010926673,0.020200169430255766,0.00950630069721825,0.014094041413695777,16.427511576582727,16.47554516911402,0.04803359253129358,0.0006806903272055637,13.27367038540174,0.024098775897782747,47.122948970711974,33.81494748303904,True,
2022-07-02 20:22:00.415152128+00:00,2022-07-02,2022,165,gt3r,165_gt3r,PRE_BREACH,686,16.40250161509478,16.40345232785091,0.02444181112466719,0.011937097719838974,0.01769794107943326,16.373759082501792,16.436793271681434,0.06303418917964265,0.0022172167827136115,13.743143042522973,0.011694196096676237,47.130646846061715,33.81500344411562,True,
2022-07-05 08:27:19.931915008+00:00,2022-07-05,2022,205,gt3l,205_gt3l,PRE_BREACH,1059,16.32659314032091,16.431496575500127,2.357791164992258,0.017545760919553288,0.026013345139329704,16.29017139666339,16.37841963516878,0.08824823850538976,0.05397280482690424,47.09741918650134,0.011608538954133144,47.53948653460916,35.04854924201756,False,slope_too_steep
2022-07-05 08:27:20.140215040+00:00,2022-07-05,2022,205,gt2l,205_gt2l,PRE_BREACH,342,16.3916128915102,16.45916470631686,1.2467813874843745,0.016200200007553178,0.02401841653119834,16.356408599392964,16.42788020732811,0.07147160793514473,0.015708876167407005,42.107407169418245,0.021861719566688035,47.61747786782892,35.10279124105177,True,
2022-07-05 08:27:20.261215232+00:00,2022-07-05,2022,205,gt3r,205_gt3r,PRE_BREACH,5109,16.278572487748583,16.323092808297584,1.5250099648305113,0.026851100045625742,0.039809440927644726,16.225915125855742,16.355206559294054,0.1292914334383113,0.020512309062355048,47.39944159386696,0.014961799574099223,47.52429261788304,35.04530117482691,True,
2022-07-05 08:27:20.485414912+00:00,2022-07-05,2022,205,gt2r,205_gt2r,PRE_BREACH,978,16.32122341343335,16.3447259002048,0.784862750092847,0.016351672393126293,0.02424298949004904,16.273200224239684,16.358688420721275,0.08548819648159167,0.0054972147095225295,42.10562930305089,0.017708544838852935,47.61756291294757,35.10157610332551,True,
2022-07-05 08:27:20.760015104+00:00,2022-07-05,2022,205,gt1l,205_gt1l,PRE_BREACH,319,16.3970221281956,16.395402023961804,0.025021718242987618,0.014390745200667965,0.021335718834510322,16.35618030394906,16.433457921265795,0.0772776173167351,0.0004274149321167037,37.527670392760506,0.05775561797876958,47.652224819172275,35.1509330315556,True,
2022-07-05 08:27:21.092715008+00:00,2022-07-05,2022,205,gt1r,205_gt1r,PRE_BREACH,1143,16.333807453433852,16.33173132928446,0.03343487912142455,0.01910394874671084,0.02832351441187349,16.272181737522324,16.382134199554756,0.1099524620324317,0.0010209571040576291,37.63822016198331,0.06579325474831502,47.64969176380682,35.149389015135476,True,
2022-07-09 08:19:02.728431104+00:00,2022-07-09,2022,265,gt3r,265_gt3r,PRE_BREACH,781,16.354426765835846,16.35379905154267,0.0217416604378196,0.013866038798269642,0.02055778912231457,16.319033702188133,16.386883886208658,0.067850184020525,-0.002904058519672548,20.28967522973267,0.009871794627262996,47.5013043693474,34.2636070843946,True,
2022-07-09 08:19:02.857230848+00:00,2022-07-09,2022,265,gt3l,265_gt3l,PRE_BREACH,190,16.409043645848296,16.407134848683942,0.020382139000230556,0.010757253745337536,0.01594870440283743,16.37983855079764,16.433019919113896,0.053181368316256084,-0.0014268469951004758,16.87173293368226,0.009733855415527758,47.49783554861633,34.26422837590281,True,
2022-07-09 08:19:02.998930944+00:00,2022-07-09,2022,265,gt2l,265_gt2l,PRE_BREACH,187,16.4226973553839,16.41925550208308,0.02414133070908422,0.01679767232861451,0.024904228994403872,16.376572288720286,16.45418513116284,0.07761284244255506,-0.003288725204976497,16.1762161746949,0.016186338117256522,47.49557976709613,34.30700489226347,True,
2022-07-09 08:19:03.181530880+00:00,2022-07-09,2022,265,gt1l,265_gt1l,PRE_BREACH,132,16.462679674002132,16.464857453368737,0.021181930078785532,0.011834433352312601,0.017545730888138662,16.432666509253234,16.497074662145426,0.0644081528921916,-0.0021944088294052803,9.271307823831991,0.06653846220041697,47.51066011347212,34.35219487609761,True,
2022-07-09 08:19:03.328131072+00:00,2022-07-09,2022,265,gt2r,265_gt2r,PRE_BREACH,588,16.37633494116754,16.370625652805504,0.029429829389634052,0.013205803304124686,0.01957892397869526,16.311980936760303,16.40433227094844,0.09235133418813746,-0.0036202349661675513,16.319889373137798,0.02833742880560204,47.49522895207728,34.30573396875455,True,
2022-07-09 08:19:03.510231040+00:00,2022-07-09,2022,265,gt1r,265_gt1r,PRE_BREACH,563,16.37704780096688,16.375226631748824,0.022531444059349797,0.01401797582501274,0.02078305095816389,16.334890543090467,16.408570189189657,0.07367964609919042,-0.0033008705014975896,12.345751733179299,0.06105167139155258,47.508643311721066,34.35072841812162,True,
2022-07-13 08:10:54.651133184+00:00,2022-07-13,2022,325,gt1l,325_gt1l,PRE_BREACH,21,16.275292977300857,16.26891373231203,0.02051973057395673,0.0138715206502944,0.020565916516126475,16.24370785162699,16.292627085302428,0.04891923367543782,-0.01095454945449496,2.6824724001452487,0.08249999955296516,46.83084287746649,33.47727007849594,True,
2022-07-13 08:10:54.757332736+00:00,2022-07-13,2022,325,gt2l,325_gt2l,PRE_BREACH,33,16.23281892079985,16.237158252061384,0.02476775321818763,0.01145494005361769,0.016983094123493588,16.210094453901345,16.266892572344588,0.05679811844324334,-0.0027612976330971396,5.459248017961948,0.05539924164693202,46.813570315337934,33.4323746244877,True,
2022-07-13 08:10:54.885232896+00:00,2022-07-13,2022,325,gt1r,325_gt1r,PRE_BREACH,91,16.203946529502282,16.20627769954799,0.03379814230227134,0.009144708987967931,0.013557945545561254,16.17396715162011,16.227816607621563,0.0538494560014513,-0.009278611973312876,3.5680585222749013,0.08388888918691212,46.83259257177682,33.476346748645426,True,
2022-07-13 08:10:55.103533056+00:00,2022-07-13,2022,325,gt2r,325_gt2r,PRE_BREACH,107,16.219553663667284,16.217550460189173,0.014193369659922211,0.009159330150566802,0.01357962288123034,16.19086060455278,16.237109403292987,0.046248798740208485,-0.002581034263584206,5.510731870018862,0.024843672168589084,46.81336759667307,33.431146955211716,True,
2022-07-13 08:10:55.206132992+00:00,2022-07-13,2022,325,gt3l,325_gt3l,PRE_BREACH,33,16.251598832442053,16.248582577214677,0.02434850140837531,0.01340997962475754,0.019881635791665526,16.202396841600375,16.278491851561906,0.07609500996153074,0.00389882406554183,5.0234196731224285,0.016248999944617672,46.78324764938206,33.385699873239446,True,
2022-07-13 08:10:55.565032960+00:00,2022-07-13,2022,325,gt3r,325_gt3r,PRE_BREACH,133,16.20139563215129,16.200553617695807,0.01635209915011604,0.007296677883608993,0.010818054630238692,16.17745944676644,16.220690406118372,0.043230959351930665,-3.486117299748363e-05,4.808847192549232,0.016257477796259728,46.7849812121771,33.3848369578349,True,
2022-07-27 19:06:31.165242368+00:00,2022-07-27,2022,545,gt3l,545_gt3l,PRE_BREACH,358,16.177594814120823,16.176055731953692,0.04687586315583526,0.023711560639199547,0.035154759803677244,16.12954007617167,16.214365374291248,0.08482529811957917,-0.0007408580687492915,18.654326963760354,0.02088095824051107,47.512970049386304,34.86355367428441,True,
2022-07-27 19:06:31.497342464+00:00,2022-07-27,2022,545,gt3r,545_gt3r,PRE_BREACH,3356,16.08326175419687,16.087500839744063,0.03578420551365808,0.024073875225180785,0.03569192740885303,16.033801433755674,16.149830559757326,0.11602912600165283,0.0014009593620119428,18.667324829225443,0.014747918687674118,47.50364729143077,34.866015861013466,True,
2022-07-27 19:06:32.056642304+00:00,2022-07-27,2022,545,gt2l,545_gt2l,PRE_BREACH,465,16.147922114410214,16.145028157342818,0.030535893813501448,0.016361892284887603,0.02425814150157436,16.09380365497013,16.190481813293637,0.09667815832350612,-0.0026323683331943614,13.283184938656484,0.011195651862932287,47.498947615691314,34.822403072478636,True,
2022-07-27 19:06:32.291942400+00:00,2022-07-27,2022,545,gt1l,545_gt1l,PRE_BREACH,143,16.174985874898468,16.175855290635027,0.025813386919140483,0.022328384180180905,0.03310406238553621,16.13931883801253,16.216888257003635,0.07756941899110359,0.0023956002081708433,10.58438242550926,0.01653886357890376,47.51731418169029,34.7767181690591,True,
2022-07-27 19:06:32.388042496+00:00,2022-07-27,2022,545,gt2r,545_gt2r,PRE_BREACH,1985,16.131373519260478,16.130041420100827,0.042362766878789676,0.037053519154223835,0.05493554749805225,16.066660601130234,16.195399988594684,0.12873938746444935,-0.004052186144120298,13.375580889839405,0.01565656520783751,47.501093689180365,34.82333405968041,True,
2022-07-27 19:06:32.621342464+00:00,2022-07-27,2022,545,gt1r,545_gt1r,PRE_BREACH,349,16.134641536993083,16.134333947000513,0.035584079945391936,0.02540966374595044,0.03767236746974612,16.078278949478527,16.19167604151158,0.11339709203305404,0.0029696131557128014,10.6305137100315,0.012304617945948098,47.5176289969564,34.77786712120827,True,
2022-07-31 18:58:09.252012032+00:00,2022-07-31,2022,609,gt3l,609_gt3l,PRE_BREACH,1,16.17623008704215,16.17623008704215,,0.0,0.0,16.17623008704215,16.17623008704215,0.0,,,,47.34139475097479,34.10901015153602,False,too_few_points
2022-07-31 18:58:09.267912192+00:00,2022-07-31,2022,609,gt1l,609_gt1l,PRE_BREACH,13,16.17234171796925,16.194906973011214,0.09193074340475696,0.017149588420810602,0.025425979792693797,16.12748583639256,16.394982100732808,0.26749626434024876,-0.0003363193152207283,26.621304152199897,0.2430685103799288,47.444875466970906,34.008365985179424,False,too_few_points
2022-07-31 18:58:09.578611968+00:00,2022-07-31,2022,609,gt3r,609_gt3r,PRE_BREACH,8,16.166562855780327,16.16026957578525,0.02545913651208626,0.011746934405600484,0.017416004949743276,16.121406069981536,16.187362753284734,0.06595668330319882,-0.025380445263764193,0.7701863957329764,0.08349300175905228,47.34497503886947,34.1096447165628,False,too_few_points|track_too_short
2022-07-31 18:58:09.590512128+00:00,2022-07-31,2022,609,gt1r,609_gt1r,PRE_BREACH,28,16.113230312046753,16.096681715520134,0.0408986420658931,0.024035045869794658,0.03563435900655756,16.038470614186252,16.146917058913136,0.10844644472688358,-0.001985285625260231,26.736551066017945,0.014999999664723873,47.51268363479683,33.999862398128,True,
2022-07-31 18:58:12.746611968+00:00,2022-07-31,2022,609,gt2l,609_gt2l,PRE_BREACH,3,16.17835032677666,16.178975747714617,0.022367476734534243,0.021422786551806183,0.031761423341707846,16.159069818880035,16.199319471205772,0.04024965232573763,-0.016657673110781517,2.2410427553040555,0.12007232755422592,47.57259623489245,34.033260254698725,False,too_few_points
2022-07-31 18:58:12.981212160+00:00,2022-07-31,2022,609,gt2r,609_gt2r,PRE_BREACH,17,16.132650762251394,16.15568760389035,0.09806013822148844,0.012151591450667354,0.018015949484759416,16.11362897318519,16.234893117819237,0.121264144634047,0.035376719987234816,3.156995124944773,0.11540050169124323,47.567321387157655,34.03520552222511,False,too_few_points
2022-08-03 07:03:29.817245952+00:00,2022-08-03,2022,645,gt3r,645_gt3r,PRE_BREACH,48,16.116746027736554,16.12115083163723,0.024525501885865594,0.014094872854213847,0.020897058493657448,16.089542717588518,16.166939771005968,0.07739705341744951,-0.004274045637312959,6.671927205621457,0.07873496164878209,47.53636733826752,35.306870885377386,True,
2022-08-03 07:03:30.010045952+00:00,2022-08-03,2022,645,gt3l,645_gt3l,PRE_BREACH,9,16.15958028970947,16.166423633921745,0.03713240068353862,0.013166171834150475,0.019520166361311493,16.128446537750644,16.22566764824314,0.09722111049249449,-0.020985948368166956,2.8556953641081644,0.2200700110859341,47.5201568824902,35.30573429273626,False,too_few_points
2022-08-04 18:49:43.511479808+00:00,2022-08-04,2022,669,gt3l,669_gt3l,PRE_BREACH,51,16.157007728558472,16.153512127485964,0.01828807979953595,0.012188579447244052,0.01807078788848403,16.12235360432954,16.180290822418286,0.05793721808874608,-0.0046427558280710554,4.303886924746735,0.015383416823312348,46.789890691557524,33.407389144826844,True,
2022-08-04 18:49:43.713779968+00:00,2022-08-04,2022,669,gt2l,669_gt2l,PRE_BREACH,16,16.130965189081728,16.15007429665278,0.058024742949453006,0.03051305467102594,0.04523865485526306,16.086003045437256,16.243761030887853,0.15775798545059772,0.08513624761732433,0.7987996779707363,0.049346088781021535,46.78937851325674,33.36503270125076,False,too_few_points|track_too_short
2022-08-04 18:49:43.897679872+00:00,2022-08-04,2022,669,gt3r,669_gt3r,PRE_BREACH,188,16.121979927268143,16.11779186955006,0.030825916306003863,0.013066424094169804,0.019372280362016152,16.061418191857324,16.152400836326304,0.09098264446897986,0.013473539250962542,5.243645809510801,0.021483084860634296,46.790268614473185,33.408502750794284,True,
2022-08-04 18:49:44.045779968+00:00,2022-08-04,2022,669,gt2r,669_gt2r,PRE_BREACH,48,16.106444568331277,16.09840632693142,0.02588157041005572,0.018398634611783038,0.027277815675429532,16.053511082279133,16.1302082464349,0.07669716415576744,-0.04076372943316496,0.9605565786681179,0.018749999348074198,46.789527035355206,33.36614287853791,False,track_too_short
2022-08-07 06:55:09.844010752+00:00,2022-08-07,2022,705,gt2l,705_gt2l,PRE_BREACH,163,16.126054284741226,16.128872014253375,0.061394725013260106,0.012265567883712691,0.018184930944392434,16.0942163744235,16.148792184885743,0.05457581046224291,-0.003806245114766911,10.727868987108067,0.02591756862003981,47.569368702654934,34.57685241390692,True,
2022-08-07 06:55:09.997610752+00:00,2022-08-07,2022,705,gt3l,705_gt3l,PRE_BREACH,160,16.111061831784156,16.10897495593135,0.018452033952289466,0.010792892291171086,0.01600154211089025,16.078047023293227,16.13305885267295,0.0550118293797226,-0.0016346819972274306,10.004162052461732,0.012832452333532274,47.57039781472323,34.53424504525013,True,
2022-08-07 06:55:10.101710848+00:00,2022-08-07,2022,705,gt1l,705_gt1l,PRE_BREACH,96,16.15290541788074,16.15369759444764,0.026583195139934054,0.014640401689993254,0.021705859545584,16.114783231022308,16.188177650528644,0.07339441950633585,5.958372968713587e-06,7.677038116372018,0.08738785386895356,47.56810137842001,34.61945556811737,True,
2022-08-07 06:55:10.184510720+00:00,2022-08-07,2022,705,gt2r,705_gt2r,PRE_BREACH,517,16.11577563296466,16.115514446339294,0.017906860188203755,0.01209113456472366,0.0179263161056593,16.085478437521303,16.14414932143547,0.05867088391416786,-0.0005290509176060852,10.697427602309547,0.019301024663696206,47.56984979439294,34.575795494174905,True,
2022-08-07 06:55:10.332410880+00:00,2022-08-07,2022,705,gt3r,705_gt3r,PRE_BREACH,625,16.09638189215365,16.093006637482368,0.021507309629386382,0.009584966184860377,0.014210670865673994,16.063951943466446,16.11897815719732,0.0550262137308728,-0.0023650091075752685,10.201384370747094,0.010080644920949013,47.570132057980146,34.5330472072159,True,
2022-08-07 06:55:10.434410752+00:00,2022-08-07,2022,705,gt1r,705_gt1r,PRE_BREACH,408,16.161372190998065,16.17332352617028,0.13462719372350385,0.01674773387257744,0.024830190239483314,16.120937756990212,16.205940908309806,0.08500315131959368,-0.010206037069927227,7.714596844204743,0.07864257145535063,47.56620546599801,34.618046654617466,True,
2022-08-11 06:46:53.658971136+00:00,2022-08-11,2022,769,gt2r,769_gt2r,PRE_BREACH,65,16.086385724591857,16.09058269702985,0.04079705202061648,0.02965422292098907,0.04396535090265839,16.030243057984606,16.151241908291393,0.12099885030678692,-0.0012530193984245637,32.484218661964306,0.1032614616477596,47.03117677477711,33.721284569655445,True,
2022-08-11 06:46:53.796771072+00:00,2022-08-11,2022,769,gt1l,769_gt1l,PRE_BREACH,14,16.11202663965181,16.101006122075628,0.05538734444876318,0.0315919590484981,0.046838238485303274,16.015486425950368,16.171591223432873,0.15610479748250583,-0.0029296879393513053,28.087395240870563,0.27711565494537355,47.0881373907185,33.7728043849839,False,too_few_points
2022-08-11 06:46:53.839070976+00:00,2022-08-11,2022,769,gt1r,769_gt1r,PRE_BREACH,86,16.070156441382554,16.07427550329022,0.044977221249923614,0.01769717245856839,0.026237827887073493,16.026056604288037,16.119354590885706,0.09329798659766908,-0.003297840689032882,30.270286355160756,0.15971811152994633,47.085880984416164,33.771364515826086,True,
2022-08-11 06:46:55.565071104+00:00,2022-08-11,2022,769,gt2l,769_gt2l,PRE_BREACH,7,16.16159649313036,16.15594556239483,0.04760453292197187,0.041919653372040955,0.06215007808938792,16.08727207884595,16.205209197508015,0.11793711866206635,-0.006493193880210797,16.291897036918893,,46.94364293576916,33.71012369585271,False,too_few_points
2022-08-11 06:46:55.743671296+00:00,2022-08-11,2022,769,gt3r,769_gt3r,PRE_BREACH,155,16.071348181599213,16.074193935747324,0.04590231563844497,0.025441911416351104,0.037720177865882144,16.008345076753287,16.13517487691864,0.1268298001653534,-0.00521662558777121,22.569505743744006,0.11762622185051441,46.963646152169574,33.66958472644462,True,
2022-08-11 06:46:56.341871104+00:00,2022-08-11,2022,769,gt3l,769_gt3l,PRE_BREACH,23,16.140020420010355,16.14140838193298,0.028601065928595917,0.010270579886224596,0.015227161739316585,16.106318269968583,16.184596003052814,0.07827773308423147,-0.005482198695847706,15.643835095955641,0.0925000011920929,46.93783530011802,33.66714172668962,True,
2022-08-29 17:34:15.058527488+00:00,2022-08-29,2022,1049,gt1l,1049_gt1l,PRE_BREACH,214,16.02636620889531,16.029783374996295,0.05792488489623378,0.014508637058803231,0.02151050530338167,15.98655654285338,16.05959762904807,0.07304108619469041,-0.004319916336729067,25.740420503027956,0.052581149378517794,47.48661448270252,34.19754439247346,True,
2022-08-29 17:34:15.372427520+00:00,2022-08-29,2022,1049,gt1r,1049_gt1r,PRE_BREACH,915,15.990258601132005,15.989826905013564,0.0522331205694407,0.015786952215169237,0.02340573535420991,15.942370993809206,16.02751861739668,0.08514762358747419,-0.003745386439459108,25.88221580228092,0.04351648356724572,47.48832091839031,34.19847692612683,True,
2022-08-29 17:34:16.730127616+00:00,2022-08-29,2022,1049,gt3l,1049_gt3l,PRE_BREACH,781,15.93717336870218,15.935085237750219,0.036463303968129676,0.02639209122752817,0.03912891445393326,15.87075306604672,15.990957815323966,0.12020474927724578,-0.0024098806267756076,20.95525238915288,0.015128204634842964,47.53121738156103,34.27668062089385,True,
2022-08-29 17:34:16.840527616+00:00,2022-08-29,2022,1049,gt2l,1049_gt2l,PRE_BREACH,541,15.948706502782063,15.95040517609387,0.03236242910594314,0.019276724265065326,0.02857967139538585,15.900834563183277,16.00383192362821,0.10299736044493102,-0.00038825782708421495,22.539180493896147,0.012576032277314578,47.505711213405455,34.237517265556285,True,
2022-08-29 17:34:17.064227584+00:00,2022-08-29,2022,1049,gt3r,1049_gt3r,PRE_BREACH,3159,15.905370769812489,15.903695630107443,0.045965831383061824,0.03407237735524404,0.05051570666688482,15.824162184808877,15.96948122640254,0.1453190415936625,-0.0037193204884443665,20.9772251408694,0.01519209680166933,47.53258808162602,34.27764724234438,True,
2022-08-29 17:34:17.188027648+00:00,2022-08-29,2022,1049,gt2r,1049_gt2r,PRE_BREACH,2164,15.948536622165628,15.956864719253943,0.030493397156562494,0.016875202716725823,0.025019175547817706,15.916932969672926,16.014007559458975,0.09707458978604855,-0.0006382869459499016,22.965507207403068,0.008288737638337628,47.50737429087424,34.238481412212536,True,
2022-09-02 17:25:45.055973888+00:00,2022-09-02,2022,1109,gt1l,1109_gt1l,PRE_BREACH,15,16.026013969533004,16.02727084650508,0.017221545273639543,0.011128616760011312,0.01649928720839277,16.001885535400515,16.050144200034474,0.048258664633959114,-0.0012503698734509202,4.02950833668426,0.08500000089406967,46.84118471013257,33.575245916232376,False,too_few_points
2022-09-02 17:25:45.091773696+00:00,2022-09-02,2022,1109,gt2l,1109_gt2l,PRE_BREACH,21,16.01049348844166,16.045664009513462,0.11989901349606098,0.01535038944869882,0.02275848739664087,15.992529860745211,16.122679900244812,0.13015003949960047,0.0033635442085447804,20.559284453378005,0.20656192695928943,46.91363220569641,33.60721734759378,True,
2022-09-02 17:25:45.387473664+00:00,2022-09-02,2022,1109,gt1r,1109_gt1r,PRE_BREACH,63,15.976453749737637,15.97653706468476,0.02216668505567555,0.01210010745481327,0.017939619312506153,15.936734205238967,16.015202510603284,0.07846830536431781,-0.0031490367778887686,4.133575761279509,0.07333333309118946,46.840939566898584,33.576431408035475,True,
2022-09-02 17:25:45.429173760+00:00,2022-09-02,2022,1109,gt2r,1109_gt2r,PRE_BREACH,130,16.004940650877735,16.004884085631925,0.024290024246144886,0.01710820197068763,0.025364620241741482,15.964491968584616,16.040719944701948,0.07622797611733212,0.00025776724428176176,20.59320830910505,0.053490730493452196,46.920926368508525,33.60738149593442,True,
2022-09-02 17:25:45.593373696+00:00,2022-09-02,2022,1109,gt3l,1109_gt3l,PRE_BREACH,24,16.01912953851235,16.021701890488547,0.018872383002944294,0.013000182310610953,0.0192740702937118,15.999835207363637,16.05452269404517,0.054687486681531894,-0.0018245279718162705,14.910218042161565,0.09414816356223563,46.917924282728926,33.64889179124716,True,
2022-09-02 17:25:45.935673600+00:00,2022-09-02,2022,1109,gt3r,1109_gt3r,PRE_BREACH,124,15.975892576571596,15.975259235034168,0.021333221398841393,0.013220086028100653,0.019600099545262026,15.940863840660894,16.00999503046592,0.06913118980502553,0.00045042028831953864,15.397048454363706,0.07257939075473054,46.9332067813781,33.64787995077177,True,
2022-09-05 05:31:11.933296640+00:00,2022-09-05,2022,1149,gt3l,1149_gt3l,PRE_BREACH,101,15.96670468648464,15.968188320279097,0.01634417446290489,0.010229522016771853,0.015166289342065948,15.941829508939865,15.992869093226854,0.051039584286989736,-2.3806171013662777e-05,11.751802516550981,0.011499999649822712,47.52308253847197,34.787050074821394,True,
2022-09-05 05:31:11.950796800+00:00,2022-09-05,2022,1149,gt2l,1149_gt2l,PRE_BREACH,126,15.999473975694702,15.999717874554946,0.019431957048620295,0.011543503902707641,0.017114398886154347,15.970178709553704,16.033005197021744,0.06282648746804043,0.0002133670252808942,12.428790670840948,0.042321065884260906,47.52689622058224,34.83055838045805,True,
2022-09-05 05:31:12.138696704+00:00,2022-09-05,2022,1149,gt1l,1149_gt1l,PRE_BREACH,119,15.996173306591249,15.995724052975783,0.021880154809159887,0.016064062896113285,0.023816579649777556,15.960032031672775,16.024469468631946,0.06443743695917092,0.0005388495486038119,12.402831079801171,0.09290312581202563,47.51429261721813,34.87168812912499,True,
2022-09-05 05:31:12.276496896+00:00,2022-09-05,2022,1149,gt3r,1149_gt3r,PRE_BREACH,392,15.958736021031035,15.956549979923278,0.021465542772476663,0.010519990306768534,0.015596937628815028,15.924300041704019,15.98303618215973,0.05873614045571074,-0.001418168542769923,11.69633420282958,0.013589743309869217,47.523209269802585,34.785952481812856,True,
2022-09-05 05:31:12.290096640+00:00,2022-09-05,2022,1149,gt2r,1149_gt2r,PRE_BREACH,393,15.926252135014597,15.924538863903264,0.019878657981218618,0.012312432128400275,0.018254411873566245,15.889030851828252,15.954975311679062,0.06594445985080988,0.0009936983083989575,12.538328997675904,0.05756410285352896,47.5267935768472,34.82931723168939,True,
2022-09-05 05:31:12.474196992+00:00,2022-09-05,2022,1149,gt1r,1149_gt1r,PRE_BREACH,462,15.95309839149497,15.953616975300967,0.023513869951585106,0.015243601253301264,0.022600163218144453,15.917923837648845,15.991084133276699,0.07316029562785431,0.0024680455082103543,12.597793029231253,0.08945652222989695,47.5165059533081,34.870827319895675,True,
2022-09-09 05:22:50.492570624+00:00,2022-09-09,2022,1209,gt2l,1209_gt2l,PRE_BREACH,157,15.989573068912641,15.988370133991367,0.020740241311058432,0.01413230594790349,0.020952556798361714,15.953716069628031,16.020750835316342,0.06703476568831057,-0.00013658740744238617,30.023277440909336,0.04774757706566362,47.4469249434787,34.04070549752812,True,
2022-09-09 05:22:50.518170624+00:00,2022-09-09,2022,1209,gt1l,1209_gt1l,PRE_BREACH,115,16.061859916652544,16.061140889763,0.02116565474143944,0.014535098013080727,0.021549736314193484,16.025431389901584,16.094081301942087,0.06864991204050241,-0.0010320232161127362,26.565925489319522,0.10357913844757252,47.473411993880056,34.087426695739275,True,
2022-09-09 05:22:50.614370560+00:00,2022-09-09,2022,1209,gt3l,1209_gt3l,PRE_BREACH,267,16.03210261084464,16.030403016668362,0.02150311828216802,0.012766313216530989,0.018927335974828843,15.998337273607229,16.06036092711344,0.06202365350621086,0.0007063937376649604,40.88049099725161,0.016520913340636597,47.379049628059434,33.98828073589099,True,
2022-09-09 05:22:50.835170816+00:00,2022-09-09,2022,1209,gt2r,1209_gt2r,PRE_BREACH,496,16.029404605079435,16.027531290279118,0.022331777307797382,0.014335385848522009,0.02125364305901873,15.990141358863356,16.06118193112968,0.07104057226632499,-0.0001235190387869642,30.150969754636403,0.032150659600155174,47.44429824110888,34.03919337222094,True,
2022-09-09 05:22:50.857970688+00:00,2022-09-09,2022,1209,gt1r,1209_gt1r,PRE_BREACH,454,16.061187155468353,16.060005220839226,0.022687210818758057,0.014127823908793857,0.02094591172717777,16.022029406735218,16.0945638220997,0.07253441536448335,0.000109360482510413,26.62994342554665,0.08155555615408552,47.469706057189335,34.085783625647835,True,
2022-09-09 05:22:50.968670720+00:00,2022-09-09,2022,1209,gt3r,1209_gt3r,PRE_BREACH,1073,15.985568708655041,15.98601489950948,0.0303192345934056,0.012112037531807118,0.017957306844657232,15.954365217965345,16.017182480202663,0.06281726223731887,0.0007497843451945169,40.91918865306525,0.012730698724137053,47.375857793084755,33.98662409168374,True,
2022-10-01 16:01:50.168842240+00:00,2022-10-01,2022,165,gt1l,165_gt1l,PRE_BREACH,80,16.462139138057964,16.4683748486345,0.031997779679207694,0.020484496192803903,0.030370314055451063,16.429148052751483,16.530204980629346,0.10105692787786325,0.00016125265333889944,14.253217519646487,0.03795977498234158,47.13964787143202,33.84110225624151,True,
2022-10-01 16:01:50.500642304+00:00,2022-10-01,2022,165,gt1r,165_gt1r,PRE_BREACH,319,16.45752333720206,16.4539559519958,0.024121084881526353,0.014332090752052551,0.02124875774899311,16.406100128470396,16.486634032155024,0.08053390368462843,0.0035662561488250524,14.393777118592915,0.01039351011723374,47.13974955033096,33.84219320641056,True,
2022-10-01 16:01:51.353642240+00:00,2022-10-01,2022,165,gt2l,165_gt2l,PRE_BREACH,45,16.46297629619668,16.463935424264402,0.0147582842548448,0.008220800615731605,0.012188158992883677,16.441237989859857,16.486327556834343,0.04508956697448596,-0.0011098006925145747,7.027160925385714,0.009999999776482582,47.186240637718505,33.87721135145088,True,
2022-10-01 16:01:51.616642304+00:00,2022-10-01,2022,165,gt3l,165_gt3l,PRE_BREACH,49,16.48057871065079,16.480805179486374,0.013750384215944343,0.009539796270406242,0.014143701950504293,16.46184781040741,16.504483078475477,0.042635268068067944,-0.001484390345424927,8.428463375907027,0.06484689936041832,47.213483445763366,33.91612280678095,True,
2022-10-01 16:01:51.698242304+00:00,2022-10-01,2022,165,gt2r,165_gt2r,PRE_BREACH,143,16.46774811644729,16.46608919409132,0.014690679623947392,0.009669210955976837,0.014335572163331258,16.44059018480493,16.487291838314814,0.04670165350988498,-0.00016733539580983053,7.134539922077924,0.026071428188255856,47.187358263356785,33.87818162733513,True,
2022-10-01 16:01:51.957942272+00:00,2022-10-01,2022,165,gt3r,165_gt3r,PRE_BREACH,225,16.52256174381334,16.521975802264627,0.01821238270526996,0.011919964633619884,0.017672539565804838,16.49088294949503,16.54836845884902,0.05748550935398811,0.0007691121305298207,8.7311528166706,0.05454545506191524,47.21633373742813,33.916879448666585,True,
2022-10-04 04:07:06.942569216+00:00,2022-10-04,2022,205,gt1l,205_gt1l,PRE_BREACH,192,16.533997793604104,16.742439772668046,2.562751610362962,0.015113573297769634,0.022407383771273257,16.502972221213053,16.750564611634644,0.2475923904215911,0.02398996418440422,51.61806193781309,0.048611111318071686,47.56608361031264,35.025136683830944,True,
2022-10-04 04:07:07.291869184+00:00,2022-10-04,2022,205,gt1r,205_gt1r,PRE_BREACH,753,16.53039068497158,16.548043160899763,0.07177616810105845,0.016023215831722837,0.023756019792112275,16.490732346886595,16.75220972998722,0.26147738310062607,0.0024984427361688408,51.72932184840587,0.04966216258755004,47.564389666922324,35.023682725196004,True,
2022-10-04 04:07:11.639469312+00:00,2022-10-04,2022,205,gt2l,205_gt2l,PRE_BREACH,137,16.485793641948305,16.486529307884435,0.019697836827490378,0.012599693663787548,0.018680305825931418,16.454970962889305,16.51680263418237,0.06183167129306355,-0.0002656903072100015,19.944107039861116,0.0761538460277594,47.47282367562108,34.96872692459692,True,
2022-10-04 04:07:11.836869120+00:00,2022-10-04,2022,205,gt3l,205_gt3l,PRE_BREACH,134,16.477144217112954,16.4745880259882,0.019511431642517438,0.012969926703890522,0.019229213331188086,16.440553247133046,16.507218914969105,0.06666566783605887,-0.00039522358870189343,17.996171294033925,0.07230769255413459,47.47073429544402,34.925350492377575,True,
2022-10-04 04:07:11.980569344+00:00,2022-10-04,2022,205,gt2r,205_gt2r,PRE_BREACH,456,16.553118670034742,16.553295599933726,0.01832056292330853,0.012395639776903167,0.018377775533236634,16.522089304894152,16.5818632952528,0.0597739903586465,0.0003959620121187725,20.004357492787893,0.06544444496846862,47.47167473860725,34.967303916825976,True,
2022-10-04 04:07:12.184769280+00:00,2022-10-04,2022,205,gt3r,205_gt3r,PRE_BREACH,558,16.466663113631427,16.46674049892793,0.01990041114524739,0.012676225122804752,0.018793771367070323,16.435405550533595,16.49956423901988,0.06415868848628392,5.1631859015532555e-05,17.969426324204413,0.08007679802889679,47.46988700366973,34.924039507473246,True,
2022-10-08 03:58:51.217021184+00:00,2022-10-08,2022,265,gt1l,265_gt1l,PRE_BREACH,83,16.433643215289237,16.4399567150662,0.037778641451040644,0.02327828866050652,0.03451239076806696,16.396429168246595,16.518449774271417,0.12202060602482234,-0.0025369923245131174,33.57667056763151,0.06534968429535139,47.49644424223797,34.2367222491612,True,
2022-10-08 03:58:51.562521344+00:00,2022-10-08,2022,265,gt1r,265_gt1r,PRE_BREACH,375,16.404597937067514,16.401507769076332,0.04124523510856469,0.021910895847476297,0.03248509418346836,16.31652289737031,16.45729592216038,0.1407730247900716,-0.00271702255196101,33.54543845007394,0.056030188030809745,47.51933530563139,34.238763089451666,True,
2022-10-08 03:58:52.400721152+00:00,2022-10-08,2022,265,gt2l,265_gt2l,PRE_BREACH,38,16.381894470654498,16.38903773572856,0.03523072803028887,0.024306070067009244,0.0360361794813479,16.345139221851195,16.45856530195146,0.11342608010026467,-0.003963963948021737,22.65850504824812,0.07166666692743699,47.47105919184405,34.19007769923801,True,
2022-10-08 03:58:52.503821056+00:00,2022-10-08,2022,265,gt3l,265_gt3l,PRE_BREACH,60,16.473221554435142,16.476095765366935,0.029649981875634647,0.015611536694022377,0.023145664302557573,16.43825199652247,16.54824700707782,0.10999501055534822,-0.0020782304400199223,21.39372652409437,0.1182137824156705,47.46753990281364,34.146491606837444,True,
2022-10-08 03:58:52.740721152+00:00,2022-10-08,2022,265,gt2r,265_gt2r,PRE_BREACH,135,16.486867608601834,16.486507391188685,0.029322190292794592,0.020448838319019558,0.030317447691778396,16.43840620499725,16.535333375307978,0.09692717031072817,-0.002144630013639661,22.945253386071727,0.0821735834887692,47.47821912201987,34.18982497867875,True,
2022-10-08 03:58:52.836721152+00:00,2022-10-08,2022,265,gt3r,265_gt3r,PRE_BREACH,266,16.418116372344514,16.419855609092473,0.027629240265146925,0.016881055538741307,0.02502785294173786,16.376549591523553,16.4637823769925,0.08723278546894875,-0.0019801654016867076,21.6300336714767,0.10958727730053758,47.46139696698973,34.144466251500134,True,
2022-10-26 14:46:17.595741440+00:00,2022-10-26,2022,545,gt3r,545_gt3r,PRE_BREACH,5,15.558023692022974,15.561509245610065,0.019083999875135434,0.008835755072620799,0.013099890470667596,15.540549395891414,15.584734357743082,0.04418496185166809,0.00034267942889220927,2.1167161497853777,,47.517660584459236,34.912821816594075,False,too_few_points
2022-10-26 14:46:18.222741504+00:00,2022-10-26,2022,545,gt1r,545_gt1r,PRE_BREACH,12,15.486893152379235,15.48148707240321,0.06259234157389593,0.007964063312480008,0.011807520267082858,15.400550627685687,15.550609222007076,0.15005859432138813,-0.003709182781917904,4.629407081106597,0.19581389901312915,47.550468894802805,34.821878157884875,False,too_few_points
2022-10-30 14:37:53.932043776+00:00,2022-10-30,2022,609,gt1l,609_gt1l,PRE_BREACH,15,15.412270403955599,15.402862573258608,0.03401124997505004,0.007763116821788429,0.011509596999983525,15.362792983798437,15.424534467915977,0.061741484117540324,0.000689537905705506,24.357967501974432,0.0589531311257319,47.42771529283011,34.05946455111242,False,too_few_points
2022-10-30 14:37:54.274543872+00:00,2022-10-30,2022,609,gt1r,609_gt1r,PRE_BREACH,108,15.405914339385003,15.40074178367932,0.02670408518130585,0.015240816704084281,0.022596034845475354,15.353975349166769,15.434253397007145,0.08027804784037684,-0.0018613785227183678,27.49334269268525,0.029693552327376825,47.48336301504852,34.05267160842097,True,
2022-10-30 14:37:54.597243904+00:00,2022-10-30,2022,609,gt3l,609_gt3l,PRE_BREACH,10,15.480114864466813,15.465400932873303,0.06042186790404644,0.014186023416074889,0.021032198316672628,15.370299187472028,15.510341544201287,0.1400423567292588,-0.007942564315763314,10.291543416035733,0.10603102213806576,47.406921442229745,34.14846139325237,False,too_few_points
2022-10-30 14:37:54.948343808+00:00,2022-10-30,2022,609,gt3r,609_gt3r,PRE_BREACH,35,15.44005503945003,15.457054615529097,0.09590922467136469,0.015942816225322787,0.023636819335663563,15.408664302587294,15.492906434554222,0.08424213196692776,0.010647614310380426,20.25636693925674,0.15503636122711242,47.41668704433009,34.14819826366693,True,
2022-10-30 14:37:56.259043840+00:00,2022-10-30,2022,609,gt2r,609_gt2r,PRE_BREACH,1,15.420879249510378,15.420879249510378,,0.0,0.0,15.420879249510378,15.420879249510378,0.0,,,,47.468172393284036,34.09790524593418,False,too_few_points
2022-11-02 02:43:10.011031040+00:00,2022-11-02,2022,645,gt3l,645_gt3l,PRE_BREACH,368,15.374905797841048,15.371354158821488,0.030630485386748448,0.01307480850075926,0.01938471108322568,15.318067598541383,15.402849191689192,0.08478159314780953,-0.001490511360915788,28.43122585204013,0.01291666640382674,47.58987184410235,35.20199388402058,True,
2022-11-02 02:43:10.349431040+00:00,2022-11-02,2022,645,gt3r,645_gt3r,PRE_BREACH,1536,15.342936199635904,15.335632370975288,0.036424648723338185,0.014433759395078738,0.021399491679143737,15.253816799464841,15.375452991725549,0.12163619226070743,-0.0020816453090000352,28.52271710388599,0.01774732597274724,47.59258775813763,35.20119126173316,True,
2022-11-02 02:43:10.779430912+00:00,2022-11-02,2022,645,gt2l,645_gt2l,PRE_BREACH,244,15.348178132352505,15.346330882900983,0.02214064651143539,0.01311096924667865,0.019438323005125765,15.308602221407678,15.377457444881076,0.06885522347339723,-0.002480782540831734,21.745041768812897,0.015624999534338713,47.55198629397512,35.239419023742336,True,
2022-11-02 02:43:11.105330944+00:00,2022-11-02,2022,645,gt2r,645_gt2r,PRE_BREACH,821,15.41666341751526,15.417077780044984,0.0292859884988175,0.012957799240936652,0.019211233154612678,15.386771966815807,15.450815196034146,0.06404322921833838,-0.002513452796975837,21.98318852567719,0.013902438611428185,47.55216407339451,35.238209423770776,True,
2022-11-02 02:43:11.581531136+00:00,2022-11-02,2022,645,gt1l,645_gt1l,PRE_BREACH,283,15.381932603300132,15.380850197130044,0.03143185419705178,0.012405400539265088,0.018392246839514417,15.32642293292317,15.419429147677809,0.093006214754638,-0.0034802880444708135,15.82813006927934,0.02384841946690385,47.520934367021624,35.277769370638175,True,
2022-11-02 02:43:11.901330944+00:00,2022-11-02,2022,645,gt1r,645_gt1r,PRE_BREACH,979,15.348223527867244,15.340538878242873,0.03951082150091717,0.017073987509899524,0.025313893882177033,15.253453667300027,15.381106677034094,0.12765300973406646,-0.003523933563396177,15.952488043855604,0.01979381375053187,47.527947659642635,35.277568981058636,True,
2022-11-10 02:26:35.952404736+00:00,2022-11-10,2022,769,gt1l,769_gt1l,PRE_BREACH,461,15.356757477271156,15.35042720908241,0.02691381224016536,0.016614598553825743,0.024632803815902046,15.299792579033483,15.386293958687581,0.08650137965409854,0.0008322379492311056,23.303045686354928,0.025139354656334795,46.96021082786132,33.689877525593616,True,
2022-11-10 02:26:36.059304704+00:00,2022-11-10,2022,769,gt2r,769_gt2r,PRE_BREACH,1637,15.365052656809237,15.357562321481797,0.03239902340004819,0.013649668184708474,0.020236998050648783,15.28367930667804,15.39396912607203,0.11028981939398896,0.0017229338147540577,28.20218497080657,0.010678524668591614,46.905937865642244,33.638831530982905,True,
2022-11-10 02:26:36.293304576+00:00,2022-11-10,2022,769,gt1r,769_gt1r,PRE_BREACH,1832,15.317826347600494,15.313535890010506,0.02964142458291835,0.019446233145172798,0.028830985261033188,15.270969407763001,15.350069835046245,0.07910042728324385,0.0019983852077452412,23.304198908590113,0.008306010743307937,46.96051801251708,33.68874723419722,True,
2022-11-10 02:26:36.334404608+00:00,2022-11-10,2022,769,gt2l,769_gt2l,PRE_BREACH,223,15.322966785134891,15.324161900734476,0.018028992730321325,0.009264673562352499,0.013735805023543815,15.29800671392844,15.35089117714944,0.05288446322099993,0.0005783081847301113,17.0672678271577,0.012445331229248903,46.95400675386037,33.64678970296122,True,
2022-11-10 02:26:37.047804928+00:00,2022-11-10,2022,769,gt3l,769_gt3l,PRE_BREACH,262,15.356831501743894,15.356070005214393,0.021189912137679855,0.011724778831922578,0.017383157096208413,15.326250288829707,15.383973176464174,0.05772288763446731,0.0004318711964608687,20.511525493428355,0.02102218063797538,46.90614698943336,33.59785891239999,True,
2022-11-10 02:26:37.381704704+00:00,2022-11-10,2022,769,gt3r,769_gt3r,PRE_BREACH,754,15.305517190252285,15.304400969964256,0.036245926041437546,0.012320552816166952,0.01826645160524912,15.2548861917922,15.343048053833947,0.08816186204174592,-0.001239821559544965,20.617019667608787,0.016705657735921503,46.91040992190141,33.597326738744485,True,
2022-12-05 01:10:50.828406784+00:00,2022-12-05,2022,1149,gt3l,1149_gt3l,PRE_BREACH,34,15.795716841201319,15.798504794834049,0.026197199267995023,0.013898350652912228,0.020605694678007668,15.75739027311596,15.841945144411083,0.08455487129512385,-0.0028260732510900894,9.434525141848138,0.14306121872317407,47.562150617649,34.67899936553454,True,
2022-12-05 01:10:51.050206720+00:00,2022-12-05,2022,1149,gt1l,1149_gt1l,PRE_BREACH,28,15.804822799132857,15.803811036037462,0.029511530121822206,0.017371154989588078,0.025754474387563283,15.755220746729421,15.85226828395867,0.09704753722924941,0.0007232385648175372,9.782081530951583,0.1664637721010617,47.54401476026438,34.76220797474144,True,
2022-12-05 01:10:51.066206720+00:00,2022-12-05,2022,1149,gt2l,1149_gt2l,PRE_BREACH,26,15.809620265251915,15.811186973514825,0.019774241790989074,0.015609536735633256,0.023142699164249863,15.786085856775214,15.843386552234097,0.057300695458883055,-0.002295177984169905,9.451790103089072,0.15524383920889634,47.542395661725486,34.71907131287301,True,
2022-12-05 01:10:51.162006784+00:00,2022-12-05,2022,1149,gt3r,1149_gt3r,PRE_BREACH,139,15.858075985681683,15.856738285077213,0.027627466443287056,0.019169351450887717,0.02842048046108613,15.810700619726749,15.900126716740555,0.08942609701380633,0.0007566648057609177,8.586385877039243,0.15112119934541715,47.56578796668106,34.678253928769934,True,
2022-12-05 01:10:51.398806784+00:00,2022-12-05,2022,1149,gt1r,1149_gt1r,PRE_BREACH,124,15.773773177260793,15.775180619792453,0.03828149227919946,0.022302467922912683,0.03306563894251034,15.718880359350555,15.834923678981598,0.11604331963104286,-0.0019291760661448963,9.601170703793448,0.16208332777023315,47.53739788836397,34.76010696049719,True,
2022-12-05 01:10:51.404406784+00:00,2022-12-05,2022,1149,gt2r,1149_gt2r,PRE_BREACH,93,15.823469638055407,15.821619944179954,0.03592608015147272,0.01764008922831195,0.026153196289895295,15.762915023071765,15.879272339530644,0.11635731645887937,0.0012317556443782137,9.642051451458672,0.16635007992550566,47.539998134874914,34.71755710079552,True,
2022-12-31 11:41:31.995643392+00:00,2022-12-31,2022,165,gt2l,165_gt2l,PRE_BREACH,3,15.202345575912126,15.149184559532982,0.1238166771399921,0.03519758666475781,0.052183941989169924,15.027133003690153,15.234023403910408,0.20689040022025473,-0.6242581605135972,0.2808349364714707,0.5417462587356567,47.17984176026683,33.82924393074018,False,too_few_points|track_too_short|stdev_too_large
2022-12-31 11:41:32.058743296+00:00,2022-12-31,2022,165,gt1l,165_gt1l,PRE_BREACH,7,15.244783436905038,15.24132872751483,0.01688660191555242,0.00587621039113273,0.008712069525893385,15.21553106659971,15.25554031609056,0.04000924949085061,-0.04642751864324888,0.35793574101725095,0.05569213256239891,47.18061521870679,33.7864726123156,False,too_few_points|track_too_short
2022-12-31 11:41:32.350443264+00:00,2022-12-31,2022,165,gt2r,165_gt2r,PRE_BREACH,1,15.217371946654787,15.217371946654787,,0.0,0.0,15.217371946654787,15.217371946654787,0.0,,,,47.17936652865017,33.83046787808682,False,too_few_points
2022-12-31 11:41:32.381543168+00:00,2022-12-31,2022,165,gt1r,165_gt1r,PRE_BREACH,30,15.184494803516634,15.182225637970426,0.02556337928169718,0.014366595052131004,0.021299913824289425,15.150440179205853,15.206849741598575,0.05640956239272121,0.05662078029415526,0.5645845489848283,0.008333333147068819,47.180901212823144,33.78753907125989,False,track_too_short
2023-01-02 23:46:48.175311616+00:00,2023-01-02,2023,205,gt2l,205_gt2l,PRE_BREACH,421,15.029490550298569,15.024174936425181,0.030947930595216278,0.027959366580802225,0.041452556892697376,14.982986656908746,15.071649241713644,0.0886625848048972,0.0010944912746865708,51.187456597486516,0.01571405503469018,47.54028299045211,35.02690272487787,True,
2023-01-02 23:46:48.507911424+00:00,2023-01-02,2023,205,gt2r,205_gt2r,PRE_BREACH,1510,15.041642445104191,15.041145764647823,0.03888788586986471,0.034216179608458575,0.05072890788750068,14.978758701158014,15.093599233757752,0.1148405325997377,0.0010865368688431716,51.393624612625224,0.017946010731299165,47.538415056338536,35.02539785582669,True,
2023-01-02 23:46:48.715911424+00:00,2023-01-02,2023,205,gt1l,205_gt1l,PRE_BREACH,370,15.080462630151128,15.12329241931274,0.5650182295132692,0.012738646820032784,0.018886317775380603,15.039389882406269,15.1101592559172,0.07076937351093093,0.01246106569444006,43.00317647248737,0.020110059979329395,47.576114431857405,35.07519240400484,True,
2023-01-02 23:46:49.001511680+00:00,2023-01-02,2023,205,gt1r,205_gt1r,PRE_BREACH,1555,15.040797321384382,15.071623889052026,0.47462275737747844,0.015083983864929706,0.02236351447814478,14.994539768976077,15.07774080520838,0.08320103623230324,0.009919547523213541,43.48159204759403,0.01435136502032755,47.57672721671727,35.07410064075501,True,
2023-01-02 23:46:52.828711424+00:00,2023-01-02,2023,205,gt3l,205_gt3l,PRE_BREACH,385,15.058048712736408,15.06108667800517,0.030102504968653705,0.01062924144635602,0.015758913368367433,15.027863716055155,15.098314721992029,0.07045100593687437,0.00037115392692293445,20.184698883747483,0.012631578591505164,47.52131678878639,34.98102751698831,True,
2023-01-02 23:46:53.182311424+00:00,2023-01-02,2023,205,gt3r,205_gt3r,PRE_BREACH,1568,14.986180644376853,14.99160234276659,0.030181456328775242,0.01790839994299631,0.026550993755486328,14.954495941027035,15.037314759217866,0.08281881819083026,-0.0017674518297758493,20.2035591581485,0.011992636834014664,47.519386473271474,34.97962582185853,True,
2023-02-04 22:14:40.157029120+00:00,2023-02-04,2023,705,gt1l,705_gt1l,PRE_BREACH,201,14.054673364739138,14.063893548526726,0.030967689511693635,0.019086579270418014,0.028297762426321746,14.027539770454503,14.103976022889565,0.07643625243506236,-0.008558344802909155,9.745711556817183,0.007999999821186066,47.59486243548326,34.55841057360162,True,
2023-02-04 22:14:40.218728960+00:00,2023-02-04,2023,705,gt2l,705_gt2l,PRE_BREACH,243,14.093697140906269,14.093785875613591,0.04508357944530569,0.015513227324493783,0.022999910831294483,14.042227973459573,14.123775171394065,0.08154719793449239,0.0010948087890067751,12.723688857405325,0.010416666395030916,47.591051484182174,34.51511921280857,True,
2023-02-04 22:14:40.331629312+00:00,2023-02-04,2023,705,gt3l,705_gt3l,PRE_BREACH,164,14.065033447107428,14.084747754767585,0.08902965299460726,0.0212187842360283,0.03145896950833555,14.03723181354359,14.122917746078206,0.08568593253461643,0.0018453069396255947,12.60616933093159,0.03444319313264781,47.560495492398346,34.46792115650075,True,
2023-02-04 22:14:40.501829120+00:00,2023-02-04,2023,705,gt1r,705_gt1r,PRE_BREACH,781,14.052633100022774,14.057515109029039,0.035889893428329156,0.031330087641343596,0.046449987937056014,14.005789470631107,14.11199815553768,0.10620868490657287,-0.00916425436603318,9.676147164024036,0.009743589454163343,47.594757876474915,34.55717236936388,True,
2023-02-04 22:14:40.562829056+00:00,2023-02-04,2023,705,gt2r,705_gt2r,PRE_BREACH,826,14.047145109067436,14.048450515195823,0.036015094284329696,0.02520620976624599,0.037370726599436306,14.001769695168043,14.095851085179468,0.09408139001142501,-0.004789755826544283,12.871612500303874,0.011748863066170031,47.5929408688407,34.51413483026836,True,
2023-02-04 22:14:40.664129280+00:00,2023-02-04,2023,705,gt3r,705_gt3r,PRE_BREACH,660,14.04668388261548,14.04956100104739,0.052506615947624034,0.03759721333437582,0.05574162848954559,13.994791453915605,14.103762346179375,0.10897089226376977,0.00010131723884331605,12.685399691019214,0.01659090853663105,47.55981529275616,34.46675622678977,True,
2023-02-08 22:06:24.933287424+00:00,2023-02-08,2023,769,gt1l,769_gt1l,PRE_BREACH,106,14.142911286304162,14.144733695763161,0.029312920001839188,0.016997752171105773,0.025200867368881417,14.10697291130577,14.189751491424193,0.08277858011842376,-0.002104482815855039,23.341955039297602,0.1003698390855823,46.9619906169466,33.69007018247116,True,
2023-02-08 22:06:25.281787392+00:00,2023-02-08,2023,769,gt1r,769_gt1r,PRE_BREACH,418,14.141962073974481,14.139666020797291,0.026645711556531258,0.017275727892995363,0.025612994174154923,14.092837518264535,14.180007150936854,0.08716963267231925,0.0004213195710678094,23.225651304706272,0.09712314688099119,46.96058004653138,33.68874540789449,True,
2023-02-08 22:06:25.307387392+00:00,2023-02-08,2023,769,gt2l,769_gt2l,PRE_BREACH,70,14.156904553583352,14.158650403762865,0.032467180676851164,0.017436263659689644,0.025851004501855863,14.11519161916267,14.199881629629129,0.08469001046645808,-0.0018191576769654911,23.61525685031093,0.122370625215192,46.946181559049506,33.64562284370511,True,
2023-02-08 22:06:25.668287232+00:00,2023-02-08,2023,769,gt2r,769_gt2r,PRE_BREACH,233,14.160972609845853,14.168040069104409,0.05779805394522253,0.014923741593865003,0.02212593928706425,14.122803719079172,14.203390271707617,0.08058655262844461,-0.0021058241053263146,23.56559530200293,0.11287412933578575,46.93925959139536,33.64353857589859,True,
2023-02-08 22:06:26.035587328+00:00,2023-02-08,2023,769,gt3l,769_gt3l,PRE_BREACH,70,14.21354724655905,14.249516188582605,0.25458267947242363,0.02153814353839678,0.031932451610027064,14.126188621150998,14.320118183901602,0.19392956275060413,-0.005863932026639122,20.411342278951786,0.12425916550452248,46.911299414706676,33.598566287950554,True,
2023-02-08 22:06:26.368887552+00:00,2023-02-08,2023,769,gt3r,769_gt3r,PRE_BREACH,246,14.168187117006132,14.167093637791035,0.034723536244505165,0.021984784219192477,0.032594641083374766,14.12020518723799,14.217289196300111,0.09708400906212056,-0.0009193463091908407,20.462057855175594,0.09328881684957929,46.92293025269004,33.5990781561905,True,
2023-02-23 09:02:18.869052160+00:00,2023-02-23,2023,989,gt1l,989_gt1l,PRE_BREACH,561,14.40399694109298,14.420094385785932,0.09302472365675069,0.012777675566972846,0.01894418179559394,14.376997753917777,14.448286352282132,0.07128859836435453,0.004899884547281024,16.33461352730857,0.019999999669380486,47.51616767282367,35.03688727553407,True,
2023-02-23 09:02:18.901152256+00:00,2023-02-23,2023,989,gt3l,989_gt3l,PRE_BREACH,1351,14.394792071818102,14.548310547298524,2.102087231429129,0.024678337987054988,0.036588103899607725,14.336387324914325,14.92678727928072,0.5903999543663954,0.042283738650713436,46.606202436712984,0.059377903435211966,47.59318712591762,35.11135820459923,True,
2023-02-23 09:02:19.007452160+00:00,2023-02-23,2023,989,gt2l,989_gt2l,PRE_BREACH,1213,14.348657353146564,14.362911666576366,0.07952325779461981,0.022717897080482885,0.033681554211523926,14.302557030857503,14.453772882006808,0.15121585114930447,0.002495775533092275,19.67731063954443,0.023659475056825835,47.56224729974985,35.07302330602709,True,
2023-02-23 09:02:19.217452288+00:00,2023-02-23,2023,989,gt1r,989_gt1r,PRE_BREACH,142,14.36930144782167,14.39205516303852,0.10898041217120988,0.013017519200197114,0.01929977396621224,14.338971555408405,14.427314573722926,0.08834301831452152,0.004951379489914711,16.347175175461473,0.02392857096024922,47.516819319460595,35.03785706808161,True,
2023-02-23 09:02:19.241252096+00:00,2023-02-23,2023,989,gt3r,989_gt3r,PRE_BREACH,324,14.40033761727808,14.454775267895286,0.18282161176260014,0.020601155631327472,0.030543273339006107,14.35432789271275,14.917683946438478,0.5633560537257285,0.014415599303549962,46.64100805690842,0.07262811271939426,47.58866018812762,35.11310117075375,True,
2023-02-23 09:02:19.346252288+00:00,2023-02-23,2023,989,gt2r,989_gt2r,PRE_BREACH,379,14.389486729280932,14.402835010365884,0.06911465549752835,0.019181997423633135,0.028439229380278486,14.3508359886201,14.501593232118925,0.15075724349882513,0.0028354456899295282,19.762706571935933,0.027980916107945304,47.560120493826055,35.07442417276387,True,
2023-02-27 08:53:46.023811328+00:00,2023-02-27,2023,1049,gt1l,1049_gt1l,PRE_BREACH,139,14.442515375501067,14.43995788446248,0.04592172573718192,0.010486160216458984,0.015546781136922089,14.415508224310148,14.482823213250223,0.06731498894007437,-0.0016802458539674054,16.22098551601933,0.03910448565650329,47.54580631043733,34.253827960245886,True,
2023-02-27 08:53:47.074111232+00:00,2023-02-27,2023,1049,gt2l,1049_gt2l,PRE_BREACH,96,14.476251630861476,14.473090871557792,0.02028276005958182,0.009005292380168228,0.013351246482837415,14.429848249266005,14.497503673561477,0.06765542429547189,0.0006742284112931309,8.41669670420366,0.03617544041480869,47.5467627257363,34.29626374819853,True,
2023-02-27 08:53:47.411611392+00:00,2023-02-27,2023,1049,gt3l,1049_gt3l,PRE_BREACH,15,14.46008588943723,14.472095420859015,0.03158046623415453,0.00691067828562808,0.010245771626272191,14.4421268406763,14.534807957968793,0.09268111729249284,0.055689923880750315,1.500596414885318,0.05499999597668648,47.539286058352744,34.33999291753464,False,too_few_points|track_too_short
2023-02-27 08:53:47.749511168+00:00,2023-02-27,2023,1049,gt1r,1049_gt1r,PRE_BREACH,20,14.510849719014002,14.513073352933507,0.01450260715192617,0.007876851641826832,0.01167822024417246,14.496789607432921,14.537608637569871,0.04081903013694976,-0.004318085964911532,2.683046374581245,0.009999999776482582,47.53858789391877,34.25593976876692,True,
2023-02-27 08:53:47.822411264+00:00,2023-02-27,2023,1049,gt3r,1049_gt3r,PRE_BREACH,2,14.497842479123529,14.497842479123529,0.010639111055716717,0.00752298757329406,0.011153581376165773,14.491071790307565,14.504613167939493,0.013541377631927531,,,,47.53857196243807,34.34127556045269,False,too_few_points
2023-02-27 08:53:47.931111424+00:00,2023-02-27,2023,1049,gt2r,1049_gt2r,PRE_BREACH,34,14.458916962845112,14.460187297916432,0.023460603062523584,0.015160367912148587,0.022476761466551493,14.42894946364211,14.496074264780152,0.06712480113804098,0.015845844236848414,2.8175620296973567,0.008333333147068819,47.55098526833654,34.29686593570321,True,
2023-03-03 08:45:19.079371008+00:00,2023-03-03,2023,1109,gt1l,1109_gt1l,PRE_BREACH,260,14.453561026168261,14.45310844989151,0.012016640975641176,0.007166212863909394,0.010624627192032067,14.433187549374912,14.474508233199524,0.04132068382461185,-0.0010452649502857546,4.005518371541043,0.011346153628367644,46.83764944785818,33.57555868611075,True,
2023-03-03 08:45:19.124071168+00:00,2023-03-03,2023,1109,gt2l,1109_gt2l,PRE_BREACH,570,14.442354362747855,14.445428427813091,0.050698005740239416,0.008199983223800444,0.012157295127606538,14.41633945617118,14.465649917844315,0.049310461673135464,-0.0009671082111745525,20.55705257297266,0.01275246978701214,46.88214978300358,33.61132112700663,True,
2023-03-03 08:45:19.422671104+00:00,2023-03-03,2023,1109,gt1r,1109_gt1r,PRE_BREACH,66,14.462729651315138,14.46104672160827,0.01858512190243652,0.011713537392942897,0.017366490538777136,14.427422648290783,14.48821108554079,0.06078843725000738,0.000989930158061742,3.9964039590326963,0.01582197015258399,46.83751823218075,33.57660626215129,True,
2023-03-03 08:45:19.468271104+00:00,2023-03-03,2023,1109,gt2r,1109_gt2r,PRE_BREACH,181,14.466528146206535,14.477112692674769,0.08332246013600891,0.009137188898439064,0.013546796260825755,14.44280058365451,14.495738699073687,0.05293811541917748,-0.0012375439399838234,20.510715158382723,0.012914137725355261,46.885075316934845,33.612157230725806,True,
2023-03-03 08:45:19.629271040+00:00,2023-03-03,2023,1109,gt3l,1109_gt3l,PRE_BREACH,355,14.459714980218585,14.45636208035488,0.02269025326214725,0.013501586085762796,0.02001745153075192,14.41134993486165,14.486476704073574,0.07512676921192352,-0.00262018697214719,15.109109667842665,0.019154759685338384,46.94034878125143,33.64545575156483,True,
2023-03-03 08:45:19.977971200+00:00,2023-03-03,2023,1109,gt3r,1109_gt3r,PRE_BREACH,101,14.466322043718904,14.46759241981298,0.03649330696696709,0.012576234529966257,0.018645525314127973,14.434815616401501,14.498259960788726,0.06344434438722502,0.0003962619064901164,15.188126116292272,0.029409668951605756,46.94599107930266,33.64589511325537,True,
2023-03-05 20:50:42.150438400+00:00,2023-03-05,2023,1149,gt1l,1149_gt1l,PRE_BREACH,2510,14.469525866488539,14.474588074767954,0.03729562308513671,0.0176137341970648,0.026114122320568273,14.430611742456284,14.526453686829646,0.0958419443733618,-0.002876628822602859,12.654801048644815,0.016912349907911392,47.52659119902565,34.80830819482105,True,
2023-03-05 20:50:42.204338432+00:00,2023-03-05,2023,1149,gt2l,1149_gt2l,PRE_BREACH,2014,14.506685213937605,14.511124202684831,0.047390255953554616,0.03689626605623886,0.054702404054979725,14.44596089953521,14.579705649548618,0.1337447500134079,0.0002294827705702421,10.331213476528168,0.013656716001456353,47.53761457434886,34.76697266865104,True,
2023-03-05 20:50:42.254938112+00:00,2023-03-05,2023,1149,gt3l,1149_gt3l,PRE_BREACH,1362,14.484257517469212,14.499707302167469,0.04805454825946706,0.017281988846050922,0.025622276663155096,14.456025384360448,14.555724020874953,0.09969863651450517,-0.012545553227071926,9.37417556413014,0.012720587916727014,47.54475522110478,34.7250452900507,True,
2023-03-05 20:50:42.492638208+00:00,2023-03-05,2023,1149,gt1r,1149_gt1r,PRE_BREACH,626,14.478928846335453,14.48499400472294,0.028960123375561787,0.015242583761958528,0.022598654685479714,14.446615312157835,14.53462061931782,0.08800530715998534,-0.002406289579034935,12.590191235409305,0.01774283853796915,47.52804979821969,34.807299844856615,True,
2023-03-05 20:50:42.549138432+00:00,2023-03-05,2023,1149,gt2r,1149_gt2r,PRE_BREACH,554,14.486913901428832,14.490714524456362,0.041352477601170785,0.03288117745023911,0.048749633687724496,14.436155087561913,14.561148857891176,0.1249937703292634,0.003939314011700034,10.250350974831614,0.016090908443385905,47.5387063053164,34.76594574680933,True,
2023-03-05 20:50:42.595337984+00:00,2023-03-05,2023,1149,gt3r,1149_gt3r,PRE_BREACH,346,14.501694916209724,14.512802505135857,0.05024379916349886,0.01484653892850929,0.02201147861540787,14.468421148951162,14.559422663472093,0.09100151452093108,-0.010619042495945329,9.450702467464628,0.02285641269230774,47.54508986196196,34.72395620705949,True,
2023-03-09 20:42:17.826900992+00:00,2023-03-09,2023,1209,gt1l,1209_gt1l,PRE_BREACH,687,14.579816040772354,14.582666952720018,0.040265812913417895,0.016791729448947024,0.024895418081008855,14.545241207348324,14.621572535447006,0.07633132809868215,0.0003842393398615424,39.49699566663704,0.10164324135314591,47.424570755136735,34.01612907837032,True,
2023-03-09 20:42:18.037601024+00:00,2023-03-09,2023,1209,gt2l,1209_gt2l,PRE_BREACH,370,14.576364469059193,14.580899785177836,0.050855338313955646,0.014579508065351021,0.021615578657689424,14.536728319827972,14.619464119342782,0.08273579951480947,0.0007036000863196019,42.706959471168815,0.10416666620100538,47.404009313299596,33.970245018503,True,
2023-03-09 20:42:18.183100928+00:00,2023-03-09,2023,1209,gt1r,1209_gt1r,PRE_BREACH,170,14.568111342550383,14.568012121315219,0.023427654125655926,0.015940623229422357,0.023633567999941586,14.53424347756004,14.602389768632067,0.06814629107202741,0.000680491415894459,39.30799074402477,0.10270747789264431,47.420663475025115,34.01428994830739,True,
2023-03-09 20:42:18.381901056+00:00,2023-03-09,2023,1209,gt2r,1209_gt2r,PRE_BREACH,113,14.535842797864177,14.538943880310367,0.03502971273144298,0.01645705112758833,0.024399224001762455,14.495867840828327,14.58242238204841,0.08655454122008344,0.0001163870761404325,44.53883671038933,0.1055242471959231,47.39826019921003,33.9682862637966,True,
2023-03-09 20:42:18.460001024+00:00,2023-03-09,2023,1209,gt3l,1209_gt3l,PRE_BREACH,190,14.581328181727518,14.583762007437983,0.04881361810823699,0.02157829360380248,0.03199197809699755,14.526250268197169,14.640716662064738,0.11446639386756985,0.0011553381698459317,43.892516835237046,0.1037058609748079,47.3738951077104,33.92309734339886,True,
2023-03-09 20:42:18.791100928+00:00,2023-03-09,2023,1209,gt3r,1209_gt3r,PRE_BREACH,42,14.563722565371869,14.588322215191454,0.09125018120974504,0.022358767633800625,0.033149108893872806,14.531495279179758,14.746709828146027,0.21521454896626935,0.0015312414125427465,43.74887138256181,0.1116666669646899,47.38926887822267,33.92413312625359,True,
2023-03-24 07:38:08.709402880+00:00,2023-03-24,2023,45,gt1l,45_gt1l,PRE_BREACH,273,14.71409046244051,14.717189899456303,0.04662845738197373,0.017696227993837965,0.026236427623664165,14.661277930039306,14.76756732382921,0.1062893937899041,-0.0005410932530709397,22.160462200961014,0.07154977904474603,47.540168691552395,35.24402766186464,True,
2023-03-24 07:38:09.070802688+00:00,2023-03-24,2023,45,gt1r,45_gt1r,PRE_BREACH,67,14.795159250027908,14.796544646335384,0.030984859029253388,0.016072556773668367,0.02382917267264072,14.749627122223727,14.847725878196167,0.09809875597244044,-9.691199106434248e-05,17.561990019380907,0.039139441589810954,47.523487499246336,35.24756808320412,True,
2023-03-24 07:38:09.285402880+00:00,2023-03-24,2023,45,gt2l,45_gt2l,PRE_BREACH,1079,14.74307541219203,14.742071483060467,0.03475526082322491,0.02308726960693619,0.03422918591924359,14.675474657708419,14.792946680552733,0.11747202284431424,-0.0018733734651549807,11.896587608411805,0.01083870116972567,47.55773580227679,35.28435867713388,True,
2023-03-24 07:38:09.442202880+00:00,2023-03-24,2023,45,gt3l,45_gt3l,PRE_BREACH,1477,14.699157626279913,14.702026276259238,0.04093460507949869,0.029489392461215402,0.04372097326299795,14.645147452393916,14.77680149489316,0.13165404249924428,0.012492916307759463,5.098213554643534,0.011972788803684874,47.5452300853509,35.32905605198425,True,
2023-03-24 07:38:09.631502848+00:00,2023-03-24,2023,45,gt2r,45_gt2r,PRE_BREACH,260,14.712524287625513,14.714161179392828,0.033627298741123836,0.019978867476531548,0.02962066892070567,14.67533775671327,14.751817992941428,0.07648023622815714,0.00027494708057458254,11.596221072472442,0.012743445969401643,47.55866948641282,35.28540748065702,True,
2023-03-24 07:38:09.797803008+00:00,2023-03-24,2023,45,gt3r,45_gt3r,PRE_BREACH,364,14.744846758057275,14.763455942102762,0.05994096288742238,0.03576641332995045,0.053027284402984536,14.673429946956967,14.865701925904578,0.19227197894761083,0.034074249488705716,4.72664102051421,0.00972222200491362,47.54605793463214,35.33011989307728,True,
2023-04-26 06:05:44.963460352+00:00,2023-04-26,2023,545,gt3l,545_gt3l,PRE_BREACH,486,16.775845813589733,16.775777836748816,0.01637894070900231,0.010364313914125844,0.015366131809082976,16.749451995653065,16.80312604751225,0.05367405185918628,0.0004026919894333046,18.580215522523858,0.019109320554713653,47.48870592182927,34.8668627056882,True,
2023-04-26 06:05:45.296360192+00:00,2023-04-26,2023,545,gt3r,545_gt3r,PRE_BREACH,133,16.805111356918683,16.808412407430954,0.0352798360380986,0.011791269647574154,0.01748173637949344,16.78002361141545,16.836220791971854,0.05619718055640277,0.0012884521011834434,18.628847117225472,0.04469976948166732,47.48614848085442,34.868438539707114,True,
2023-04-26 06:05:45.854460160+00:00,2023-04-26,2023,545,gt2l,545_gt2l,PRE_BREACH,255,16.809741946987685,16.810549608848493,0.016034167302922363,0.011156797453470091,0.016541067904514754,16.784264971517818,16.838310316478573,0.054045344960755415,0.0011645550512045743,13.28725937478261,0.01660000007599592,47.51695511657084,34.81966996159185,True,
2023-04-26 06:05:46.093960192+00:00,2023-04-26,2023,545,gt1l,545_gt1l,PRE_BREACH,291,16.765657238817244,16.767268012380217,0.02042270353092802,0.013602434935183538,0.020166970034903114,16.734881413987353,16.800783705742564,0.06590229175521145,0.0005401195221127702,11.693350677374832,0.033793103303118,47.521387475659054,34.77592092439832,True,
2023-04-26 06:05:46.189060352+00:00,2023-04-26,2023,545,gt2r,545_gt2r,PRE_BREACH,85,16.794999895899362,16.792941300134853,0.0166482302321308,0.011602975782995628,0.017202571895869316,16.767363957796356,16.81764126796159,0.05027731016523518,0.001032735758316838,13.244632257532762,0.013124999939464033,47.51665945104917,34.8209672516623,True,
2023-04-26 06:05:46.427460352+00:00,2023-04-26,2023,545,gt1r,545_gt1r,PRE_BREACH,76,16.80351988953235,16.80057577369873,0.02920526533072876,0.010470341426783492,0.015523328199349203,16.769453356164426,16.835210540217467,0.06575718405304087,0.0010959308094868527,11.79668747792675,0.07606769103164736,47.52151501677358,34.77704553837992,True,
2023-05-02 18:02:41.720704+00:00,2023-05-02,2023,645,gt3l,645_gt3l,PRE_BREACH,2784,17.28452013468572,17.281243983131667,0.024594715392442745,0.015482333057551756,0.02295410699112623,17.2336889603944,17.314736907637286,0.08104794724288666,2.1917810687887565e-05,20.737222528280025,0.010845323461744424,47.543406175363934,35.244150453717886,True,
2023-05-02 18:02:42.041104128+00:00,2023-05-02,2023,645,gt3r,645_gt3r,PRE_BREACH,718,17.342532177770153,17.339868686457514,0.02570713116407037,0.014110532869841208,0.020920276032826573,17.287208249291673,17.37258132022308,0.08537307093140711,-0.0013581893617144187,20.95194696394586,0.0132667295567297,47.54393313659063,35.24302936802235,True,
2023-05-02 18:02:42.508803840+00:00,2023-05-02,2023,645,gt2l,645_gt2l,PRE_BREACH,1271,17.342627020599586,17.337879267865624,0.03042125096623434,0.024502081449170987,0.0363267859565409,17.29193755082857,17.379258035375898,0.08732048454732677,0.0023607987567949586,14.545213052106078,0.01234350673630716,47.50756683199786,35.2818454681065,True,
2023-05-02 18:02:42.829203968+00:00,2023-05-02,2023,645,gt2r,645_gt2r,PRE_BREACH,394,17.293840748328684,17.297941859225958,0.025603461071292948,0.019404851778626053,0.028769633246990986,17.25995008205395,17.336848847597054,0.0768987655431026,0.001593125958129426,15.684815460750519,0.014400298769275347,47.503754738687064,35.28006867969091,True,
2023-05-02 18:02:43.076204032+00:00,2023-05-02,2023,645,gt1l,645_gt1l,PRE_BREACH,534,17.255107534448904,17.255252437654544,0.024128659075167234,0.019658306816209503,0.02914540568571221,17.216943659477696,17.292884091199515,0.07594043172181841,0.009028141560947897,3.8734006266419807,0.008679245053878371,47.53136270662635,35.32787907665935,True,
2023-05-02 18:02:43.368103936+00:00,2023-05-02,2023,645,gt1r,645_gt1r,PRE_BREACH,142,17.331178736625347,17.334401526910703,0.02051854573930642,0.015165880141358556,0.022484933897578194,17.304809599516148,17.368953829732263,0.06414423021611526,5.020444192073499e-05,4.316824510721197,0.011428571040076869,47.532963659446985,35.326968356829404,True,
2023-05-04 05:48:54.036302336+00:00,2023-05-04,2023,669,gt3l,669_gt3l,PRE_BREACH,302,17.330453435788495,17.325604698662353,0.0238396968575269,0.012315827652852107,0.018259446078118535,17.26976869319676,17.35281695601056,0.08304826281380073,0.003359366520556533,5.502488041046575,0.011166666417072217,46.7953960895396,33.406536841536926,True,
2023-05-04 05:48:54.241102336+00:00,2023-05-04,2023,669,gt2l,669_gt2l,PRE_BREACH,42,17.381279759395078,17.37828833771109,0.012934540689636037,0.00785600099497863,0.011647307075155315,17.354580232712078,17.39320971053746,0.038629477825381286,0.015047508215927406,0.7596665693805219,0.012499999720603228,46.7869422760474,33.36518768572562,False,track_too_short
2023-05-04 05:48:54.426602240+00:00,2023-05-04,2023,669,gt3r,669_gt3r,PRE_BREACH,70,17.38472683544223,17.3833876201928,0.013193906716217924,0.008284236081228968,0.012282208414030068,17.36549756517358,17.40183412202411,0.03633655685052872,-0.0029273564446947995,5.196279269612676,0.009999999776482582,46.79836339708448,33.40731653249473,True,
2023-05-04 05:48:54.576502272+00:00,2023-05-04,2023,669,gt2r,669_gt2r,PRE_BREACH,15,17.347657870872958,17.351215968747706,0.026905934826059325,0.01887658577062723,0.027986426063531928,17.317285570748016,17.39308714610217,0.07580157535415566,0.07641538069319999,0.8636963354005237,0.009999999776482582,46.78717745163571,33.3663890480804,False,too_few_points|track_too_short
2023-05-06 17:54:22.227774208+00:00,2023-05-06,2023,705,gt2l,705_gt2l,PRE_BREACH,201,17.491553992119737,17.49017161027301,0.03614732909713997,0.012115964262957135,0.017963128616260246,17.440740618448103,17.519242182802437,0.0785015643543332,-0.0026788898017818534,10.17005473306723,0.059867140350501925,47.58244536439263,34.56258752272952,True,
2023-05-06 17:54:22.276774144+00:00,2023-05-06,2023,705,gt3l,705_gt3l,PRE_BREACH,288,17.413351058459117,17.410091948849214,0.03567021637073982,0.012776503837184094,0.018942444589009136,17.35866005873171,17.443108953584787,0.08444889485307527,-0.002390486978259652,12.56274260066285,0.06061652382939226,47.571789702231726,34.51830025927308,True,
2023-05-06 17:54:22.321374208+00:00,2023-05-06,2023,705,gt1l,705_gt1l,PRE_BREACH,258,17.41266046650418,17.413495965075786,0.023784242975210347,0.014462128396932172,0.021441551561291638,17.377549968137668,17.44878738067333,0.07123741253566251,0.0008397430080050417,9.692947796524834,0.08627701618585938,47.573460047574926,34.60400496344238,True,
2023-05-06 17:54:22.571074048+00:00,2023-05-06,2023,705,gt2r,705_gt2r,PRE_BREACH,55,17.408475611037545,17.411211809811913,0.021013421861144334,0.013643461322693895,0.020227795757025966,17.38068645953835,17.447752555706938,0.06706609616858827,0.0006781653613008513,10.014329662519067,0.06999999918043613,47.58056191245104,34.56112497255426,True,
2023-05-06 17:54:22.623474176+00:00,2023-05-06,2023,705,gt3r,705_gt3r,PRE_BREACH,72,17.447132345827946,17.447421856885594,0.018151280729923946,0.010784778879555645,0.0159895131668292,17.414791526533214,17.473356983151536,0.058565456618321576,-6.738093758059392e-06,12.757131933507507,0.05288385584110945,47.5710960561039,34.51704745700855,True,
2023-05-06 17:54:22.650874112+00:00,2023-05-06,2023,705,gt1r,705_gt1r,PRE_BREACH,66,17.42559574132985,17.425469974376856,0.02293052242526579,0.014578476813715824,0.02161404972401508,17.38654248168537,17.461813370372518,0.07527088868714671,0.0017873897046096808,9.819860148986857,0.09880792834993565,47.57416578576427,34.6029463805689,True,
2023-05-10 17:46:07.396745216+00:00,2023-05-10,2023,769,gt1l,769_gt1l,PRE_BREACH,5,17.384194519101484,17.414301083932834,0.08970098146701067,0.021864057281984373,0.03241565132627003,17.361754443759448,17.53654519062201,0.17479074686256268,-0.5910393690478226,0.2842807981187009,1.2916924953460693,47.18321972727681,33.76969239891288,False,too_few_points|track_too_short|stdev_too_large
2023-05-10 17:46:09.474745344+00:00,2023-05-10,2023,769,gt3l,769_gt3l,PRE_BREACH,610,17.357758524600335,17.35491587940836,0.02137420540623163,0.011986662984977414,0.017771426541527514,17.314302298886,17.383392098276488,0.06908979939048976,0.0012402747387019086,24.178320487983683,0.012103510834276677,46.99796057357633,33.65907111886457,True,
2023-05-10 17:46:09.697445120+00:00,2023-05-10,2023,769,gt2l,769_gt2l,PRE_BREACH,594,17.42211026398862,17.42067367650956,0.021663802702966944,0.014634134288092682,0.02169656749552621,17.384705342048836,17.454648396829793,0.06994305478095697,0.0008780561242513458,12.046976796195613,0.015345035917329468,46.984121369957016,33.69938148974118,True,
2023-05-10 17:46:09.828245248+00:00,2023-05-10,2023,769,gt3r,769_gt3r,PRE_BREACH,134,17.395327366887464,17.3934262150172,0.019387495218927794,0.010937879108261939,0.016216499565909148,17.36580372899251,17.4155839524937,0.049780223501191045,0.0007197217122421417,24.097600069243686,0.031084608618718708,46.99282098038353,33.65720946148738,True,
2023-05-10 17:46:10.037345280+00:00,2023-05-10,2023,769,gt2r,769_gt2r,PRE_BREACH,173,17.353055467706056,17.353287657257567,0.020774551297588796,0.014127232104883092,0.020945034318699672,17.322926940876627,17.383468993008172,0.060542052131545177,0.0005179285710238484,12.043345188037874,0.015148274501895204,46.985990894297416,33.69846065268196,True,
2023-05-25 04:41:40.630658304+00:00,2023-05-25,2023,989,gt1l,989_gt1l,PRE_BREACH,1633,17.425246918568877,17.424654384446065,0.022836734002264155,0.015072440307928758,0.022346400000535175,17.38712207257876,17.46192810064553,0.07480602806677084,0.0010356965371221508,18.33403947738496,0.031104294417505982,47.463294138759274,34.99548566259956,True,
2023-05-25 04:41:40.983358464+00:00,2023-05-25,2023,989,gt1r,989_gt1r,PRE_BREACH,403,17.3864606019709,17.388117321324266,0.018575515634693448,0.012924089304917175,0.019161254803470203,17.359944011965343,17.422638734490416,0.06269472252507313,0.0004171446999514241,18.03167009513974,0.024249999923631547,47.46254854734304,34.99682006360052,True,
2023-05-25 04:41:41.021958400+00:00,2023-05-25,2023,989,gt2l,989_gt2l,PRE_BREACH,1423,17.395910017540043,17.39623038028071,0.029597452467764067,0.022935266563177237,0.03400382620656657,17.349269088425242,17.443114830841072,0.0938457424158301,0.00560867891769958,16.504186971872254,0.009954659792579538,47.47293585042194,35.03684982258411,True,
2023-05-25 04:41:41.375658496+00:00,2023-05-25,2023,989,gt2r,989_gt2r,PRE_BREACH,396,17.382162523197408,17.38435665775203,0.034202845937015246,0.013922457540818556,0.02064143555001759,17.355506052290224,17.41375147281279,0.058245420522567315,0.003769937287973145,16.535900482469334,0.013593905473673585,47.47608217374602,35.037560397175525,True,
2023-05-25 04:41:41.595858688+00:00,2023-05-25,2023,989,gt3r,989_gt3r,PRE_BREACH,245,17.440480385431382,17.441740657536013,0.023496075093788614,0.009366137075872416,0.013886234828688443,17.417223923442457,17.465041304134086,0.04781738069162955,0.0016128076976246397,15.280558705720777,0.016513974718842268,47.49939102092755,35.076981816610136,True,
2023-05-29 04:33:19.832824832+00:00,2023-05-29,2023,1049,gt1l,1049_gt1l,PRE_BREACH,210,17.38932945497762,17.391040299423963,0.05025118239677705,0.0147741296532935,0.02190412462397294,17.35292945784926,17.42595669331158,0.0730272354623196,0.001234582373087398,13.051668956925866,0.11779430933474075,47.4845624512115,34.2138943726067,True,
2023-05-29 04:33:19.875924992+00:00,2023-05-29,2023,1049,gt3l,1049_gt3l,PRE_BREACH,255,17.366803901642783,17.364444201595987,0.021238854399158846,0.011243033430819338,0.01666892136453275,17.3316742294048,17.391841088786013,0.060166859381212134,-0.0005210164911122536,17.66498574870364,0.07079999946057797,47.51739259101554,34.294594926654625,True,
2023-05-29 04:33:20.026324992+00:00,2023-05-29,2023,1049,gt2l,1049_gt2l,PRE_BREACH,215,17.40324877488373,17.402663122237914,0.02616151043715334,0.01562735449489594,0.02316911577413272,17.359502118654078,17.438152521843914,0.07865040318983674,0.0005086693525479497,23.485598038772565,0.07680883376636136,47.53880035659467,34.2488601870081,True,
2023-05-29 04:33:20.177624832+00:00,2023-05-29,2023,1049,gt1r,1049_gt1r,PRE_BREACH,53,17.456961840951863,17.455378769555413,0.0253624008073366,0.016636405050459047,0.02466513412781058,17.414326862258584,17.496929932887245,0.0826030706286609,0.0018238290271183886,12.906664300323676,0.10522741754995842,47.48338255736229,34.21518829355964,True,
2023-05-29 04:33:20.229424896+00:00,2023-05-29,2023,1049,gt3r,1049_gt3r,PRE_BREACH,71,17.389141846705456,17.39245738913863,0.01966571718641138,0.011599061179349945,0.01719676810450423,17.367275267897824,17.426408130444024,0.05913286254619976,0.0005136798615973775,17.530183348539097,0.07879346491060626,47.515422011158954,34.29604677086463,True,
2023-05-29 04:33:20.377825024+00:00,2023-05-29,2023,1049,gt2r,1049_gt2r,PRE_BREACH,66,17.363693732405867,17.362379142515824,0.047285803220650596,0.0186812653374826,0.0276968439893517,17.328651226682577,17.412731124080672,0.08407989739809452,0.002550718410207696,23.407869582122878,0.1323873159507739,47.5363606786042,34.250397813697795,True,
2023-06-02 04:24:45.296291328+00:00,2023-06-02,2023,1109,gt3l,1109_gt3l,PRE_BREACH,3383,17.239084655510702,17.24103727517574,0.02940877606528497,0.014394885604435359,0.02134185739713586,17.198754001540397,17.29190256997192,0.09314856843152342,-3.5254338338820744e-05,22.316196193526878,0.014707614324303984,46.877594132822026,33.60540641652149,True,
2023-06-02 04:24:45.366391296+00:00,2023-06-02,2023,1109,gt2l,1109_gt2l,PRE_BREACH,1023,17.298643628924175,17.29901126630887,0.01890848651651757,0.012000576457399603,0.01779205465574065,17.269809026209888,17.331030058395033,0.061221032185144963,-2.3095797453342332e-05,4.483379256854738,0.010147058487157612,46.83572457486487,33.56911742044134,True,
2023-06-02 04:24:45.472991488+00:00,2023-06-02,2023,1109,gt1l,1109_gt1l,PRE_BREACH,255,17.23855859673149,17.24356023279837,0.03977906936096637,0.0249961787803592,0.03705933465976055,17.188252147383,17.31032780439132,0.12207565700832035,-0.002836417944855985,4.263904359600906,0.051199999675154685,46.82779595508456,33.52821482153808,True,
2023-06-02 04:24:45.663891200+00:00,2023-06-02,2023,1109,gt3r,1109_gt3r,PRE_BREACH,882,17.30329561462576,17.30281141999867,0.028858324351135767,0.017299708035469763,0.02564854713338747,17.246470304818732,17.347196944398785,0.10072663958005279,0.003315496502920037,22.055133092995483,0.012071167970954002,46.88274607112643,33.605878899095245,True,
2023-06-02 04:24:45.696391424+00:00,2023-06-02,2023,1109,gt2r,1109_gt2r,PRE_BREACH,260,17.24556377167213,17.248878073567504,0.019674667980893124,0.01122356074855091,0.016640051165801577,17.225563450527506,17.289661457534706,0.0640980070071997,-0.005968112036803424,4.4644731533430875,0.00923076898862536,46.83584081504124,33.57032713622287,True,
2023-06-02 04:24:45.812691456+00:00,2023-06-02,2023,1109,gt1r,1109_gt1r,PRE_BREACH,45,17.282760574763984,17.28212079369143,0.028111582077783876,0.015805061978383605,0.023432584889151533,17.2378925851177,17.31814059502848,0.08024800991078251,0.003500225796493647,3.3298368326589602,0.05749999964609742,46.82794715229684,33.52933071960929,True,
2023-06-04 16:30:09.144260096+00:00,2023-06-04,2023,1149,gt2l,1149_gt2l,PRE_BREACH,248,17.182250170722064,17.18111941519472,0.021147466232566685,0.014817771356486986,0.021968827813127603,17.144997433632792,17.212998541736027,0.06800110810323545,0.0019455760463001008,12.653776375060197,0.050532925994165485,47.53017925798585,34.81461939069302,True,
2023-06-04 16:30:09.196760064+00:00,2023-06-04,2023,1149,gt3l,1149_gt3l,PRE_BREACH,271,17.209046588643663,17.2085458524997,0.017449740678810055,0.010503774987899561,0.015572896797059888,17.181666264567745,17.236260137123836,0.05459387255609016,0.0016526653491389933,10.923219508337697,0.0438888887702315,47.53392070931965,34.77224513434989,True,
2023-06-04 16:30:09.289760+00:00,2023-06-04,2023,1149,gt1l,1149_gt1l,PRE_BREACH,330,17.233702633366974,17.232013809732788,0.025324816086254625,0.01727001355940594,0.025604522103175244,17.18978480237419,17.268558331260596,0.07877352888640488,0.0023047223513592433,12.820891179208664,0.09545454399829562,47.51724453079749,34.85569641600643,True,
2023-06-04 16:30:09.486060032+00:00,2023-06-04,2023,1149,gt2r,1149_gt2r,PRE_BREACH,76,17.200758337001226,17.201230948262147,0.02086948593177056,0.013748473628471203,0.020383487001571405,17.164407522447114,17.235119486190364,0.07071196374324984,0.0024584572248176114,12.513668757190997,0.0618324345958076,47.52959960326027,34.81338991237893,True,
2023-06-04 16:30:09.540760064+00:00,2023-06-04,2023,1149,gt3r,1149_gt3r,PRE_BREACH,70,17.201176884049453,17.20206323799451,0.015780075872894143,0.009199826318713633,0.013639662500124832,17.171146420776047,17.22706785416656,0.055921433390512476,0.00187298616451503,10.723894272900338,0.052857142207877975,47.53544687126074,34.771327090833616,True,
2023-06-04 16:30:09.614460160+00:00,2023-06-04,2023,1149,gt1r,1149_gt1r,PRE_BREACH,83,17.146978005100337,17.146972259171875,0.023525667937481228,0.017448653544480663,0.02586937374504703,17.109516483190117,17.182554301052445,0.07303781786232832,0.0029997256605684567,12.873102606924174,0.08562499831896275,47.51810927152274,34.85461173205225,True,
2023-06-08 16:21:42.684224+00:00,2023-06-08,2023,1209,gt1l,1209_gt1l,BREACH_DRAWDOWN,1072,12.629565252425577,12.584088426528453,0.1048880703885625,0.04735242123183525,0.07020469971831894,12.420957177686695,12.68493003356127,0.26397285587457553,0.007652653346493084,39.272285595349494,0.028264842819324818,47.41421332053753,34.01384384340759,True,
2023-06-08 16:21:42.878323712+00:00,2023-06-08,2023,1209,gt2l,1209_gt2l,BREACH_DRAWDOWN,708,12.697359128818459,12.638291207984372,0.1519829406419936,0.044603669674051716,0.06612940065874907,12.44649263604927,12.751501158174245,0.3050085221249752,0.0075900088695759075,42.63939595592388,0.04832587775011829,47.3902844065169,33.96770460574313,True,
2023-06-08 16:21:43.039823872+00:00,2023-06-08,2023,1209,gt1r,1209_gt1r,BREACH_DRAWDOWN,252,12.688469762011165,12.644152003725475,0.10559343610766907,0.033748889122136916,0.05003610301248019,12.484719180254798,12.730509183949044,0.2457900036942462,0.007266174931498552,36.87269771253382,0.028235395643043802,47.42028776434907,34.0135453968216,True,
2023-06-08 16:21:43.220523776+00:00,2023-06-08,2023,1209,gt2r,1209_gt2r,BREACH_DRAWDOWN,227,12.666733349801504,12.60286630269954,0.1279348426971153,0.04414747054224932,0.06545303982593884,12.423519585342447,12.719429612228382,0.2959100268859345,0.007874256391446927,44.424163883831206,0.042321568233675735,47.3875771295194,33.96606896215128,True,
2023-06-08 16:21:43.305323776+00:00,2023-06-08,2023,1209,gt3l,1209_gt3l,BREACH_DRAWDOWN,490,12.442083136492606,12.54284883483038,0.15506252722055539,0.10459241587673951,0.15506871577885398,12.345134764778093,12.72695193492414,0.38181717014604644,0.007831104284306415,43.7818703967301,0.039166666547923036,47.3358879210342,33.91721707051818,True,
2023-06-08 16:21:43.635223808+00:00,2023-06-08,2023,1209,gt3r,1209_gt3r,BREACH_DRAWDOWN,122,12.508838767776332,12.583166668925099,0.1393531596835713,0.08771598087096777,0.1300477132392968,12.419632241601324,12.748342884955093,0.3287106433537694,0.0071971672822973305,43.94564151587701,0.0452525590401177,47.3285511865985,33.91497460046149,True,
2023-06-23 03:17:28.959899392+00:00,2023-06-23,2023,45,gt1l,45_gt1l,BREACH_DRAWDOWN,182,11.103051957235584,11.16384705889323,0.15760368307461833,0.07215483308237047,0.10697675552792246,10.995059033087257,11.478799375269743,0.48374034218248596,-0.07959231553864803,4.052840157202995,0.024166666023019288,47.54527368748777,35.32438606912618,False,slope_too_steep
2023-06-23 03:17:29.335199232+00:00,2023-06-23,2023,45,gt1r,45_gt1r,BREACH_DRAWDOWN,51,11.177758170005507,11.209069619793224,0.17109687847184263,0.10980848010470012,0.1628020526032284,11.048383032778215,11.56978922112988,0.5214061883516656,-0.10039179743679294,3.832413330446706,0.016999999061226845,47.546217690033146,35.32540795193274,False,slope_too_steep
2023-06-27 03:09:08.522660352+00:00,2023-06-27,2023,105,gt3l,105_gt3l,BREACH_DRAWDOWN,158,9.362119172339284,9.331425908932335,0.17899043719278748,0.11535056523196374,0.17101874801290942,9.05033590475111,9.552580304005977,0.5022443992548666,-0.04534668695761547,5.619435418169576,0.0630250031222837,47.57667554099471,34.626992711065014,True,
2023-06-27 03:09:08.773860096+00:00,2023-06-27,2023,105,gt1r,105_gt1r,BREACH_DRAWDOWN,78,8.748945411203039,8.785311373982953,0.24672536266945036,0.09831705422260306,0.14576486459043128,8.376260043950811,9.153578234717248,0.7773181907664366,-0.025214038422330047,7.91303276856691,0.0903576654023849,47.5618497613379,34.54432939007681,True,
2023-06-27 03:09:08.849960448+00:00,2023-06-27,2023,105,gt1l,105_gt1l,BREACH_DRAWDOWN,196,8.045608240283984,8.015744155405768,0.1802025686405218,0.09006805511107352,0.13353489850767758,7.772784976780499,8.313864203486787,0.5410792267062883,-0.10951195864880187,5.2698520693551085,0.0506606411226854,47.58606574704596,34.53974000826238,False,slope_too_steep
2023-06-27 03:09:08.863360512+00:00,2023-06-27,2023,105,gt2r,105_gt2r,BREACH_DRAWDOWN,118,8.887618072629941,8.91797773197008,0.2725235089696872,0.17122878472603276,0.25386379623481614,8.595611778756963,9.44279880276086,0.8471870240038974,-0.07072357073792303,8.299038611818062,0.05215461310630633,47.58782113529113,34.583613284392605,False,slope_too_steep
2023-06-27 03:09:08.869260288+00:00,2023-06-27,2023,105,gt3r,105_gt3r,BREACH_DRAWDOWN,39,9.389201254260463,9.392572014104283,0.15390599540709837,0.06433318424453205,0.09538037896094322,9.160782372559513,9.632863919796456,0.47208154723694307,-0.017853022946896436,5.300621053055026,0.0762991833094603,47.578391041074546,34.62789131153755,True,
2023-07-01 03:00:38.607721472+00:00,2023-07-01,2023,165,gt1l,165_gt1l,BREACH_DRAWDOWN,510,2.0199865999936524,2.339251600286797,0.924133515107066,0.11643110716027749,0.1726207594758274,1.8921412607674044,2.81497646232813,0.9228352015607257,-0.15070504637277854,11.809235749072108,0.02729999965056777,47.14504287083471,33.82384967421107,False,slope_too_steep
2023-07-01 03:00:38.944921600+00:00,2023-07-01,2023,165,gt1r,165_gt1r,BREACH_DRAWDOWN,116,2.0745395583023516,2.3561168052643997,0.9854888265471552,0.10591231519942035,0.1570255985146606,1.9569507700815167,2.620837317312777,0.6638865472312601,-0.17996150316460438,11.814906712834109,0.06499999761581421,47.14605225285407,33.824808528966564,False,slope_too_steep
2023-07-01 03:00:39.734021632+00:00,2023-07-01,2023,165,gt2l,165_gt2l,BREACH_DRAWDOWN,482,2.6700534895212265,2.657496616188484,0.2303939143001702,0.15010551707332453,0.22254643961291096,2.29251692768119,3.105812602239107,0.8132956745579167,0.027333015004740505,5.791512857926362,0.013124999609620621,47.17264813940103,33.86255933397316,True,
2023-07-01 03:00:39.970021376+00:00,2023-07-01,2023,165,gt3l,165_gt3l,BREACH_DRAWDOWN,249,3.2747749856176718,3.4826846203860744,0.6609459078277764,0.0639372858651086,0.09479342002361002,3.1912576138177338,5.981124944969468,2.7898673311517346,0.16128226757871014,8.393233156587305,0.023541666218079627,47.2070071527769,33.90044091659707,False,range_too_large|slope_too_steep
2023-07-01 03:00:40.013121536+00:00,2023-07-01,2023,165,gt2r,165_gt2r,BREACH_DRAWDOWN,88,2.7124757941132493,2.685530940894068,0.2750364880098291,0.14938705096906268,0.2214812417667323,2.229317329843428,3.1409334129582067,0.9116160831147786,0.07351902686182922,6.105719491910089,0.08505097203041342,47.16711901577208,33.86455367187064,False,slope_too_steep
2023-07-01 03:00:40.323721728+00:00,2023-07-01,2023,165,gt3r,165_gt3r,BREACH_DRAWDOWN,62,3.4512702248359357,3.564925749525585,0.5790852096155396,0.15532545636262363,0.23028552160322577,3.2483406693378583,3.854898091285678,0.6065574219478198,0.12032446458604369,8.291067361157525,0.07386482235486225,47.207308010443846,33.90159113462019,False,slope_too_steep
2023-07-03 15:05:58.930890240+00:00,2023-07-03,2023,205,gt1l,205_gt1l,BREACH_DRAWDOWN,1899,10.654217361440296,10.965918253461817,1.9421391081803332,0.09479939234334722,0.14054957908824658,10.28964243325873,12.424788920357448,2.1351464870987176,0.04779166730113124,50.81922288292796,0.031296295172993156,47.59553615125305,35.04547376576654,False,range_too_large
2023-07-03 15:05:59.272990208+00:00,2023-07-03,2023,205,gt1r,205_gt1r,BREACH_DRAWDOWN,525,10.688728050912204,11.125385506913954,3.1548206571166326,0.13241065556337617,0.1963120379382615,10.209942959096407,12.721634489241321,2.5116915301449136,0.07069759199586587,50.53504620221004,0.035392155176868625,47.58592981452585,35.04295316623738,False,range_too_large|slope_too_steep
2023-07-03 15:06:03.678790400+00:00,2023-07-03,2023,205,gt2l,205_gt2l,BREACH_DRAWDOWN,1034,9.847001556371845,10.010822200174237,0.3253700806769535,0.11477190615214994,0.1701608280611775,9.714798300206873,10.627081482277905,0.9122831820710324,0.05091316087050118,19.352811688477097,0.03179611540535121,47.45429477146571,34.982181864839255,False,slope_too_steep
2023-07-03 15:06:03.905290240+00:00,2023-07-03,2023,205,gt3l,205_gt3l,BREACH_DRAWDOWN,890,9.762663928767987,9.831268388760664,0.25530965944898315,0.0982636358526392,0.14568566651512285,9.469681706093992,10.278104209284844,0.8084225031908527,0.03901188690737613,18.033576772200995,0.037359549517460754,47.46058133577986,34.939972449953544,True,
2023-07-03 15:06:04.028290560+00:00,2023-07-03,2023,205,gt2r,205_gt2r,BREACH_DRAWDOWN,356,9.92850538386681,10.08096527518726,0.36985696688365527,0.1545210627944016,0.2290929276989798,9.735280312575167,10.687537405579171,0.952257093004004,0.05691722428955499,19.160297582245455,0.04879940890843112,47.46020330014886,34.9818023836343,False,slope_too_steep
2023-07-03 15:06:04.262790400+00:00,2023-07-03,2023,205,gt3r,205_gt3r,BREACH_DRAWDOWN,218,9.798099795253975,9.86288222033245,0.24016796913620786,0.08926525521006567,0.13234466737444336,9.513281082403353,10.386790734003378,0.8735096516000258,0.036836339307897197,17.695663205421123,0.0361904755146021,47.462220291670896,34.93899910469735,True,
2023-07-07 14:57:41.688653056+00:00,2023-07-07,2023,265,gt2l,265_gt2l,BREACH_DRAWDOWN,295,5.737444226011252,6.503070623410047,2.573945538972358,0.2578714119790675,0.38232015540016545,5.278385478328524,14.461751016235388,9.183365537906864,0.026298399415667358,36.22437875592228,0.0773239034381121,47.45368822519791,34.20363917118442,False,mad_too_large|range_too_large
2023-07-07 14:57:42.071853056+00:00,2023-07-07,2023,265,gt2r,265_gt2r,BREACH_DRAWDOWN,93,6.074287078956438,6.869169040784736,2.5691918988593647,0.3902564404666258,0.5785941986358193,5.401304074389644,14.440540881552181,9.039236807162537,-0.03506912700666531,35.90232114511672,0.09540939703583717,47.4670928411141,34.20437027442464,False,mad_too_large|range_too_large
2023-07-07 14:57:42.169053184+00:00,2023-07-07,2023,265,gt1l,265_gt1l,BREACH_DRAWDOWN,326,6.534623648911147,6.628698884960146,0.7851671319741528,0.16102320623078192,0.23873300555775726,5.952924694479765,7.148078053523748,1.1951533590439833,0.06069213991028012,20.470239327084304,0.13859374457388185,47.531178701716016,34.25780277130074,False,range_too_large|slope_too_steep
2023-07-07 14:57:42.519853056+00:00,2023-07-07,2023,265,gt1r,265_gt1r,BREACH_DRAWDOWN,91,6.548262365285055,6.743547467441037,1.1050474110408481,0.12912577394546076,0.19144187245154012,6.0631352564146805,7.19330024457761,1.1301649881629299,0.08224136411296538,20.419826115499404,0.13654700124615363,47.52810389852805,34.25612098388797,False,range_too_large|slope_too_steep
2023-07-07 14:57:43.979953152+00:00,2023-07-07,2023,265,gt3r,265_gt3r,BREACH_DRAWDOWN,39,5.969218881899867,6.064656353266957,0.3877266159812922,0.25227085506491065,0.37401676971923653,5.485211763338838,6.775315777178307,1.2901040138394686,-0.02824118166221371,10.270802850548812,0.38490059207647276,47.472922855458755,34.162101247649034,False,mad_too_large|range_too_large
2023-07-07 14:57:45.749404928+00:00,2023-07-07,2023,265,gt3l,265_gt3l,BREACH_DRAWDOWN,2,13.154593267465769,13.154593267465769,2.7618209399494447,1.952902315061257,2.8953729723098194,11.396981183910638,14.9122053510209,3.5152241671102615,,,1.0801029205322266,47.365049106274114,34.14806514997561,False,too_few_points|mad_too_large|range_too_large|stdev_too_large
2023-07-11 14:49:32.548218368+00:00,2023-07-11,2023,325,gt1l,325_gt1l,BREACH_DRAWDOWN,7,0.6279753159717352,0.6159884070994964,0.03857533654259504,0.01598647348690463,0.023701545591684803,0.5561883698460637,0.6482293689615315,0.09204099911546781,0.02799715781481894,2.507632950920737,0.14439913630485535,46.79181495267858,33.374511038425126,False,too_few_points
2023-07-11 14:49:32.910118144+00:00,2023-07-11,2023,325,gt1r,325_gt1r,BREACH_DRAWDOWN,1,0.6379559242351718,0.6379559242351718,,0.0,0.0,0.6379559242351718,0.6379559242351718,0.0,,,,46.79797469400571,33.37415930635046,False,too_few_points
2023-07-26 01:44:58.186613248+00:00,2023-07-26,2023,545,gt3l,545_gt3l,BREACH_DRAWDOWN,199,9.427566978181254,9.496954100785924,0.2668140496851879,0.21646608066161832,0.3209326111889153,9.177194073067332,9.924016822102823,0.7468227490354913,0.026934588229074442,16.649153722899776,0.1403252390311591,47.462055887496945,34.90306482084941,True,
2023-07-26 01:44:58.515413248+00:00,2023-07-26,2023,545,gt3r,545_gt3r,BREACH_DRAWDOWN,53,9.52457015702408,9.587433759228125,0.2817791181079777,0.22850462966806262,0.3387809639458696,9.242362122323552,10.035073919784665,0.7927117974611129,0.02059814542057239,16.69068757842868,0.1989999920129776,47.456165202018546,34.905069055237355,True,
2023-07-26 01:44:59.059113216+00:00,2023-07-26,2023,545,gt2l,545_gt2l,BREACH_DRAWDOWN,114,9.382752241866129,9.421892509106799,0.26610217628396854,0.15210440612220033,0.2255099925167742,9.057765901054035,9.956975718067572,0.8992098170135367,0.10329244000362212,4.315416285509196,0.09454545023089106,47.47142580246507,34.85862554716918,False,slope_too_steep
2023-07-26 01:44:59.404413184+00:00,2023-07-26,2023,545,gt2r,545_gt2r,BREACH_DRAWDOWN,35,9.467782763219702,9.43827629209661,0.2824266591752268,0.1655065884331819,0.24538006801103546,8.940575554554215,9.90112810824947,0.9605525536952548,0.16217648792192982,4.405993884347831,0.09833333206673463,47.470863548087344,34.859902936841266,False,slope_too_steep
2023-07-26 01:44:59.431413248+00:00,2023-07-26,2023,545,gt1l,545_gt1l,BREACH_DRAWDOWN,121,8.819924216264894,8.788279962535142,0.20438235921179007,0.04025668507014046,0.05968456128499025,8.405848220504211,9.131709231593685,0.7258610110894743,0.29056986604239415,2.849496789666709,0.025416665089627106,47.481771937331885,34.814065092388915,False,slope_too_steep
2023-07-26 01:44:59.908713216+00:00,2023-07-26,2023,545,gt1r,545_gt1r,BREACH_DRAWDOWN,34,8.89815077718345,8.922515880961205,0.12292221808645536,0.09115100317969826,0.13514047731422063,8.793609298482261,9.067083931082745,0.2734746326004842,0.11954242635982305,2.264732064419647,0.009999999776482582,47.48751596754065,34.814351344892856,False,slope_too_steep
2023-07-30 01:36:35.299378688+00:00,2023-07-30,2023,609,gt1l,609_gt1l,BREACH_DRAWDOWN,50,4.659624656797289,4.856210603987843,1.3433496533985596,0.008740588767402357,0.012958796906550734,4.634652950564798,4.759541277949415,0.12488832738461664,1.156736398092159,7.946535914298382,0.025339856591759895,47.34297771208604,34.0551699764281,False,slope_too_steep
2023-07-30 01:36:35.306378496+00:00,2023-07-30,2023,609,gt3l,609_gt3l,BREACH_DRAWDOWN,410,5.608315026869551,5.655121959049965,0.38509454451731084,0.2862721030532658,0.42442701998677185,5.122586234785963,6.310053201429633,1.1874669666436697,-0.010252581955913937,24.909935243204487,0.12774999653920532,47.48521980549527,34.121100410711364,False,mad_too_large|range_too_large
2023-07-30 01:36:35.325578752+00:00,2023-07-30,2023,609,gt2l,609_gt2l,BREACH_DRAWDOWN,445,4.75422109749104,4.549373829374649,1.0047735799320603,0.7441378872205142,1.1032588315931344,3.1062798671209535,5.5071387081249155,2.400858841003962,0.024342299385107666,26.255116978474213,0.01341230768300251,47.52525510311979,34.072315342818975,False,mad_too_large|range_too_large
2023-07-30 01:36:35.641778688+00:00,2023-07-30,2023,609,gt3r,609_gt3r,BREACH_DRAWDOWN,118,5.339957843596563,5.398731147744142,0.5041047063851514,0.34154322287319516,0.5063719822317991,4.67889115270895,6.58252401173708,1.9036328590281304,-0.014744436462075303,24.118835679854254,0.13306876331946607,47.474485097808405,34.12377727702124,False,mad_too_large|range_too_large
2023-07-30 01:36:35.642478592+00:00,2023-07-30,2023,609,gt1r,609_gt1r,BREACH_DRAWDOWN,192,4.3779131097098105,4.448342748663598,0.8541844713579791,0.30860617007121505,0.4575395077475834,3.9061595890070793,4.89361626230056,0.9874566732934804,-0.00938373314697981,24.47659140274797,0.06654213199382106,47.482887262064175,34.03634733452048,False,mad_too_large
2023-07-30 01:36:35.669378816+00:00,2023-07-30,2023,609,gt2r,609_gt2r,BREACH_DRAWDOWN,124,4.6684272637510755,4.4867382332884915,0.9948538819086449,0.7989083839806668,1.1844615700897365,3.163142729936592,5.511193930333469,2.348051200396877,0.02608716931932607,26.241671817991257,0.01457859938643102,47.52324377650432,34.073778153234386,False,mad_too_large|range_too_large
2023-08-01 13:41:52.397644544+00:00,2023-08-01,2023,645,gt3l,645_gt3l,BREACH_DRAWDOWN,338,10.420170305881385,11.204845267726785,1.2634836588837215,0.13645688932395927,0.202310984111702,10.274849440923605,14.012288107266768,3.737438666343163,0.12551100764833653,21.88780655088138,0.07998026522109285,47.52174341729404,35.20851845097678,False,range_too_large|slope_too_steep
2023-08-01 13:41:52.729344512+00:00,2023-08-01,2023,645,gt3r,645_gt3r,BREACH_DRAWDOWN,101,10.745415241498684,11.379846588179726,1.1720225446908878,0.4476517891426326,0.663688542582867,10.297763452356051,12.578492912615694,2.280729460259643,0.1174215939849009,21.89813443518103,0.06236748738835255,47.54145433267462,35.21013752143624,False,mad_too_large|range_too_large|slope_too_steep
2023-08-01 13:41:53.961344512+00:00,2023-08-01,2023,645,gt1l,645_gt1l,BREACH_DRAWDOWN,203,10.4340696768949,10.491987430155403,0.15060006388712177,0.04882725726306347,0.0723912916182179,10.310017406154026,10.808243566767725,0.49822616061369907,0.1878029190293437,3.37523121341365,0.009999999729916453,47.517857710959504,35.29347829731141,False,slope_too_steep
2023-08-01 13:41:54.193744640+00:00,2023-08-01,2023,645,gt2l,645_gt2l,BREACH_DRAWDOWN,828,10.348829186857492,10.390095712788199,0.13993366928766948,0.028422570191064978,0.042139302565272936,10.295861205557712,10.793178194852684,0.4973169892949727,0.052961372740523316,6.833334819303946,0.018382921981386805,47.499742135519845,35.24813132349026,False,slope_too_steep
2023-08-01 13:41:54.361344512+00:00,2023-08-01,2023,645,gt1r,645_gt1r,BREACH_DRAWDOWN,55,10.445215022288323,10.510431043760347,0.14979369699387493,0.044611751188011084,0.06614138231134523,10.383798022378457,10.842279321451045,0.45848129907258794,0.1783836884391814,2.983829725292356,0.007999999821186066,47.51812804405132,35.29236285014683,False,slope_too_steep
2023-08-01 13:41:54.533544448+00:00,2023-08-01,2023,645,gt2r,645_gt2r,BREACH_DRAWDOWN,228,10.359880743548768,10.453741038743393,0.21228109068421086,0.02376430620922676,0.035232960385799594,10.324925054689608,10.957439745145226,0.6325146904556185,0.08581368463323866,6.843768885750289,0.009224208259726302,47.50222536366376,35.24730752003385,False,slope_too_steep
2023-08-05 13:33:32.706684160+00:00,2023-08-05,2023,705,gt1l,705_gt1l,BREACH_DRAWDOWN,235,8.321318193603606,8.313344589632514,0.3293503800047958,0.21083663145118337,0.31258638978952447,7.7044433453602466,8.849611727510842,1.1451683821505956,-0.025457046418152943,10.446204308902459,0.16739129914861658,47.556234003708354,34.52027712514389,False,range_too_large
2023-08-05 13:33:32.807084288+00:00,2023-08-05,2023,705,gt3l,705_gt3l,BREACH_DRAWDOWN,110,6.943513379711131,7.570432197581681,1.3973215911326604,0.33466065240648213,0.4961678832578504,6.568213959566413,10.407667067955616,3.839453108389203,0.33765926603086904,11.38140889739543,0.09430693026149163,47.54486412154757,34.433207456563494,False,mad_too_large|range_too_large|slope_too_steep
2023-08-05 13:33:33.002284288+00:00,2023-08-05,2023,705,gt1r,705_gt1r,BREACH_DRAWDOWN,65,8.31207260658757,8.311217177621009,0.42885884619128867,0.22606830840899406,0.33516887404717455,7.6356872953511905,9.051262858509455,1.4155755631582645,-0.041873114954688,10.134963830252582,0.45499999277914566,47.55402299871549,34.5188158610439,False,range_too_large
2023-08-05 13:33:33.145384192+00:00,2023-08-05,2023,705,gt3r,705_gt3r,BREACH_DRAWDOWN,22,6.749079293429437,7.60623653615761,1.6339230959227768,0.07242388218480222,0.10737564772718777,6.651103279937307,10.59478924573002,3.943685965792713,0.3975633636961695,10.415684400361107,0.07269827846218557,47.53775706480429,34.431030824146156,False,range_too_large|slope_too_steep
2023-08-05 13:33:33.240984320+00:00,2023-08-05,2023,705,gt2r,705_gt2r,BREACH_DRAWDOWN,65,7.698584391680335,7.746514521071215,0.3100343735727206,0.18955735316255584,0.28103773179880526,7.337294090311257,8.269300842998666,0.9320067526874087,0.03278037654306782,8.976065104345434,0.10083332750946283,47.558269991400714,34.47663694484354,True,
2023-08-09 13:25:19.712123648+00:00,2023-08-09,2023,769,gt1l,769_gt1l,BREACH_DRAWDOWN,587,1.374891279670333,1.5840321633259307,1.5510386825543354,0.21274295250085729,0.315412701377771,0.992071889948669,2.0394126090812508,1.0473407191325816,-0.05847358463551856,24.218988427249514,0.06358843228226017,46.967755179234636,33.65837634183432,False,range_too_large|slope_too_steep
2023-08-09 13:25:20.063523584+00:00,2023-08-09,2023,769,gt1r,769_gt1r,BREACH_DRAWDOWN,151,1.4573632322055374,1.6244535306722543,1.1337769364639299,0.15536416739008274,0.23034291457253667,1.1079978050946693,2.1225886259509306,1.0145908208562613,-0.033461176190774176,23.884535655422255,0.10933332915107409,46.97680347017267,33.6585196946037,False,range_too_large
2023-08-09 13:25:20.319323648+00:00,2023-08-09,2023,769,gt3l,769_gt3l,BREACH_DRAWDOWN,67,0.9488066529754562,1.7952129877454024,2.29487824151092,0.04898879900035169,0.07263079339792142,0.7660406186023444,4.796887753470193,4.030847134867848,0.25840696803975116,22.64068872684065,0.08300832155509852,46.86045326304379,33.55898304985792,False,range_too_large|slope_too_steep
2023-08-09 13:25:20.656523776+00:00,2023-08-09,2023,769,gt3r,769_gt3r,BREACH_DRAWDOWN,34,0.9561118123172001,3.7368302522333274,4.24252955895895,0.10718954853136609,0.15891922465260336,0.828881469635216,10.843347069760018,10.014465600124801,0.4216054895435654,22.610137601707564,0.06491177087580716,46.89169350293166,33.562184022946916,False,range_too_large|slope_too_steep
2023-08-09 13:25:20.686823680+00:00,2023-08-09,2023,769,gt2l,769_gt2l,BREACH_DRAWDOWN,300,1.1399076682828007,1.2828349642649952,0.3896385739330695,0.1865223222586483,0.27653799498067194,0.9286060190672657,1.8052453688337124,0.8766393497664468,0.03260870471391117,18.8704260051597,0.09828216456076173,46.889588852362024,33.60518409198987,True,
2023-08-09 13:25:20.995123712+00:00,2023-08-09,2023,769,gt2r,769_gt2r,BREACH_DRAWDOWN,120,1.0117429255882957,1.2376819077244032,0.4926322148574328,0.11749557982199477,0.17419894664408944,0.8165817106122695,2.610788637310137,1.7942069266978675,0.05968766911386533,19.12526490490115,0.0870833321629713,46.88907490893906,33.603944070363085,False,range_too_large|slope_too_steep
2023-08-24 00:20:54.726220032+00:00,2023-08-24,2023,989,gt3l,989_gt3l,BREACH_DRAWDOWN,727,12.528408180985387,12.079523286827284,4.118617843256914,0.93325943094964,1.3836504323259362,10.100846906370894,13.461591504921527,3.3607445985506335,0.11356627494739731,46.2785998146748,0.038648534313244734,47.61194075891509,35.10872083956585,False,mad_too_large|range_too_large|slope_too_steep
2023-08-24 00:20:54.807219968+00:00,2023-08-24,2023,989,gt2l,989_gt2l,BREACH_DRAWDOWN,568,12.386157409510279,11.162621649275946,1.4057655350461662,0.18742386145836853,0.27787461699817717,9.549151245095246,12.563264081265908,3.0141128361706624,0.1600714088391774,19.547467064097823,0.03173354969517341,47.548394288427886,35.074875677092386,False,range_too_large|slope_too_steep
2023-08-24 00:20:55.061720064+00:00,2023-08-24,2023,989,gt3r,989_gt3r,BREACH_DRAWDOWN,177,12.579343178810262,11.932885140880375,1.3525217541010317,0.898746027549155,1.3324808604443772,10.145628840247856,13.512872149543448,3.367243309295592,0.07743986383173723,46.35414148693614,0.05941189082805067,47.63029832339828,35.10729394122612,False,mad_too_large|range_too_large|slope_too_steep
2023-08-24 00:20:55.144720128+00:00,2023-08-24,2023,989,gt2r,989_gt2r,BREACH_DRAWDOWN,152,12.492949604259925,11.426597040752323,1.3591090404960495,0.0889570131580939,0.13188766770819002,9.558753651970857,12.593883361752498,3.035129709781641,0.1607091387705819,19.612800134869598,0.023333331880470116,47.56062303882493,35.0743756738842,False,range_too_large|slope_too_steep
2023-08-24 00:20:55.918720+00:00,2023-08-24,2023,989,gt1l,989_gt1l,BREACH_DRAWDOWN,425,12.33256397487752,12.363600827670533,0.23940070155284643,0.018700790407400802,0.027725791858012428,11.992273696114184,12.959300483891408,0.9670267877772236,0.01653369836578653,6.737117116617046,0.03797618960518213,47.56458912119021,35.02982196867981,True,
2023-08-24 00:20:56.289920+00:00,2023-08-24,2023,989,gt1r,989_gt1r,BREACH_DRAWDOWN,111,12.342489650315475,12.36305883564435,0.24690816270529858,0.01663331483837638,0.024660552579376816,11.97636017560108,12.930078120174839,0.9537179445737589,0.03135724943512937,6.668155341735551,0.0731818148527633,47.565247455162385,35.030875398030055,True,
2023-08-28 00:12:37.577556480+00:00,2023-08-28,2023,1049,gt1l,1049_gt1l,BREACH_DRAWDOWN,2255,7.006091508726797,7.048524207621448,0.4923936116692571,0.10097771505179765,0.1497095603357952,6.691200224759446,7.548367261776957,0.8571670370175113,0.02249214298997798,20.139947581796708,0.026451346044430713,47.51567410482799,34.290603498162525,True,
2023-08-28 00:12:37.849356288+00:00,2023-08-28,2023,1049,gt2l,1049_gt2l,BREACH_DRAWDOWN,505,7.0968551584050985,7.216380926416595,0.6188739425345066,0.07486682477444262,0.11099755441058862,6.924334183400817,7.58463646390721,0.660302280506393,-0.06273424940812616,13.065310758705495,0.055763425766536506,47.530782896880936,34.33123323555614,False,slope_too_steep
2023-08-28 00:12:37.921756416+00:00,2023-08-28,2023,1049,gt1r,1049_gt1r,BREACH_DRAWDOWN,562,7.080291731504799,7.100993074828607,0.5919016043919859,0.07473765055625492,0.11080604071470354,6.769862575278369,7.5761262319418075,0.8062636566634387,0.026289980883911282,20.167476067426033,0.028660713029759272,47.515266346446694,34.29185906533292,True,
2023-08-28 00:12:38.474056448+00:00,2023-08-28,2023,1049,gt2r,1049_gt2r,BREACH_DRAWDOWN,130,7.072286674696231,7.123080721033351,0.18766668264362188,0.05289996969368005,0.07842949506785003,6.926470752895394,7.506359343355008,0.579888590459614,-0.013393328013211764,10.877947913351646,0.032692307248138465,47.529453914081415,34.33249800377734,True,
2023-08-28 00:12:38.804356608+00:00,2023-08-28,2023,1049,gt3l,1049_gt3l,BREACH_DRAWDOWN,113,7.603907007720377,7.510023658442892,0.26800996009171435,0.11873871631626542,0.1760420208104951,7.1995750215502285,7.94735747816686,0.7477824566166316,0.11635141984218779,4.034871001280202,0.0949999966065992,47.537607813101374,34.3730298872734,False,slope_too_steep
2023-08-28 00:12:38.852856320+00:00,2023-08-28,2023,1049,gt3r,1049_gt3r,BREACH_DRAWDOWN,26,7.543741171987529,8.015469695945246,1.9904446988281606,0.17313069161558126,0.25668356338926074,7.239443236628737,12.000678626446046,4.761235389817309,-0.454934773356496,6.041947163371401,0.15233322978019714,47.53176332786197,34.37490367989175,False,range_too_large|slope_too_steep
2023-09-01 00:03:59.402091264+00:00,2023-09-01,2023,1109,gt1l,1109_gt1l,BREACH_DRAWDOWN,1704,1.4410811730960447,1.4341060339243785,0.4895440602089162,0.051978030576899314,0.07706262813331093,1.151231485335451,1.4969590294532409,0.34572754411778983,0.0788089610263918,20.941123791820758,0.015825941420442153,46.88721410491801,33.60111194065194,False,slope_too_steep
2023-09-01 00:03:59.736091392+00:00,2023-09-01,2023,1109,gt1r,1109_gt1r,BREACH_DRAWDOWN,401,1.400971743201378,1.3743361150941804,0.24769065130323506,0.06315129237701811,0.09362810607816704,1.1302292557644975,1.4911298647282365,0.360900608963739,0.03878189073233026,19.901480881210336,0.012307692032593947,46.890637194400554,33.601848592086526,True,
2023-09-01 00:03:59.888591360+00:00,2023-09-01,2023,1109,gt3l,1109_gt3l,BREACH_DRAWDOWN,421,1.6461534109486315,2.0907249545879534,2.117497452355025,0.11749386866647171,0.17419640968491096,1.3705829698463923,2.369273024486901,0.9986900546405089,-0.14092240151469412,24.685090151992263,0.08284639818460177,46.97421761897896,33.67327815238571,False,slope_too_steep
2023-09-01 00:03:59.919691264+00:00,2023-09-01,2023,1109,gt2l,1109_gt2l,BREACH_DRAWDOWN,579,1.3252502378525648,1.399581650211616,0.2648382177661636,0.062252212127312134,0.09229512969995296,1.218881120651428,1.590948605991548,0.37206748534012,0.020994325154599425,14.675454655484584,0.015272229155120642,46.9301559519349,33.63727678486639,True,
2023-09-01 00:04:00.234091264+00:00,2023-09-01,2023,1109,gt3r,1109_gt3r,BREACH_DRAWDOWN,129,1.5729868280118566,1.9011581942941957,1.8541031804228845,0.09554566640816375,0.14165600501674358,1.3738948087234106,2.157113132920132,0.7832183241967214,-0.11248522867221626,20.655137400262475,0.058827818134829166,46.97225844687934,33.67465223361795,False,slope_too_steep
2023-09-01 00:04:00.252791296+00:00,2023-09-01,2023,1109,gt2r,1109_gt2r,BREACH_DRAWDOWN,137,1.3549081793343376,1.4247276442357912,0.24183207733602965,0.07343279605324682,0.10887146342854373,1.2579010269411235,1.5810274137404328,0.3231263867993093,0.028889544877022486,14.825842042258774,0.0088461535767867,46.93053087011271,33.63830989348633,True,
2023-09-03 12:09:27.810741504+00:00,2023-09-03,2023,1149,gt3l,1149_gt3l,BREACH_DRAWDOWN,261,9.808654545526629,10.126708815603964,1.2379434662425464,0.20479615065136159,0.30363077295570867,9.51088337076343,15.052766797180226,5.5418834264167955,-0.19390036445006104,10.214740215568492,0.09995566450552254,47.5528932874892,34.69382466215396,False,range_too_large|slope_too_steep
2023-09-03 12:09:27.963941376+00:00,2023-09-03,2023,1149,gt1l,1149_gt1l,BREACH_DRAWDOWN,465,9.467459159999699,9.571555568358326,0.2468740272941915,0.1584061130758876,0.23485290324631092,9.28221646113904,10.012312488315747,0.7300960271767067,0.05539327391020794,10.397442511034324,0.011847825781644686,47.525023676304215,34.7755502111179,False,slope_too_steep
2023-09-03 12:09:27.971241472+00:00,2023-09-03,2023,1149,gt2l,1149_gt2l,BREACH_DRAWDOWN,178,10.001628686224183,9.938327576346396,0.27198994623784367,0.15549966073445276,0.23054379700489966,9.390361687063702,10.314251137233105,0.923889450169403,0.04664538606625944,9.039547690706073,0.09413778860373108,47.54294689081734,34.73527684103238,True,
2023-09-03 12:09:28.145141248+00:00,2023-09-03,2023,1149,gt3r,1149_gt3r,BREACH_DRAWDOWN,78,9.797385261905633,9.895281616932868,0.7461400876520143,0.19449732191642255,0.28836172947328803,9.26766039460807,10.360113525057615,1.0924531304495453,-0.05021466161631513,10.134774453714256,0.4318887496536428,47.55254383121745,34.69261819200376,False,range_too_large|slope_too_steep
2023-09-03 12:09:28.303741440+00:00,2023-09-03,2023,1149,gt1r,1149_gt1r,BREACH_DRAWDOWN,107,9.466545050078832,9.594023694660057,0.2266978256995645,0.09418616300282068,0.13964040526798194,9.365452304379529,10.009500720901475,0.6440484165219456,0.055496942792788224,10.352197879726933,0.013500974322103452,47.522450620826326,34.77410828893943,False,slope_too_steep
2023-09-03 12:09:28.309441280+00:00,2023-09-03,2023,1149,gt2r,1149_gt2r,BREACH_DRAWDOWN,58,9.997170795898194,9.95642145417653,0.19436272351548867,0.11461356620850793,0.16992607326073386,9.59372986958063,10.23634719604949,0.6426173264688604,0.04033845089552744,8.216123686067126,0.061011397440371845,47.547228815952955,34.73469798929628,True,
2023-09-07 12:01:04.938576640+00:00,2023-09-07,2023,1209,gt1l,1209_gt1l,BREACH_DRAWDOWN,1165,3.4417283023347736,3.558622423717567,1.4946249393145243,0.23612685515394105,0.350081675451233,1.8258130266194557,4.427107901389236,2.60129487476978,0.060437270743142375,40.965734757748955,0.08174635027355391,47.46301572423278,33.988563934122524,False,range_too_large|slope_too_steep
2023-09-07 12:01:05.441676800+00:00,2023-09-07,2023,1209,gt1r,1209_gt1r,BREACH_DRAWDOWN,237,3.4967492912672427,3.6000024890119757,1.3134654371036156,0.20811121006146038,0.30854568003712113,1.843085627039646,4.36101143529808,2.5179258082584335,0.02333894848152165,39.90123919855358,0.140980181895804,47.4683607038212,33.988119609494206,False,range_too_large
2023-09-07 12:01:05.755776768+00:00,2023-09-07,2023,1209,gt2l,1209_gt2l,BREACH_DRAWDOWN,381,3.173335350660345,3.212158444727489,0.36270783607499035,0.16684298611194137,0.24736141120956426,2.6773559328789354,3.651461034983239,0.9741051021043035,0.00885139605127559,39.15382050162479,0.13081080569709475,47.38972255761851,33.9353527395419,True,
2023-09-07 12:01:06.158376704+00:00,2023-09-07,2023,1209,gt2r,1209_gt2r,BREACH_DRAWDOWN,127,3.3633001841343813,3.553029414081468,0.4864571865996453,0.20915571603938687,0.31009426459999495,3.1336359149089406,4.337018262233325,1.2033823473243848,-0.01860495061754838,38.87752035588796,0.16721621429222444,47.386560661675276,33.93371381738153,False,range_too_large
2023-09-07 12:01:10.731676928+00:00,2023-09-07,2023,1209,gt3l,1209_gt3l,BREACH_DRAWDOWN,101,2.1739116230747726,2.3672306503061753,1.2552719169822772,0.08655155907748835,0.12832134148828422,1.9610568840911853,2.601599131615533,0.6405422475243476,-0.36597049173284074,14.646892763137725,0.1248746495882068,47.17305161528107,33.862090245624934,False,slope_too_steep
2023-09-07 12:01:11.231676928+00:00,2023-09-07,2023,1209,gt3r,1209_gt3r,BREACH_DRAWDOWN,12,2.33153336307071,3.1199856134304,2.644527629193628,0.10339161141245157,0.1532884030801007,2.074080221167106,6.78223652054365,4.708156299376544,-0.7038828521447423,13.455891342572869,0.1549999862909317,47.161739225166684,33.859321624338,False,too_few_points|range_too_large|slope_too_steep
2023-09-21 22:56:46.928858112+00:00,2023-09-21,2023,45,gt1l,45_gt1l,BREACH_DRAWDOWN,234,11.404913937214193,11.391535656243237,0.3446554499264518,0.217452884075378,0.3223956459301554,10.731159837180027,11.894780170838374,1.163620333658347,0.06033842829880436,7.2956123330527385,0.1582608622620287,47.556981202616946,35.29034277063444,False,range_too_large|slope_too_steep
2023-09-21 22:56:46.989058048+00:00,2023-09-21,2023,45,gt2l,45_gt2l,BREACH_DRAWDOWN,4,12.900539571588254,12.911828183828563,0.12028558257385497,0.09139923941152617,0.1355085123515287,12.807670764818846,13.031789659974713,0.22411889515586658,2.883244366105997,0.08999958202682436,0.2216355800628662,47.530748375862416,35.3368072714332,False,too_few_points|track_too_short
2023-09-21 22:56:47.112858112+00:00,2023-09-21,2023,45,gt1r,45_gt1r,BREACH_DRAWDOWN,64,11.428602028137032,11.464789797257009,0.3298337500904205,0.20908285057832288,0.3099862342674215,10.9655045089251,11.951211444118435,0.9857069351933347,0.07178264828805961,8.48863428520544,0.2358333283724884,47.556637625436935,35.29151076283991,False,slope_too_steep
2023-09-25 22:48:27.307387648+00:00,2023-09-25,2023,105,gt1l,105_gt1l,BREACH_DRAWDOWN,54,12.22922848285989,12.226524138066125,0.03010746323002903,0.019161683494475668,0.028409111948909622,12.176945508733981,12.27151831695891,0.0945728082249282,0.053099199557873,0.6328019520281652,0.008999999798834323,47.50715760475446,34.51867934276206,False,track_too_short
2023-09-25 22:48:27.607587584+00:00,2023-09-25,2023,105,gt2l,105_gt2l,BREACH_DRAWDOWN,251,7.855875445059716,7.805070343701273,0.21219141556932952,0.19593795439085682,0.2904976111798843,7.549876478151294,8.125972492195878,0.5760960140445839,-0.06371219300985559,8.120009344165176,0.02379999902099371,47.55570535872872,34.55460105595965,False,slope_too_steep
2023-09-25 22:48:27.701987840+00:00,2023-09-25,2023,105,gt1r,105_gt1r,BREACH_DRAWDOWN,63,7.836363333913074,8.122565692904876,1.032815008064499,0.28015624252659777,0.41535964516993384,7.229124140001518,9.074865967083852,1.8457418270823345,-0.1843231550550936,11.489033943555464,0.2974999950577815,47.56715549784764,34.5112554439141,False,mad_too_large|range_too_large|slope_too_steep
2023-09-25 22:48:27.820087552+00:00,2023-09-25,2023,105,gt3l,105_gt3l,BREACH_DRAWDOWN,277,8.16473106287754,8.27113880240007,0.18798462293275855,0.05952815262388356,0.08825643908016975,8.07645139982245,8.631683681664185,0.5552322818417359,0.008825413471718271,8.110082623865365,0.016111110682012857,47.56864840523739,34.59571220077524,True,
2023-09-25 22:48:27.947887616+00:00,2023-09-25,2023,105,gt2r,105_gt2r,BREACH_DRAWDOWN,66,7.6495313254526405,7.726102345730306,0.23677170183218146,0.246255612798997,0.3650985715357929,7.367514568159581,8.039941205047784,0.6724266368882033,-0.06649423623497971,8.522913999816138,0.061782295984978024,47.55867921755682,34.55543226065284,False,slope_too_steep
2023-09-25 22:48:28.158787840+00:00,2023-09-25,2023,105,gt3r,105_gt3r,BREACH_DRAWDOWN,83,8.227669977110885,8.316239576100642,0.23734085837478425,0.03852852673529483,0.05712239373774811,8.169387556529047,8.745313835231913,0.5759262787028661,0.0536139349636386,8.124434731715395,0.035624998388811946,47.57334306685564,34.59623868659784,False,slope_too_steep
2023-09-29 22:40:01.473317376+00:00,2023-09-29,2023,165,gt2l,165_gt2l,BREACH_DRAWDOWN,133,1.5875159136580237,1.6261970614965813,1.238998668520259,0.26777323264419195,0.397000594718279,1.2258748997838587,1.8597344512742822,0.6338595514904235,-0.7043338587959357,13.05775825157644,0.01846153847873211,47.17199627522577,33.846374560201575,False,mad_too_large|slope_too_steep
2023-09-29 22:40:01.634717184+00:00,2023-09-29,2023,165,gt1l,165_gt1l,BREACH_DRAWDOWN,218,2.8406513921071674,2.8770794938841204,0.30803942739749657,0.07435648106808657,0.11024091883154513,2.3531116797757456,3.4663717774685545,1.1132600976928089,-0.009758984671762023,12.242902110402584,0.1683333291273032,47.144998073255934,33.807570113217324,False,range_too_large
2023-09-29 22:40:02.212117248+00:00,2023-09-29,2023,165,gt1r,165_gt1r,BREACH_DRAWDOWN,43,1.4162545639073016,1.5876643625148164,0.6816372997506518,0.22316415370814013,0.3308631742876885,0.7859337168028049,3.0486433547600673,2.262709637957262,-0.16494979085909034,9.68772986923301,0.23124998901039362,47.15321588998493,33.80750213820104,False,range_too_large|slope_too_steep
2023-09-29 22:40:02.733617408+00:00,2023-09-29,2023,165,gt3l,165_gt3l,BREACH_DRAWDOWN,44,0.8416186420462406,0.9542041156697665,0.20431941382322724,0.02081510032041578,0.030860467735048434,0.7851791215975666,1.3124523429960704,0.5272732213985037,0.0741185840430801,6.2501766298620645,0.00874999980442226,47.170282438426895,33.88935508115108,False,slope_too_steep
2023-09-29 22:40:03.070517248+00:00,2023-09-29,2023,165,gt2r,165_gt2r,BREACH_DRAWDOWN,30,1.7528484825052502,1.720328548991291,0.08798834869081283,0.04971021821938493,0.07370036953206009,1.5664637014374558,1.8173187596269236,0.25085505818946774,-0.09776466535151516,2.0781737843723236,0.02666666576017936,47.163909264266785,33.84873143611253,False,slope_too_steep
2023-09-29 22:40:03.082217472+00:00,2023-09-29,2023,165,gt3r,165_gt3r,BREACH_DRAWDOWN,10,0.9163182199824149,1.0012912550354514,0.1931249829419402,0.02077911159754997,0.030807110854527586,0.8857901225062796,1.366904015017958,0.48111389251167846,0.07714195339574972,6.187679327036963,0.07000000029802322,47.16865840161979,33.89074868972618,False,too_few_points|slope_too_steep
2023-10-02 10:45:25.006664704+00:00,2023-10-02,2023,205,gt2l,205_gt2l,BREACH_DRAWDOWN,111,9.900489720256921,10.343028623386262,3.01523847736263,0.4054461826731064,0.6011145104311475,9.321960896035948,11.421903265060255,2.0999423690243066,0.05828254281799972,49.60066807232241,0.08776208974775813,47.553500501536824,35.01261329518839,False,mad_too_large|range_too_large|slope_too_steep
2023-10-02 10:45:25.346964736+00:00,2023-10-02,2023,205,gt1l,205_gt1l,BREACH_DRAWDOWN,116,10.019879254201408,12.22432172530608,10.126874881552455,0.4482998680730752,0.6646493844051412,9.492151535804267,13.05140885146879,3.5592573156645226,0.2093969504155894,44.9606003401853,0.11036608698872888,47.57296510775235,35.05865997083722,False,mad_too_large|range_too_large|slope_too_steep
2023-10-02 10:45:25.361764864+00:00,2023-10-02,2023,205,gt2r,205_gt2r,BREACH_DRAWDOWN,33,9.565032312909434,9.878325109932911,0.7201232212989777,0.17618226896308542,0.26120783196467046,9.365483545226315,11.467604900247084,2.1021213550207687,0.040462292526200386,49.305247587631676,0.20814291066650686,47.51694353204047,35.00621842177284,False,range_too_large
2023-10-02 10:45:25.690564864+00:00,2023-10-02,2023,205,gt1r,205_gt1r,BREACH_DRAWDOWN,30,10.551695960875877,10.761593239695673,0.8240780332810924,0.5089253631902206,0.7545327434658211,10.016971290155999,12.351995467928358,2.3350241777723593,0.027696017493482265,44.88371436653306,0.18298521383028282,47.58299303118075,35.058924094580526,False,mad_too_large|range_too_large
2023-10-02 10:45:30.946265088+00:00,2023-10-02,2023,205,gt3l,205_gt3l,BREACH_DRAWDOWN,74,9.527384597599125,9.609675440132895,0.24861072217072316,0.11516883194333083,0.17074931023918227,9.354109922026987,10.16062229255365,0.8065123705266632,0.016234700399510787,10.240701819036536,0.0735714261287025,47.43139346028908,34.952055223751564,True,
2023-10-02 10:45:31.888564992+00:00,2023-10-02,2023,205,gt3r,205_gt3r,BREACH_DRAWDOWN,9,9.5070441591497,9.607012969061877,0.21046924851301935,0.11298983825266617,0.16751873419340285,9.398807909574163,9.906388933630828,0.5075810240566643,-0.055299253676163534,4.792043034268118,0.2888372838497162,47.43379033378121,34.95122768229331,False,too_few_points|slope_too_steep
2023-10-06 10:37:07.110394880+00:00,2023-10-06,2023,265,gt2l,265_gt2l,BREACH_DRAWDOWN,239,5.928996819206546,6.6483479876240015,1.9238748585863905,0.20275792622657818,0.3006089014235248,5.259421891715169,11.870661748707535,6.611239856992366,0.32059471591960714,20.09900257129797,0.15847825591007006,47.51027535182314,34.227937977250775,False,range_too_large|slope_too_steep
2023-10-06 10:37:07.493595136+00:00,2023-10-06,2023,265,gt2r,265_gt2r,BREACH_DRAWDOWN,117,5.9060380766189695,6.36457339292885,1.3784982846634612,0.14661024035155634,0.21736434234521743,5.683076900899884,11.23738159260772,5.554304691707836,0.282884172474764,19.93589387943353,0.07818181626498699,47.50854245041029,34.22654652720864,False,range_too_large|slope_too_steep
2023-10-06 10:37:07.806194944+00:00,2023-10-06,2023,265,gt1r,265_gt1r,BREACH_DRAWDOWN,32,7.536034214308286,7.53678906589179,0.2774344398425165,0.10196089277374121,0.15116721962634871,6.934607413201059,7.964158772160172,1.0295513589591128,0.021149833861999784,11.32530419245819,0.2133333201830586,47.54117616431235,34.27439044333983,False,range_too_large
2023-10-06 10:37:07.884695040+00:00,2023-10-06,2023,265,gt1l,265_gt1l,BREACH_DRAWDOWN,189,5.449048100877455,5.551880738629214,0.339005711684185,0.19707792009229053,0.29218772432882995,5.217651548589057,6.033156556673601,0.8155050080845445,0.036119569291209484,13.298259464191245,0.1069010142236948,47.49052563722658,34.26835815196978,True,
2023-10-06 10:37:08.738795008+00:00,2023-10-06,2023,265,gt3l,265_gt3l,BREACH_DRAWDOWN,85,4.455027599855075,4.492922310019377,0.44842969777266367,0.4220523626647896,0.6257348328868171,3.8497108079065447,5.217781683278734,1.3680708753721889,-0.03150843290682796,9.958932402212614,0.0418749984819442,47.46949510573226,34.17899324583709,False,mad_too_large|range_too_large
2023-10-06 10:37:09.418595072+00:00,2023-10-06,2023,265,gt3r,265_gt3r,BREACH_DRAWDOWN,32,3.8982345362018993,4.011772290445588,0.2575392269079393,0.06226411578810165,0.0923127780674395,3.7903485939223835,4.508349975868529,0.7180013819461455,0.019347006072091718,7.508443153928251,0.14333332888782024,47.44699116377852,34.174751172218684,True,
2023-10-10 10:28:52.714723328+00:00,2023-10-10,2023,325,gt1l,325_gt1l,BREACH_DRAWDOWN,6,0.1954058725087009,0.1994493225297429,0.024734003684976098,0.019427903343080644,0.028803809496451362,0.17593637470380674,0.2327732447081967,0.05683687000438997,-0.49113481506374856,0.12379107887704931,0.08398204917709033,46.77798470978049,33.388977674505384,False,too_few_points|track_too_short
2023-10-24 21:24:33.795179008+00:00,2023-10-24,2023,545,gt3l,545_gt3l,BREACH_DRAWDOWN,426,9.291922048467178,9.381950109430663,0.195304430291278,0.0426828452662793,0.06328158639178569,9.225340672271209,9.827257308051603,0.6019166357803947,0.01676219215942698,11.27667308792589,0.08148213774577973,47.45065705231275,34.888706944949774,True,
2023-10-24 21:24:34.153678848+00:00,2023-10-24,2023,545,gt3r,545_gt3r,BREACH_DRAWDOWN,93,9.266809310173858,9.346838227077878,0.1917937264396348,0.04341622095606823,0.06436888918946676,9.199254074917636,9.76765532368354,0.5684012487659036,0.047871743434862044,9.088527286278632,0.08222222038441235,47.44514522681501,34.89061779319168,True,
2023-10-24 21:24:34.641879040+00:00,2023-10-24,2023,545,gt2l,545_gt2l,BREACH_DRAWDOWN,250,9.273553596041745,9.350376375969896,0.22529085312190691,0.047807739327241805,0.07087975432656869,9.153141553116601,9.953763287933802,0.8006217348172004,0.06493823577791029,11.68489916646586,0.025199999175965784,47.47675025277475,34.8417977000888,False,slope_too_steep
2023-10-24 21:24:34.980878848+00:00,2023-10-24,2023,545,gt2r,545_gt2r,BREACH_DRAWDOWN,79,9.259410783218069,9.414062835831738,0.3980097109668924,0.03122990617288579,0.04630145889192047,9.207358515490291,10.43197417651314,1.224615661022849,0.11928050009935964,11.698057554878918,0.10386048752484442,47.4773706218685,34.84281511033165,False,range_too_large|slope_too_steep
2023-10-24 21:24:35.246278912+00:00,2023-10-24,2023,545,gt1r,545_gt1r,BREACH_DRAWDOWN,169,10.122010028165796,10.131369704880074,0.23929616872111495,0.10089851248604731,0.14959213461181373,9.742829784272033,10.479589173576537,0.7367593893045044,-0.016449975036087174,11.609926121815436,0.09284866828273033,47.54031801909071,34.79061985554327,True,
2023-11-04 09:13:12.480352512+00:00,2023-11-04,2023,705,gt3l,705_gt3l,BREACH_DRAWDOWN,4,7.758626783743534,7.473323885013499,0.6290602052512507,0.06604076678105564,0.09791204082959308,6.7100083352215485,7.8372153765834005,1.127207041361852,0.15284449638898964,8.261498584405754,1.4767390489578247,47.575337021197136,34.453877749642594,False,too_few_points|range_too_large|stdev_too_large|slope_too_steep
2023-11-04 09:13:12.545352448+00:00,2023-11-04,2023,705,gt2r,705_gt2r,BREACH_DRAWDOWN,17,7.362874180708815,7.438889961405977,0.23111491297618503,0.19655961188876248,0.29141928058627925,7.166052034231626,7.741134965733789,0.5750829315021626,-0.08912018488364616,6.902837174757484,0.06458684166564661,47.57023904390745,34.494729255908375,False,too_few_points|slope_too_steep
2023-11-04 09:13:12.558952448+00:00,2023-11-04,2023,705,gt1r,705_gt1r,BREACH_DRAWDOWN,12,8.072241907817089,8.058509576936727,0.280424433516987,0.1186831573157967,0.17595964903640018,7.648728911331635,8.476539758321511,0.827810846989876,-0.12654602767454176,4.444572187511216,0.11500000208616257,47.58417315176731,34.53957638526554,False,too_few_points|slope_too_steep
2023-11-04 09:13:12.595652608+00:00,2023-11-04,2023,705,gt2l,705_gt2l,BREACH_DRAWDOWN,5,7.282309570813823,7.4243710583934455,0.25658525203261034,0.08510082215500248,0.12617047892700667,7.205100866455738,7.7178027816210335,0.5127019151652954,-0.13207619947783658,4.05589657356917,,47.56700023065848,34.49545677095681,False,too_few_points|slope_too_steep
2023-11-04 09:13:13.392752640+00:00,2023-11-04,2023,705,gt1l,705_gt1l,BREACH_DRAWDOWN,3,8.631572621074614,8.678246242912625,0.09283121464547169,0.013558785146141616,0.02010225485766956,8.619369714443087,8.76979430666877,0.15042459222568283,0.7160320521141266,0.22475750709071443,0.9286399483680725,47.53166653248022,34.533252795931304,False,too_few_points|track_too_short|stdev_too_large
2023-11-04 09:13:13.957752576+00:00,2023-11-04,2023,705,gt3r,705_gt3r,BREACH_DRAWDOWN,6,6.4239650270477675,6.49255144271077,0.12145542243015238,0.016409815264475824,0.024329192111111855,6.401371154483013,6.6635038615056965,0.2621327070226833,0.055783636616535306,2.3435971817602272,0.31499042734503746,47.50545718510279,34.44279410393344,False,too_few_points|slope_too_steep
2023-11-30 19:43:40.110268672+00:00,2023-11-30,2023,1109,gt2r,1109_gt2r,BREACH_DRAWDOWN,54,1.8408332956041384,1.8210481619147003,0.2487365765577445,0.027164198676913998,0.04027364095839269,1.6326266371027665,1.8821533075594754,0.24952667045670895,0.06064713744658549,19.00258724705767,0.026999999955296516,46.93280174397714,33.60565578389007,False,slope_too_steep
2023-11-30 19:43:40.158168576+00:00,2023-11-30,2023,1109,gt1r,1109_gt1r,BREACH_DRAWDOWN,1,1.4781496431453505,1.4781496431453505,,0.0,0.0,1.4781496431453505,1.4781496431453505,0.0,,,,46.83719837533198,33.576819589524895,False,too_few_points
2023-11-30 19:43:40.903368448+00:00,2023-11-30,2023,1109,gt3l,1109_gt3l,BREACH_DRAWDOWN,3,1.8386118616338187,1.87504708531329,0.09585447278310509,0.035859239968527135,0.05316490917733833,1.8063385456621444,1.969260281540065,0.1629217358779207,0.02722978149520723,6.2424758158819165,0.15096218883991241,46.93369752058528,33.64665441294361,False,too_few_points
2023-11-30 19:43:41.003868672+00:00,2023-11-30,2023,1109,gt2l,1109_gt2l,BREACH_DRAWDOWN,15,1.8117948766339964,1.8111479596573723,0.06566754062239909,0.03374275159524842,0.050027003515115305,1.6723200244070042,1.8766975005435846,0.20437747613658042,0.0637582520050766,3.25745875849475,0.017086013812910427,46.938701489822506,33.60361737947285,False,too_few_points|slope_too_steep
2023-11-30 19:43:41.131868672+00:00,2023-11-30,2023,1109,gt3r,1109_gt3r,BREACH_DRAWDOWN,17,1.7890157777794364,1.7589936091134082,0.09493443260319814,0.021599811239621403,0.03202388014386269,1.5227277496726281,1.830756205624504,0.3080284559518758,-0.08584887244733377,2.6731741908387843,0.038203797138789124,46.91682202315331,33.650072510570624,False,too_few_points|slope_too_steep
2023-12-03 07:49:13.636612096+00:00,2023-12-03,2023,1149,gt2l,1149_gt2l,BREACH_DRAWDOWN,2,10.071848697264826,10.071848697264826,0.03455969222930642,0.0244373927310626,0.036230878463073414,10.04985504380687,10.093842350722783,0.04398730691591268,,,,47.50206617393277,34.74576028823749,False,too_few_points
2023-12-03 07:49:13.950712320+00:00,2023-12-03,2023,1149,gt2r,1149_gt2r,BREACH_DRAWDOWN,15,10.01053262121565,10.003069761134167,0.04840438092771891,0.01847071318751148,0.027384679371804516,9.936266373485038,10.060144374317355,0.12387800083231681,-0.10758761840758621,0.2988505721561459,0.25736061856150627,47.50288629110839,34.74467465318303,False,too_few_points|track_too_short
2023-12-03 07:49:14.233312256+00:00,2023-12-03,2023,1149,gt1r,1149_gt1r,BREACH_DRAWDOWN,6,10.091126722517336,10.089824993199882,0.03001586934597717,0.023880624599115663,0.03540541403064888,10.054991042888265,10.120646342496567,0.06565529960830219,0.039996405848200786,0.9483138856735723,0.08860106021165848,47.47793957221027,34.78381983991436,False,too_few_points|track_too_short
2024-01-01 06:25:06.047999488+00:00,2024-01-01,2024,205,gt2l,205_gt2l,POST_BREACH,316,10.245658088473869,10.261598936998817,0.37154895644338065,0.14603706685422324,0.21651455531807137,9.804042097742123,10.78643657095084,0.9823944732087178,0.02995633202360424,50.821815618246625,0.05435483632308821,47.52719186078305,35.02510904966307,True,
2024-01-01 06:25:06.399199488+00:00,2024-01-01,2024,205,gt2r,205_gt2r,POST_BREACH,1233,10.157028212234529,10.446895740624278,3.2490865625126806,0.1962896513595247,0.2910190371056313,9.792346483685499,11.025555379426272,1.2332088957407734,0.10233593921824331,50.99432152845803,0.027138137915993437,47.51305646993982,35.02192530674925,False,range_too_large|slope_too_steep
2024-01-01 06:25:06.567999488+00:00,2024-01-01,2024,205,gt1l,205_gt1l,POST_BREACH,177,10.20865673380353,10.777296367574838,2.2268947556676837,0.2480317396839773,0.3677318572554647,9.952285507475866,11.355310675782176,1.4030251683063106,0.07404375738869898,42.5568242374168,0.060142805648231226,47.56029130098335,35.07297285101767,False,range_too_large|slope_too_steep
2024-01-01 06:25:06.908499456+00:00,2024-01-01,2024,205,gt1r,205_gt1r,POST_BREACH,693,10.24628000958274,10.765872736232513,2.3177505254027473,0.2977972193911427,0.4415141574693081,9.878276447287094,11.328548912001985,1.4502724647148906,0.08028744304764605,42.66328751884777,0.06272839706969624,47.5612154684988,35.071936167505086,False,mad_too_large|range_too_large|slope_too_steep
2024-01-01 06:25:10.755899392+00:00,2024-01-01,2024,205,gt3l,205_gt3l,POST_BREACH,412,9.747587775167663,9.859059643405805,0.2505020956031126,0.12781725869475125,0.1895018677408382,9.598956865168638,10.315925114534217,0.7169682493655785,0.034535106937753954,19.42589535095924,0.03646341350111293,47.45525787166883,34.9717581990997,True,
2024-01-01 06:25:11.106299648+00:00,2024-01-01,2024,205,gt3r,205_gt3r,POST_BREACH,1642,9.672566731350406,9.80775710184157,0.27097572283973514,0.1334640381733987,0.19787378299588088,9.519683753677722,10.261350509409516,0.741666755731794,0.035884333077092656,19.578023607460096,0.026951218546345468,47.45157121877426,34.97012179250475,True,
2024-01-05 06:16:50.341731328+00:00,2024-01-05,2024,265,gt2l,265_gt2l,POST_BREACH,24,6.398777596228939,6.387750930120364,0.055324251937452114,0.014655211644047483,0.021727816783464797,6.363381511225405,6.431372635817827,0.06799112459242274,0.031340724500651305,6.486778849794519,0.007499999832361937,47.54139992139062,34.24857204487374,True,
2024-01-05 06:16:50.392731136+00:00,2024-01-05,2024,265,gt1r,265_gt1r,POST_BREACH,14,6.794775545968953,6.679426939491521,0.2315705022445076,0.0868533255891446,0.1287687405184658,6.353166595419353,6.886210750254995,0.5330441548356424,0.07254232666224003,6.89915933352592,0.12999999523162842,47.54285683329595,34.29079728446095,False,too_few_points|slope_too_steep
2024-01-05 06:16:50.967231232+00:00,2024-01-05,2024,265,gt1l,265_gt1l,POST_BREACH,2,6.292708344170693,6.292708344170693,0.1723652531496835,0.12188063934307714,0.18070023589004616,6.183015768761924,6.4024009195794624,0.21938515081753884,,,0.7046499252319336,47.50647725962539,34.28675606498328,False,too_few_points|stdev_too_large
2024-01-05 06:16:51.149431296+00:00,2024-01-05,2024,265,gt3l,265_gt3l,POST_BREACH,111,5.60527742150369,5.820054797223347,1.1827262433889105,0.2027516515944825,0.3005995986539797,5.391960141516826,6.081500082240996,0.6895399407241705,-0.1501520144219925,18.99570530843547,0.06342617786404761,47.45837533639118,34.19363334505441,False,slope_too_steep
2024-01-05 06:16:51.507631360+00:00,2024-01-05,2024,265,gt3r,265_gt3r,POST_BREACH,370,5.405921459968676,5.765089794153578,1.4248997072876275,0.12279160377029008,0.18205083174983205,5.2508541825160675,6.09132548132214,0.8404712988060723,-0.23785116172336804,18.716196947475705,0.021216215943363873,47.44753813435372,34.1909806650239,False,slope_too_steep
2024-01-05 06:16:54.428331264+00:00,2024-01-05,2024,265,gt2r,265_gt2r,POST_BREACH,1,14.863396833445876,14.863396833445876,,0.0,0.0,14.863396833445876,14.863396833445876,0.0,,,,47.31176651434841,34.214926934904646,False,too_few_points
2024-01-09 06:08:34.352964096+00:00,2024-01-09,2024,325,gt1l,325_gt1l,POST_BREACH,53,0.777694105764148,0.8420702371855744,0.1927645937898442,0.017072673405735372,0.02531194559134326,0.7406739278989847,1.2102455680489597,0.469571640149975,-0.14803743282038462,4.456889318548703,0.016999999061226845,46.808303902618114,33.409367749377694,False,slope_too_steep
2024-01-09 06:08:34.696464384+00:00,2024-01-09,2024,325,gt1r,325_gt1r,POST_BREACH,199,0.7364586394085251,1.7017890896254817,3.033616265199375,0.019394105140598583,0.02875370028145146,0.6421128225840679,11.17707508346028,10.534962260876213,-1.697517229477498,6.614246193019147,0.04031551953856692,46.804938559294484,33.407754111446444,False,range_too_large|slope_too_steep
2024-01-09 06:08:35.359764224+00:00,2024-01-09,2024,325,gt2r,325_gt2r,POST_BREACH,3,0.7721241549649562,0.7927674302381149,0.08389240417644195,0.05100048752240127,0.07561332280071212,0.7262237161947951,0.8737614369726459,0.14753772077785077,-0.9574540810680834,0.12301747751153014,,46.78656999586078,33.36259848715935,False,too_few_points|track_too_short
2024-01-27 16:55:43.133979392+00:00,2024-01-27,2024,609,gt3r,609_gt3r,POST_BREACH,5,4.846829778847113,4.8658413193940735,0.13597526829492337,0.1084722392002,0.1608209418382165,4.730368241389362,5.029514406505579,0.29914616511621706,-0.04867321626127119,4.785241352485111,0.2169356495141983,47.468223033714175,34.09267521076534,False,too_few_points
2024-01-27 16:55:43.754679552+00:00,2024-01-27,2024,609,gt2r,609_gt2r,POST_BREACH,16,4.588436710063238,4.586553643156172,0.011815771725563582,0.008244314001856878,0.012223019939153007,4.568381921340807,4.604443792015848,0.03606187067504152,0.10121534935638997,0.2951971889539618,0.043447204399853945,47.480662807893225,34.04787266565499,False,too_few_points|track_too_short
2024-01-30 05:01:02.747927552+00:00,2024-01-30,2024,645,gt3r,645_gt3r,POST_BREACH,474,12.702919229635096,12.67859267725755,0.3199378618101628,0.19187397674936157,0.2844723579286035,12.06511143300001,13.003972340658823,0.9388609076588121,0.024507823472110658,12.133361531880814,0.062234039477845456,47.59828803359498,35.250661933341206,True,
2024-01-30 05:01:03.288927744+00:00,2024-01-30,2024,645,gt2l,645_gt2l,POST_BREACH,65,11.62652180146863,11.616161248902971,0.1752048599078483,0.07125029936934979,0.10563569384499799,11.29780163783642,11.87668968362614,0.5788880457897196,0.08155262999184087,4.268311871431118,0.01916666654869914,47.56714122595518,35.290491325800666,False,slope_too_steep
2024-01-30 05:01:03.595727616+00:00,2024-01-30,2024,645,gt2r,645_gt2r,POST_BREACH,287,11.60539325392946,11.632905528517524,0.1390395754322238,0.03997598844251371,0.05926840046487082,11.47710485186045,11.905351542652214,0.4282466907917648,0.0226359789240498,8.983002448379867,0.07771967773290046,47.56966597870828,35.289690110012856,True,
2024-01-30 05:01:04.549327872+00:00,2024-01-30,2024,645,gt3l,645_gt3l,POST_BREACH,29,10.523878165956805,10.524739067974625,0.011536406054612623,0.005302175044562318,0.007861004721068092,10.508595385202542,10.542893805265068,0.0342984200625267,0.004491018125176627,4.284350599186578,0.03620242687134907,47.490455463580766,35.23660545496361,True,
2024-01-31 16:47:15.315311104+00:00,2024-01-31,2024,669,gt2l,669_gt2l,POST_BREACH,7,1.1280469942495195,1.1293158521669955,0.02266258225929467,0.013720387070499385,0.020341845870722387,1.0975237043004455,1.1528706729207285,0.05534696862028299,-0.08636108844378335,0.4292735185114093,0.05755441635847092,46.786979294386015,33.36523099923022,False,too_few_points|track_too_short
2024-01-31 16:47:15.567611136+00:00,2024-01-31,2024,669,gt3l,669_gt3l,POST_BREACH,11,1.0871759600335729,1.0872957934455705,0.024291613907302237,0.023189719052655988,0.03438107746746777,1.0623122726677128,1.1266577897632448,0.06434551709553205,0.02181783278772821,2.0444345132060637,0.009999999776482582,46.81494866157951,33.403884815920875,False,too_few_points
2024-01-31 16:47:15.649511168+00:00,2024-01-31,2024,669,gt2r,669_gt2r,POST_BREACH,11,1.1272538291839922,1.1250218985822364,0.010874566986826473,0.007682752669168735,0.011390449107309566,1.1097142922878263,1.1409799949644555,0.0312657026766292,-0.027233492899688905,0.6208434525130744,0.009999999776482582,46.78721623970173,33.36633180710414,False,too_few_points|track_too_short
2024-01-31 16:47:15.664011008+00:00,2024-01-31,2024,669,gt3r,669_gt3r,POST_BREACH,50,1.1511046006335057,1.1693474759563776,0.09915637620205714,0.03533046268992912,0.052380943984088914,1.0828266193658393,1.419744310614032,0.3369176912481926,0.03470576175761,3.926558779045945,0.05099999979138374,46.812197110057305,33.40546746774046,True,
2024-02-03 04:52:43.285458688+00:00,2024-02-03,2024,705,gt1l,705_gt1l,POST_BREACH,25,8.228494781946363,8.347506381652256,0.23630999551838536,0.08126126424475189,0.12047795036926914,8.12927466907948,8.823531751134672,0.6942570820551914,-0.16446331930054936,4.528036617142834,0.08500000089406967,47.59630613998777,34.558892626788754,False,slope_too_steep
2024-02-03 04:52:43.345758976+00:00,2024-02-03,2024,705,gt2l,705_gt2l,POST_BREACH,69,8.088621015498333,8.102582576751047,0.22990508769590368,0.18922323786040351,0.2805423724518342,7.815894047398779,8.509737440994295,0.6938433935955155,-0.016625451123464065,10.504991625629353,0.13053634770862435,47.578829941864484,34.51343548240057,True,
2024-02-03 04:52:43.583558912+00:00,2024-02-03,2024,705,gt3l,705_gt3l,POST_BREACH,38,7.860187431581567,7.728457125570266,0.22980963735368684,0.03757541778630191,0.05570931440997121,7.25694849651511,7.905970226681034,0.6490217301659236,0.05045208747293179,10.882112203596,0.10111847774762857,47.56531384094672,34.4685295196933,False,slope_too_steep
2024-02-03 04:52:43.597559040+00:00,2024-02-03,2024,705,gt1r,705_gt1r,POST_BREACH,164,8.396649823360438,8.37804516178282,0.24664441606946075,0.15407672025728303,0.2284341454534478,8.052258010003197,8.882190929377522,0.8299329193743255,-0.14399195814596402,7.164699190504144,0.05999999976484105,47.590314278445994,34.55683786961104,False,slope_too_steep
2024-02-07 04:44:29.402593024+00:00,2024-02-07,2024,769,gt1l,769_gt1l,POST_BREACH,17,1.6240820125330089,1.671231736139619,0.16752290340111123,0.04743964808050549,0.07033402224415744,1.485899619165243,1.9829171547563256,0.49701753559108264,-0.017180139859693997,15.891688453346434,0.2554291241309222,46.97468535144923,33.6919769343185,False,too_few_points
2024-02-07 04:44:29.563892736+00:00,2024-02-07,2024,769,gt1r,769_gt1r,POST_BREACH,103,1.5990217431671994,1.7423399763441685,0.6433513002603094,0.08844067660036359,0.13112214712769904,1.427741090044004,1.9860821137399176,0.5583410236959137,-0.029466893582563644,22.66571839463334,0.0989999994635582,46.97532397207072,33.69088281401151,True,
2024-02-07 04:44:29.582092800+00:00,2024-02-07,2024,769,gt2l,769_gt2l,POST_BREACH,65,1.8568791891707441,1.8403100502813405,0.1349441360668803,0.043055064128690645,0.06383343807719674,1.464594363737173,1.9839810539105827,0.5193866901734097,-0.0017718298699073447,23.080025362531043,0.044114279517760646,46.908846428714,33.64034906243294,True,
2024-02-07 04:44:29.928392960+00:00,2024-02-07,2024,769,gt2r,769_gt2r,POST_BREACH,226,1.7966755073952037,1.7342578164795912,0.1613303020419327,0.04016673478546018,0.059551200992923256,1.3827442421559013,1.886209229784808,0.5034649876289068,-0.004984604312098091,23.13162265423947,0.04299612070123355,46.89572878450958,33.637288097092956,True,
2024-02-07 04:44:30.709392896+00:00,2024-02-07,2024,769,gt3r,769_gt3r,POST_BREACH,296,1.139649721755152,1.1715009320179044,0.2586962715554218,0.05010882569335884,0.07429134497297381,1.0159161310415836,1.3643867631801934,0.34847063213860974,0.06935101855180292,19.740711627101412,0.019019862643391307,46.84665757720638,33.58820443956096,False,slope_too_steep
2024-02-07 04:44:31.885992704+00:00,2024-02-07,2024,769,gt3l,769_gt3l,POST_BREACH,78,1.2010771250884424,1.2451812008388514,0.18119418592978406,0.03869567209045677,0.0573702034413112,1.111826245954902,1.3988115164751345,0.2869852705202325,0.03852216469724419,8.838756450928027,0.039089685596235386,46.848011409323846,33.58951820586898,True,
2024-02-25 15:31:38.137346304+00:00,2024-02-25,2024,1049,gt2l,1049_gt2l,POST_BREACH,227,7.104664958973643,7.1022647860238415,0.1904351924201683,0.16702220251164235,0.24762711744376092,6.848130874764,7.36892506750269,0.5207941927386894,0.014713004755023974,16.06821481594155,0.024775398345376953,47.50882178463564,34.30188209623184,True,
2024-02-25 15:31:38.267546112+00:00,2024-02-25,2024,1049,gt1l,1049_gt1l,POST_BREACH,119,6.462180155611893,6.814420162268338,1.1665492834252462,0.04667461562850406,0.0691997851308201,6.382019340890973,7.233707957216666,0.8516886163256929,0.21584152852068036,19.286131591393424,0.016363636082546276,47.47729558866512,34.26347455260848,False,slope_too_steep
2024-02-25 15:31:38.483446016+00:00,2024-02-25,2024,1049,gt2r,1049_gt2r,POST_BREACH,844,7.138788964065986,7.119476899061944,0.19766349186667168,0.17871060569701847,0.26495634400639956,6.845663786743371,7.451494504553575,0.6058307178102043,0.01874729076531644,16.059435893205478,0.011130952132156207,47.508304632899495,34.30309076974383,True,
2024-02-25 15:31:38.606946048+00:00,2024-02-25,2024,1049,gt1r,1049_gt1r,POST_BREACH,568,6.425571439658892,6.757554273668748,0.985099889248207,0.07443508038048563,0.11035745017210799,6.319355674191155,7.20506659983504,0.8857109256438847,0.18311109648543536,19.357415333119974,0.017678570950270762,47.48054781592472,34.26412757389633,False,slope_too_steep
2024-02-25 15:31:38.841846272+00:00,2024-02-25,2024,1049,gt3l,1049_gt3l,POST_BREACH,104,7.248474538217728,7.264411384598134,0.11718475504017546,0.03435996849493961,0.05094208929059746,7.070915801131344,7.462842516751294,0.3919267156199506,2.0142189824975384e-05,8.857825876745805,0.01550000011920929,47.536862930206674,34.34082875863736,True,
2024-02-25 15:31:39.190846208+00:00,2024-02-25,2024,1049,gt3r,1049_gt3r,POST_BREACH,388,7.21277098493718,7.259874345755817,0.17067807940974494,0.05755509576857243,0.08533118498648548,7.0906876326755786,7.604930923578567,0.5142432909029884,-0.009092445026311853,9.198444732144965,0.03817400897939488,47.53694344876227,34.342003661207926,True,
2024-02-29 15:23:03.911389952+00:00,2024-02-29,2024,1109,gt1l,1109_gt1l,POST_BREACH,37,1.483727539910067,1.4906109815458946,0.06943066143586782,0.035970651121143504,0.05333008735220736,1.4051917066563007,1.629423463477336,0.22423175682103524,0.013039106957236814,3.379948720532285,0.03150995503607634,46.83459364709365,33.576032277908624,True,
2024-02-29 15:23:03.984690176+00:00,2024-02-29,2024,1109,gt2l,1109_gt2l,POST_BREACH,381,1.605516038596722,1.6217709076456608,0.19360550403128798,0.053739111318389376,0.07967360644064408,1.4414942289096118,1.822167252821199,0.3806730239115872,0.027601528303344718,19.99530070708531,0.017933445790457348,46.890446872198595,33.610496428097925,True,
2024-02-29 15:23:04.255790080+00:00,2024-02-29,2024,1109,gt1r,1109_gt1r,POST_BREACH,124,1.4503168573375653,1.4381402159494274,0.11706913146638652,0.08631786406878739,0.12797486526838417,1.2712477035703442,1.6454014263141907,0.3741537227438465,0.025753220680723988,3.698475400029776,0.06083333360341688,46.833045373454986,33.57737238105715,True,
2024-02-29 15:23:04.340989952+00:00,2024-02-29,2024,1109,gt2r,1109_gt2r,POST_BREACH,1413,1.5907551004560538,1.6128793076076764,0.16889375898047085,0.0463742105477678,0.06875440455812054,1.4660803423549411,1.7883410436281153,0.3222607012731742,0.023741681179340904,19.938851049651348,0.011099290439581617,46.8942574251978,33.61110200726225,True,
2024-02-29 15:23:04.481390080+00:00,2024-02-29,2024,1109,gt3l,1109_gt3l,POST_BREACH,172,1.7329273987668135,1.8135696797623253,0.378247447097318,0.10982391464347607,0.16282493585041763,1.5726854366912653,1.9831560480639114,0.4104706113726462,-0.03507779744587784,14.630461583408817,0.013100528810730951,46.93395147951653,33.646804226583164,True,
2024-02-29 15:23:04.820389888+00:00,2024-02-29,2024,1109,gt3r,1109_gt3r,POST_BREACH,688,1.7030835742539026,1.809996367647887,0.3773361929022911,0.05977463832139307,0.08862187877529736,1.572013120422889,2.1046849067310927,0.5326717863082036,-0.028704371266711628,14.909414876623176,0.015151747118741317,46.93279678545018,33.648111955014855,True,
2024-03-03 03:28:34.003046144+00:00,2024-03-03,2024,1149,gt2l,1149_gt2l,POST_BREACH,54,10.588030980330736,10.625668701904383,0.16743993653292638,0.045892766470380764,0.06804061556898652,10.443632134780676,10.946534496126748,0.5029023613460719,0.04795504359988155,9.896474411685261,0.010999999754130841,47.52284982863228,34.76498767889878,True,
2024-03-03 03:28:34.018946048+00:00,2024-03-03,2024,1149,gt1l,1149_gt1l,POST_BREACH,82,11.002632888321815,10.899932907412566,0.23772447784115577,0.10951226974817985,0.16236289112865143,10.564009433481406,11.18170977626477,0.6177003427833636,0.06065630344870499,10.812009540705787,0.03437500004656613,47.52552627996324,34.808012699088366,False,slope_too_steep
2024-03-03 03:28:34.337945856+00:00,2024-03-03,2024,1149,gt1r,1149_gt1r,POST_BREACH,329,10.930092247339978,10.861539661139854,0.22941383521487824,0.09139870348754897,0.1355077177906401,10.502261949402065,11.196674726458214,0.694412777056149,0.055781088232387914,11.732636300520788,0.061293471615908715,47.52809977306868,34.807196702867444,False,slope_too_steep
2024-03-03 03:28:34.345745920+00:00,2024-03-03,2024,1149,gt2r,1149_gt2r,POST_BREACH,126,10.589421467074736,10.62384128031631,0.1554239934375989,0.046782158899493,0.06935922878438831,10.470493366701277,11.01342427902788,0.5429309123266037,0.05109502405092697,9.837948934588685,0.03041666451220711,47.51354235769299,34.76245944017899,False,slope_too_steep
2024-03-03 03:28:34.405046016+00:00,2024-03-03,2024,1149,gt3r,1149_gt3r,POST_BREACH,95,10.427750990818335,10.440849197287426,0.06885796694441365,0.02332263052406347,0.0345781320149765,10.384752812053305,10.517452122349004,0.13269931029569904,0.03283330935130962,8.611392753331392,0.010555555216140218,47.50748638790306,34.71898139890124,True,
2024-03-03 03:28:34.894545920+00:00,2024-03-03,2024,1149,gt3l,1149_gt3l,POST_BREACH,6,10.513106668538606,10.518306043711794,0.04024156857391925,0.01814869434271138,0.02690725423250389,10.480515849365117,10.574252761647475,0.09373691228235792,-0.03625473106103949,2.039807139087678,0.059079866856336594,47.508761006943644,34.72027571910092,False,too_few_points
2024-03-29 13:59:04.846333440+00:00,2024-03-29,2024,165,gt1l,165_gt1l,POST_BREACH,10,3.287284984610066,3.302602489539827,0.0809942876670326,0.037027713072681934,0.054897287401558234,3.2249440829823754,3.4289108952918235,0.20396681230944802,0.10971590566029558,1.474899448947388,0.09946780391037464,47.07876043670916,33.78482162083482,False,too_few_points|track_too_short
2024-03-29 13:59:04.941133568+00:00,2024-03-29,2024,165,gt1r,165_gt1r,POST_BREACH,29,3.1966995546148596,3.2048247485963732,0.03500252143600972,0.01723796373230968,0.02555700502952233,3.1657765637681528,3.261415256032308,0.09563869226415544,0.013877628815320186,2.8871797036861313,0.06724940471608064,47.0693483406702,33.78734952330382,True,
2024-03-29 13:59:05.175833344+00:00,2024-03-29,2024,165,gt2r,165_gt2r,POST_BREACH,1,15.039408184918699,15.039408184918699,,0.0,0.0,15.039408184918699,15.039408184918699,0.0,,,,47.07438710419452,33.82898760959336,False,too_few_points
2024-04-01 02:04:26.765681664+00:00,2024-04-01,2024,205,gt2l,205_gt2l,POST_BREACH,45,12.876776860279278,12.903228925410076,0.07025428320493325,0.028275071801822094,0.041920621453381435,12.838235800961879,13.02576397004088,0.18752816907900005,-0.05050153634705778,3.436198516332438,0.006249999860301614,47.835172384438174,35.08532162496605,False,slope_too_steep
2024-04-01 02:04:27.015981824+00:00,2024-04-01,2024,205,gt2r,205_gt2r,POST_BREACH,197,12.846861745461407,12.876520386555287,0.09124260247194574,0.0355742407367714,0.05274236931633727,12.790510830688568,13.015043229707754,0.22453239901918565,-0.05117502189118413,4.073716752581423,0.01015652706656529,47.83750928007619,35.08440140462251,False,slope_too_steep
2024-04-01 02:04:27.034582016+00:00,2024-04-01,2024,205,gt1l,205_gt1l,POST_BREACH,80,11.021556585458853,11.18992912845551,0.6891848733570713,0.05327003323459323,0.07897815127360791,10.830634788859463,12.836804682811929,2.0061698939524657,0.05629353419604763,41.508874563556965,0.08237851293463457,47.52799406087667,35.08460098636783,False,range_too_large|slope_too_steep
2024-04-01 02:04:27.371981824+00:00,2024-04-01,2024,205,gt1r,205_gt1r,POST_BREACH,308,11.01766016169499,11.391565084129667,2.1798373367126564,0.06244189365764896,0.09257635153683035,10.852999326294691,12.81171101807752,1.9587116917828293,0.07819805292745574,41.9856589774157,0.09862359979458703,47.543388715257834,35.085608042930126,False,range_too_large|slope_too_steep
2024-04-01 02:04:31.094981888+00:00,2024-04-01,2024,205,gt3l,205_gt3l,POST_BREACH,263,10.89197039290924,11.01139680262855,0.3017875461942198,0.052652734009793534,0.07806294344291989,10.786438019347212,11.826298329353998,1.0398603100067856,0.0437973565766973,19.703864649220478,0.02288461447908328,47.489204622492764,34.993012671871035,False,range_too_large
2024-04-01 02:04:31.450382080+00:00,2024-04-01,2024,205,gt3r,205_gt3r,POST_BREACH,1192,10.875996903019638,10.998975519366255,0.31629118354300645,0.052246733552340885,0.07746100716470058,10.784139719716245,11.753497263316946,0.9693575436007009,0.04328829525710304,19.707599679699,0.022016806128833975,47.487230098612095,34.99162673895036,True,
2024-04-05 01:56:09.569313280+00:00,2024-04-05,2024,265,gt2l,265_gt2l,POST_BREACH,6,7.217714447715204,7.205082023509175,0.035928947403804125,0.005792901166467246,0.008588555269404339,7.152537176342938,7.225020939357009,0.07248376301407067,0.03494892388218798,2.520361104831703,0.13478940663238367,47.5388546317256,34.26459982931518,False,too_few_points
2024-04-05 01:56:09.875813376+00:00,2024-04-05,2024,265,gt2r,265_gt2r,POST_BREACH,25,7.220532865462154,7.2175007137702485,0.020426622717110363,0.015660083598891816,0.023217639943717006,7.1786764738726845,7.241320073486447,0.06264359961376265,0.010289816605996862,2.9908786786210335,0.009999999776482582,47.53752165647403,34.26322157624826,True,
2024-04-09 01:48:02.259644160+00:00,2024-04-09,2024,325,gt1l,325_gt1l,POST_BREACH,8,1.393732298817298,1.418958650399993,0.10826421686814279,0.05270405309843085,0.07813902912373356,1.3245711657092565,1.5870756333993312,0.26250446769007474,0.01109953917211943,3.297150902464668,0.16972433030605316,46.813955663659705,33.42634316810094,False,too_few_points
2024-04-09 01:48:02.586444288+00:00,2024-04-09,2024,325,gt1r,325_gt1r,POST_BREACH,37,1.3858917575329812,1.3847972788328862,0.07279198259294047,0.07421152518218932,0.11002600723511388,1.2844016235221267,1.5019111428199963,0.21750951929786955,0.05567290717396307,3.0863037954788743,0.07273872367836334,46.819194159192115,33.42595128504178,False,slope_too_steep
2024-04-09 01:48:02.733144320+00:00,2024-04-09,2024,325,gt2l,325_gt2l,POST_BREACH,53,1.1910558531853255,1.215328068045263,0.06447684206184642,0.031145592830995383,0.046176455931233755,1.144972471217222,1.3092002416452417,0.16422777042801973,0.06887869181920801,3.2531810522309885,0.007999999821186066,46.786255395206254,33.379922277322294,False,slope_too_steep
2024-04-09 01:48:03.084744448+00:00,2024-04-09,2024,325,gt2r,325_gt2r,POST_BREACH,228,1.1780346952059588,1.1990537994682309,0.07283020752291489,0.03943461745661381,0.058465763841175626,1.120324809604944,1.323059599341154,0.20273478973620995,0.07687929870535566,3.2291029908251563,0.015266182097165208,46.78559093538778,33.37869423553306,False,slope_too_steep
2024-04-23 12:43:26.233709568+00:00,2024-04-23,2024,545,gt3l,545_gt3l,POST_BREACH,500,11.546628992237961,11.633798687168433,0.20043729423985718,0.09905342274413265,0.14685660456045105,11.438903498481306,12.048534552596534,0.6096310541152281,0.039505838764635565,13.42516500709603,0.007299999836832285,47.51791636303329,34.84652276843306,True,
2024-04-23 12:43:26.540509696+00:00,2024-04-23,2024,545,gt2l,545_gt2l,POST_BREACH,496,11.511357569513345,11.558837490287502,0.1445732454397176,0.08076287004181282,0.11973903112399167,11.419620376792672,11.857289327428955,0.43766895063628297,0.027599809759665105,12.135983413220254,0.011031248144835474,47.51722680592901,34.80360131020938,True,
2024-04-23 12:43:26.566409472+00:00,2024-04-23,2024,545,gt3r,545_gt3r,POST_BREACH,2094,11.48709504719226,11.57378627710963,0.20112728466705393,0.09426356709668227,0.1397551645775411,11.375318711665129,11.999271337706272,0.6239526260411434,0.04121281335770559,13.560607828371433,0.01145932977600246,47.51673283800942,34.8479006361937,True,
2024-04-23 12:43:26.802509568+00:00,2024-04-23,2024,545,gt1l,545_gt1l,POST_BREACH,232,11.516598629945898,11.524691722486663,0.13079101089583367,0.029827818181390242,0.04422272323572917,11.421732676615251,11.713522455290594,0.2917897786753425,0.0028316788904580825,10.238553902513978,0.03543478108780539,47.522540362416684,34.75980668866276,True,
2024-04-23 12:43:26.870109440+00:00,2024-04-23,2024,545,gt2r,545_gt2r,POST_BREACH,1840,11.538990771545839,11.578232804344774,0.1557736301687668,0.10149882114807696,0.15048215223413888,11.41040538082675,11.893875568601931,0.4834701877751808,0.03184840665922994,12.210375702418842,0.012092390942954175,47.516395237694965,34.804883591328824,True,
2024-04-23 12:43:27.130809600+00:00,2024-04-23,2024,545,gt1r,545_gt1r,POST_BREACH,843,11.502237597408083,11.5167792983726,0.12077575325836093,0.03784939957465028,0.0561155198093765,11.385631390946525,11.678022038972939,0.292390648026414,0.0053010331734600095,10.341981280930156,0.03339285644081732,47.522109697628196,34.76101088111428,True,
2024-04-27 12:35:08.945736448+00:00,2024-04-27,2024,609,gt2l,609_gt2l,POST_BREACH,981,6.322404719338827,6.322789818286923,0.13561251737255042,0.04474771604798633,0.06634296381274453,6.246012245424517,6.477679364213884,0.23166711878936752,0.002939576743409073,25.253168189265217,0.012319587276691628,47.47564098519174,34.0308247887145,True,
2024-04-27 12:35:08.988036352+00:00,2024-04-27,2024,609,gt3l,609_gt3l,POST_BREACH,628,6.37540638218635,6.387929673701271,0.13350868744443292,0.03886569228801484,0.0576222753862108,6.296071008454716,6.661199182598005,0.36512817414328946,-0.0013952482579525937,26.71654679523016,0.011662746988723327,47.49185587001445,34.071548290516574,True,
2024-04-27 12:35:09.057636352+00:00,2024-04-27,2024,609,gt1l,609_gt1l,POST_BREACH,443,6.3670015349718625,6.303980070187007,0.16083782679037834,0.02692643126354355,0.039921126991329665,5.966203649561407,6.419084343359538,0.45288069379813134,0.02057218665994163,23.665516353342117,0.011931817999786952,47.45209404729241,33.991126366384194,True,
2024-04-27 12:35:09.301136384+00:00,2024-04-27,2024,609,gt2r,609_gt2r,POST_BREACH,3645,6.342062906320059,6.33650734764431,0.12482447247159816,0.030229602008606804,0.04481840793796044,6.280317895456162,6.4400183822926165,0.15970048683645466,0.0046000013929215836,25.188175401649353,0.011418732437343636,47.48125895294645,34.03124982892892,True,
2024-04-27 12:35:09.337536256+00:00,2024-04-27,2024,609,gt3r,609_gt3r,POST_BREACH,2454,6.3547820159245045,6.3637343156294,0.12634065942532338,0.04193014861331257,0.06216563833409721,6.255027828794995,6.622201351116325,0.3671735223213295,-0.0017403519415619133,26.702926786087364,0.014387754594184914,47.49087307855553,34.07295189995291,True,
2024-04-27 12:35:09.476936448+00:00,2024-04-27,2024,609,gt1r,609_gt1r,POST_BREACH,1704,6.336115199288177,6.293187659993135,0.1266753526026285,0.02776432217493152,0.041163384056553474,5.992115764097695,6.395574594963098,0.4034588308654028,0.016826489679782293,22.967685946985654,0.010088235101498226,47.45994844854132,33.99119171473486,True,
2024-04-30 00:40:36.642080256+00:00,2024-04-30,2024,645,gt3l,645_gt3l,POST_BREACH,256,11.973281448757978,12.063652028899313,0.323905142487798,0.10746135777560006,0.15932220903810465,11.524483714346793,12.642363114405747,1.1178794000589534,0.05650185274259349,17.036024568028605,0.03003046401863685,47.58200758731204,35.265445262368985,False,range_too_large|slope_too_steep
2024-04-30 00:40:36.953980160+00:00,2024-04-30,2024,645,gt3r,645_gt3r,POST_BREACH,814,11.9990299788556,12.062705129444034,0.2964880671043539,0.10918510956554783,0.16187784344188122,11.49521841647742,12.667749546505169,1.1725311300277497,0.056658601640471554,17.374827628594012,0.01604938248379363,47.58893064918894,35.26533704208661,False,range_too_large|slope_too_steep
2024-04-30 00:40:37.398480384+00:00,2024-04-30,2024,645,gt2l,645_gt2l,POST_BREACH,49,11.573491636364519,11.583495103609957,0.054421573366312814,0.02813760713710778,0.04171681634147599,11.532309202207141,11.676268374970654,0.14395917276351256,0.05183145750903472,2.274740703460259,0.022079919978063935,47.559408222761164,35.30546366300796,False,slope_too_steep
2024-04-30 00:40:37.693680384+00:00,2024-04-30,2024,645,gt2r,645_gt2r,POST_BREACH,24,11.450210971233506,11.488613406597592,0.12947930857479512,0.013708906853693748,0.020324825301286348,11.417078705922043,11.713988278718617,0.29690957279657404,0.05183962102372617,7.092521386404126,0.04499999899417162,47.51958530041259,35.298562726845624,False,slope_too_steep
2024-05-01 12:26:50.206860800+00:00,2024-05-01,2024,669,gt3l,669_gt3l,POST_BREACH,77,2.0031728745181177,2.3599039951796357,1.7510520436061352,0.02723132198681455,0.04037315797765125,1.9457462879278247,2.1717009799253058,0.22595469199748108,-1.1703590360225746,4.750039300328519,0.015714285363044058,46.794039475542014,33.39077965760146,False,slope_too_steep
2024-05-01 12:26:50.541160704+00:00,2024-05-01,2024,669,gt3r,669_gt3r,POST_BREACH,353,1.9211716108541346,2.888769235027029,2.7462796245619425,0.028720926094848664,0.04258164502822263,1.8621633505270232,10.589806309699645,8.727642959172622,-1.8365973106308424,4.879195990900297,0.03293504770118016,46.791956942099866,33.39219088155456,False,range_too_large|slope_too_steep
2024-05-04 00:32:15.430002688+00:00,2024-05-04,2024,705,gt1l,705_gt1l,POST_BREACH,115,10.18139167534071,10.18677066654228,0.13064445706274705,0.09259313099990152,0.13727857602045399,10.014261913534648,10.363954868281882,0.3496929547472334,-0.02445597892299469,9.451783510305948,0.077272727238861,47.579725832885615,34.556639182125444,True,
2024-05-04 00:32:15.500402688+00:00,2024-05-04,2024,705,gt2l,705_gt2l,POST_BREACH,214,9.837279536406612,9.761630795708363,0.17479765974765527,0.08007861329352117,0.11872455206897449,9.502970928162998,9.929397685938477,0.426426757775479,0.032843214499261884,11.934360771741744,0.03214285655745438,47.56545637673706,34.51153234169357,True,
2024-05-04 00:32:15.653702656+00:00,2024-05-04,2024,705,gt3l,705_gt3l,POST_BREACH,358,8.988170775598377,9.042777594619821,0.2206210273693821,0.04873539623459244,0.07225509845740676,8.828395147472643,9.715371023290164,0.8869758758175212,0.07749267656222732,11.963091528959882,0.01781812231654728,47.53193162093465,34.46368752351614,False,slope_too_steep
2024-05-04 00:32:15.755802880+00:00,2024-05-04,2024,705,gt1r,705_gt1r,POST_BREACH,495,10.102966970481429,10.121439718881131,0.1268403593086238,0.08414582204484233,0.12475459576368324,9.912982206317773,10.281422923433185,0.36844071711541204,-0.009341967246970301,9.647891008959459,0.08244897945955092,47.57854704692229,34.55531371513709,True,
2024-05-04 00:32:15.972902656+00:00,2024-05-04,2024,705,gt3r,705_gt3r,POST_BREACH,1459,8.916879082013924,9.015152843632368,0.29338506406162773,0.06903328983914392,0.10234875551551477,8.75580112796858,9.735876571683747,0.9800754437151671,0.08817261913425001,12.156927940004122,0.012889641755202439,47.53750838898189,34.46331286684463,False,slope_too_steep
2024-06-24 09:47:21.389658880+00:00,2024-06-24,2024,105,gt1l,105_gt1l,POST_BREACH,54,8.710317405685222,8.736130953022284,0.10425104261366712,0.044074584695714236,0.06534497926986592,8.590282845127456,8.931186509385487,0.34090366425803076,-0.022380770933424814,9.848339442484091,0.047528853895617465,47.56995971578336,34.51002436143681,True,
2024-06-24 09:47:21.735759104+00:00,2024-06-24,2024,105,gt1r,105_gt1r,POST_BREACH,164,8.723156008251898,8.745783865068583,0.100503226693191,0.045019216688483965,0.06674549066234632,8.58861616143744,8.915708626668872,0.3270924652314324,-0.0202789942996551,9.830930433788925,0.02520790343282756,47.568979277568204,34.51132792527832,True,
2024-06-24 09:47:21.761858816+00:00,2024-06-24,2024,105,gt2l,105_gt2l,POST_BREACH,22,9.302570320396612,9.298702931122552,0.14445667889379624,0.07832311346193244,0.11612184801866103,9.084255398653927,9.477567601036075,0.39331220238214826,-0.03147994087040458,6.335352272155325,0.0499999993480742,47.58042316776716,34.551149764506086,True,
2024-06-24 09:47:21.915758848+00:00,2024-06-24,2024,105,gt3l,105_gt3l,POST_BREACH,6,9.799061378771498,9.777777175272961,0.07441470363352813,0.016004400663737428,0.02372812442405711,9.669185336730902,9.825721849743584,0.15653651301268212,-0.23546200030780137,0.649911883170752,0.08899864554405212,47.567360130275254,34.59566756290641,False,too_few_points|track_too_short
2024-06-24 09:47:21.962558976+00:00,2024-06-24,2024,105,gt3r,105_gt3r,POST_BREACH,72,9.37780843334817,9.476617148942537,0.24155809604234244,0.13182941162913764,0.19545028568135944,9.251560607454865,9.807653648648731,0.5560930411938667,-0.09368348383407729,7.976597967377593,0.06500000027673584,47.58594601419192,34.594111625422244,False,slope_too_steep
2024-06-28 09:39:10.668900864+00:00,2024-06-28,2024,165,gt1l,165_gt1l,POST_BREACH,322,1.997436323007923,2.0357923096494948,0.12503912214780977,0.03176673913198513,0.04709736743708116,1.9408674484569457,2.4043471574386657,0.46347970898172,-0.012763685565159909,4.918060795294404,0.007187499839346856,47.06920544357116,33.76990606228273,True,
2024-06-28 09:39:11.003501056+00:00,2024-06-28,2024,165,gt2l,165_gt2l,POST_BREACH,432,2.8562568556852774,2.8320221482682837,0.22209436366883936,0.03457846549436461,0.05126603294194496,2.2384408753905665,3.0138978861843495,0.775457010793783,0.03110280149742263,12.959219336396385,0.06395348726750114,47.14385530700297,33.801924321939616,True,
2024-06-28 09:39:11.080201216+00:00,2024-06-28,2024,165,gt1r,165_gt1r,POST_BREACH,86,2.0203033263470473,2.1926217212133183,1.1256055796891058,0.037326826536400404,0.055340753022867235,1.9533478970108478,2.4239012678522167,0.47055337084136895,0.4137087492892277,16.09208698614511,0.026874999166466296,47.06903879987703,33.771039969309534,False,slope_too_steep
2024-06-28 09:39:11.497401088+00:00,2024-06-28,2024,165,gt2r,165_gt2r,POST_BREACH,137,2.8950659792849898,2.855201274932602,0.1602687474704411,0.02509122282390308,0.03720024695871871,2.436997950184444,2.9853023102755913,0.5483043600911475,0.03214691679665298,11.895368691217474,0.07762355917561663,47.145828219091996,33.80280546188922,True,
2024-06-28 09:39:11.764801024+00:00,2024-06-28,2024,165,gt3l,165_gt3l,POST_BREACH,302,2.906536357745896,2.97636944193131,0.17280713729033043,0.04468267067383813,0.06624652754103241,2.8261056385106382,3.2647534436259646,0.4386478051153264,-0.02665088611640535,8.472007492594885,0.11016666541496913,47.1664057684692,33.84109315876233,True,
2024-06-28 09:39:12.228201216+00:00,2024-06-28,2024,165,gt3r,165_gt3r,POST_BREACH,81,2.914618859593755,2.9644631888545225,0.12489817387271653,0.03420561063742866,0.050713238331051735,2.8609568891184516,3.196270209336369,0.33531332021791727,-0.03516640968649953,7.634746571527623,0.10124999936670065,47.16847644072368,33.84189989479863,True,
2024-07-04 21:35:57.201814784+00:00,2024-07-04,2024,265,gt2l,265_gt2l,POST_BREACH,9,13.098154669963193,13.705396389288858,1.2242686615195129,0.005657064171131765,0.008387163340119954,13.081813158961625,15.916709077322668,2.8348959183610436,-0.08132842287662398,33.73593178593024,,47.54517165579385,34.249197372197656,False,too_few_points|range_too_large|slope_too_steep
2024-07-04 21:35:57.209815040+00:00,2024-07-04,2024,265,gt3l,265_gt3l,POST_BREACH,849,6.763866512431882,8.238206882118163,2.7906821049463844,0.07333387868497354,0.10872480853834177,6.3764294276424405,13.333581261241456,6.957151833599015,-0.2718997276696997,31.663199461560588,0.023454101153659285,47.47783138046555,34.19638259740679,False,range_too_large|slope_too_steep
2024-07-04 21:35:57.547315200+00:00,2024-07-04,2024,265,gt2r,265_gt2r,POST_BREACH,3,13.05723060365775,13.055639097672701,0.0055847861997689405,0.0030247802334599783,0.0044845391741277635,13.050211235288,13.059952905867863,0.009741670579863637,0.14933180805071988,0.06974740735123261,,47.61229918475533,34.25744534010333,False,too_few_points|track_too_short
2024-07-04 21:35:57.723715072+00:00,2024-07-04,2024,265,gt1l,265_gt1l,POST_BREACH,856,6.696149332099402,6.702283514793552,0.2097760861248552,0.12334026823332422,0.18286428168272648,6.425749190408841,7.170729961667379,0.7449807712585379,0.03923037670397606,15.567660953932176,0.03880413806187772,47.50567695338509,34.286690756167694,True,
2024-07-04 21:35:58.069214976+00:00,2024-07-04,2024,265,gt1r,265_gt1r,POST_BREACH,169,6.795773034783778,6.808151934147912,0.2451754728461268,0.17380135041226907,0.2576778821212301,6.51818294777784,7.231493063723808,0.7133101159459683,0.03181815806630366,15.480975660312536,0.1728105048852912,47.50571225704169,34.28557151607226,True,
2024-07-04 21:35:58.989915136+00:00,2024-07-04,2024,265,gt3r,265_gt3r,POST_BREACH,423,5.902672308489834,6.806600835560596,2.324079578248346,0.15608631201465073,0.23141356619292117,5.656036252924654,13.420187813289505,7.764151560364851,-0.3407930004127642,21.302884284625634,0.01845323282787554,47.44737393549395,34.19088050225997,False,range_too_large|slope_too_steep
2024-07-08 21:27:37.439681024+00:00,2024-07-08,2024,325,gt1l,325_gt1l,POST_BREACH,74,0.8479582987518945,0.871102340086139,0.0843792466194605,0.02216130656170634,0.03285635310838582,0.7747610124000561,1.03657282175517,0.26181180935511383,-0.06317678131586459,3.5520706143195357,0.007857142681522029,46.8280474731012,33.44473118703658,False,slope_too_steep
2024-07-08 21:27:37.762580992+00:00,2024-07-08,2024,325,gt2l,325_gt2l,POST_BREACH,255,0.8686590256974576,0.9661322725710941,1.1746519892054426,0.04192238778427182,0.0621541321289614,0.6248533123298141,1.0214077720464552,0.39655445971664105,-0.15855490375221273,5.531754454844239,0.010399999655783176,46.798118489795336,33.39783800868923,False,slope_too_steep
2024-07-08 21:27:37.798181120+00:00,2024-07-08,2024,325,gt1r,325_gt1r,POST_BREACH,25,0.852845375239518,0.9005406645778226,0.09728878463281099,0.026773488521065758,0.03969437408133209,0.7969271854763683,1.0568155106457375,0.2598883251693692,-0.05761016940797057,3.4978444942933433,0.03750000009313226,46.82754882333058,33.44343894045829,False,slope_too_steep
2024-07-08 21:27:38.125281024+00:00,2024-07-08,2024,325,gt2r,325_gt2r,POST_BREACH,52,0.8102881960890542,1.7885434699705023,3.0626179944677445,0.043523164644518886,0.0645274439019637,0.6842678606184579,11.084841250598393,10.400573389979934,-0.9088578846488803,6.190991117668948,0.009999999776482582,46.7960661058865,33.39634122202967,False,range_too_large|slope_too_steep
2024-07-23 08:23:13.976393728+00:00,2024-07-23,2024,545,gt3l,545_gt3l,POST_BREACH,729,9.821586044395367,9.936345269257053,0.4048499838679493,0.34736406695675015,0.5150019656700777,9.441017524920138,10.566758461267089,1.1257409363469506,0.08915105007765263,12.577972892430896,0.04325621801751713,47.51513704334061,34.830685794528975,False,mad_too_large|range_too_large|slope_too_steep
2024-07-23 08:23:14.219593472+00:00,2024-07-23,2024,545,gt2l,545_gt2l,POST_BREACH,767,9.598886056837014,9.604820044021288,0.18302414903691325,0.10966501075377622,0.1625893449435486,9.384734398627801,10.001638561698377,0.6169041630705756,0.024955878600644556,11.688061854032116,0.021803005565700972,47.523064483207115,34.78644401052057,True,
2024-07-23 08:23:14.314393600+00:00,2024-07-23,2024,545,gt3r,545_gt3r,POST_BREACH,181,9.80373100905269,9.770593132765057,0.24920475830567523,0.21388462062986235,0.3171053385458339,9.421974372829197,10.194199961635498,0.7722255888063003,0.06516409500120092,11.098773803666313,0.017222221268133983,47.49617790343364,34.83453217335974,False,slope_too_steep
2024-07-23 08:23:14.560193536+00:00,2024-07-23,2024,545,gt2r,545_gt2r,POST_BREACH,216,9.614433636679586,9.636077151574002,0.19715992702541354,0.0958109008307364,0.14204924157164978,9.423714253907741,10.08940071035403,0.6656864564462879,0.03200579045160792,11.478832437727457,0.03379891844707782,47.51874693344784,34.78828060167837,True,
2024-07-23 08:23:15.038793472+00:00,2024-07-23,2024,545,gt1r,545_gt1r,POST_BREACH,61,10.107660381743411,10.046023049387713,0.20778039721687158,0.0812358879360211,0.12044032745394488,9.678754943711482,10.292024349653868,0.6132694059423862,-0.03404042723974068,8.578637576007399,0.046666665778805815,47.546893273500274,34.74123372006624,True,
2024-07-27 08:14:50.706270720+00:00,2024-07-27,2024,609,gt1l,609_gt1l,POST_BREACH,653,3.2434332269413133,3.2476183816213013,0.41112392385009033,0.2685978388361008,0.398223155858403,2.6550885415216583,3.883410212524738,1.2283216710030795,0.01054015403668867,26.573748725271134,0.15646153589567313,47.434460343392075,33.977104677415404,False,mad_too_large|range_too_large
2024-07-27 08:14:51.115070720+00:00,2024-07-27,2024,609,gt1r,609_gt1r,POST_BREACH,184,3.225991884389156,3.2894391887137666,0.4179032238843128,0.2980229571077082,0.4418488362078882,2.701388679212435,4.021920977350468,1.320532298138033,-0.0038751706591891575,26.120583802551373,0.20611110862551463,47.431421965651914,33.978713916027594,False,mad_too_large|range_too_large
2024-07-27 08:14:51.252670720+00:00,2024-07-27,2024,609,gt2l,609_gt2l,POST_BREACH,20,4.01843333001827,4.027540888949065,0.04271185911619202,0.005328551476788235,0.007900110419486236,3.9868407761274485,4.059969687011096,0.07312891088364726,-0.10497094667785035,0.5523377733869401,0.009999999776482582,47.329072156390346,34.03536662632624,False,track_too_short
2024-07-27 08:14:51.406870784+00:00,2024-07-27,2024,609,gt3l,609_gt3l,POST_BREACH,372,4.018346105061074,4.053025436366355,0.3016035747298143,0.12714368377568164,0.18850322556582558,3.575400032992392,4.698156916796637,1.1227568838042448,0.0019044503118520403,26.720374013371604,0.04787373518866431,47.46934690145543,34.05845569319362,False,range_too_large
2024-07-27 08:14:51.624370688+00:00,2024-07-27,2024,609,gt2r,609_gt2r,POST_BREACH,9,4.113143837788165,8.966538950794567,5.838763652847684,0.10178242770528101,0.1509026273158496,4.01429957385035,15.2207734273682,11.206473853517851,0.4188460694176491,26.823258259063728,,47.43543594637746,34.02148526644185,False,too_few_points|range_too_large|slope_too_steep
2024-07-27 08:14:51.759970816+00:00,2024-07-27,2024,609,gt3r,609_gt3r,POST_BREACH,136,4.030453815617202,4.010777080798732,0.3107647459398684,0.2320506416571284,0.34403828132085856,3.5027616710388587,4.541600365691426,1.0388386946525676,-0.004524794042083497,26.68134818403614,0.05653845934340587,47.47471348286975,34.05888557540351,False,range_too_large
2024-07-29 20:20:09.629136640+00:00,2024-07-29,2024,645,gt3l,645_gt3l,POST_BREACH,114,10.90445319252895,10.9888674159585,0.34627013232609677,0.12202808903863982,0.1809188448086874,10.511544293489544,11.666738298845143,1.1551940053555985,0.026475751736666987,12.09049242834515,0.18909090147777038,47.53816562381872,35.275406948930446,False,range_too_large
2024-07-29 20:20:10.081036544+00:00,2024-07-29,2024,645,gt3r,645_gt3r,POST_BREACH,35,11.504136647624087,11.3049301773034,0.59427436152681,0.40819207397238344,0.6051855688714557,10.40326346713481,11.963603829093353,1.5603403619585432,-0.050618658247840564,9.97483028498812,0.5649999876817068,47.554772624767104,35.276588971185845,False,mad_too_large|range_too_large|stdev_too_large|slope_too_steep
2024-07-29 20:20:10.178936832+00:00,2024-07-29,2024,645,gt2l,645_gt2l,POST_BREACH,23,10.925811813499259,11.032638612853692,0.21352819682869867,0.05894499049526303,0.08739184290827696,10.861880224802313,11.471502718631497,0.6096224938291837,-0.16741709355824066,3.345654743505935,0.10499999672174454,47.544052771082555,35.319458811147435,False,slope_too_steep
2024-07-29 20:20:10.533836544+00:00,2024-07-29,2024,645,gt2r,645_gt2r,POST_BREACH,9,10.79889121969909,10.794906139082364,0.1292112114962236,0.0748067614546919,0.1109085045327262,10.637782772212423,10.98284222097104,0.34505944875861694,0.08044765100727695,3.3435578932766425,0.2418181449174881,47.53533761494523,35.316979885600276,False,too_few_points|slope_too_steep
2024-07-31 08:06:19.647950080+00:00,2024-07-31,2024,669,gt3l,669_gt3l,POST_BREACH,174,0.34866521706692133,0.3611879927008072,0.0635431503853081,0.018288367816476025,0.027114334124707352,0.28986512366987255,0.5235047019119274,0.2336395782420549,-0.0001528591865064549,2.3143667491383373,0.008823529214543454,46.7872910128575,33.37548873710442,True,
2024-07-31 08:06:19.998350080+00:00,2024-07-31,2024,669,gt3r,669_gt3r,POST_BREACH,38,0.4177347839565737,0.42987673597910847,0.07739585704126839,0.07217738557097597,0.10701019184752897,0.31021480537846136,0.5547890919833621,0.24457428660490077,-0.0067415999405581635,2.3671527058154114,0.030005184982560183,46.78796372972605,33.37653566269966,True,
2024-08-02 20:11:57.705317376+00:00,2024-08-02,2024,705,gt1l,705_gt1l,POST_BREACH,63,7.858987678134177,8.020431446673891,0.28595820028334656,0.11726379103515683,0.1738552965887235,7.725781211735827,8.494513329820629,0.7687321180848024,0.0917117152369539,8.142936822231114,0.10666666552424431,47.565417388057135,34.5871275581522,False,slope_too_steep
2024-08-02 20:11:57.743717376+00:00,2024-08-02,2024,705,gt2l,705_gt2l,POST_BREACH,256,7.480656900477211,7.472342420590588,0.1749548475341941,0.05249846539128811,0.07783422478912375,7.239789807193504,7.808667690462063,0.5688778832685593,-0.010560096276184453,7.892875007276377,0.037682446047256235,47.567950418871234,34.54440524881214,True,
2024-08-02 20:11:58.039917568+00:00,2024-08-02,2024,705,gt1r,705_gt1r,POST_BREACH,28,8.468836489882625,8.37884238470077,0.3377275256500076,0.2974451114931078,0.4409921222996816,7.905413773565579,8.846021025979159,0.9406072524135798,0.08896892049098089,8.263199831432603,0.30302654579281807,47.57328229494872,34.58714277733997,False,mad_too_large|slope_too_steep
2024-08-02 20:11:58.219317504+00:00,2024-08-02,2024,705,gt3r,705_gt3r,POST_BREACH,98,7.7774329975881145,7.714579021199911,0.2965705020017325,0.07015452369901354,0.10401109683615746,7.06459490642227,8.082508550837725,1.0179136444154544,0.018192462830178054,9.666994887098546,0.12245056523504305,47.57424843514105,34.501050704067666,False,range_too_large
2024-08-02 20:11:58.342817536+00:00,2024-08-02,2024,705,gt2r,705_gt2r,POST_BREACH,44,7.566969193703029,7.716633113518004,0.3286764775727668,0.08745917334523234,0.12966697040164146,7.443846466002943,8.378138351451888,0.9342918854489453,0.05953548279521673,6.020903896651947,0.1662499939557165,47.562979299325235,34.54251199780474,False,slope_too_steep
2024-08-06 20:03:53.542398464+00:00,2024-08-06,2024,769,gt1l,769_gt1l,POST_BREACH,8,1.253336066652027,1.2492195087115725,0.02931926457557317,0.016249684467382508,0.024091782191341306,1.2064109099854188,1.2833316324161974,0.07692072243077863,0.09282427947063293,0.21084873494377232,0.12282507866621017,47.049198641549836,33.73509402636186,False,too_few_points|track_too_short
2024-08-06 20:03:53.572398336+00:00,2024-08-06,2024,769,gt2l,769_gt2l,POST_BREACH,118,0.6046831294041386,0.7177935369302708,0.22457184578915376,0.0824565298146247,0.12225005110316257,0.5186867301696058,1.2801465856163496,0.7614598554467439,0.004934836639082209,16.1279077413953,0.09497650346513521,46.96947640277357,33.68136699052403,True,
2024-08-06 20:03:53.904298496+00:00,2024-08-06,2024,769,gt1r,769_gt1r,POST_BREACH,3,1.316008887814636,1.3291716296286644,0.03161654689995797,0.009745931511378814,0.014449318058770227,1.307237549454395,1.3603196290727535,0.053082079618358424,0.1199308299374236,0.0980075920162618,,47.049001854860116,33.73397270197929,False,too_few_points|track_too_short
2024-08-06 20:03:53.926798336+00:00,2024-08-06,2024,769,gt2r,769_gt2r,POST_BREACH,45,0.7965412680542769,1.007266258395304,0.9005867207672625,0.1339371631167232,0.1985752380368538,0.5498040728850839,1.7105430916582063,1.1607390187731224,-0.06093634348001851,20.518500763024953,0.17124999314546585,46.973760453968026,33.68083775171265,False,range_too_large|slope_too_steep
2024-08-06 20:03:54.418798336+00:00,2024-08-06,2024,769,gt3l,769_gt3l,POST_BREACH,552,0.6367098079813012,0.7556620666193201,0.30010191233126543,0.20968169111175783,0.31087407524229216,0.41527781065399516,1.1971749687268558,0.7818971580728606,-0.010632634657457713,18.79277610048752,0.026105230125910185,46.894926682280385,33.62851464262697,True,
2024-08-06 20:03:54.778298368+00:00,2024-08-06,2024,769,gt3r,769_gt3r,POST_BREACH,136,0.6365383269764724,0.7676966046004341,0.2841328673268307,0.15465194012006478,0.22928696642200802,0.47772982782587015,1.1565144702852699,0.6787846424593997,0.004638560478523069,18.52953615407556,0.03346153857329717,46.8893761455383,33.626644342941944,True,
2024-08-21 06:59:12.460838912+00:00,2024-08-21,2024,989,gt1l,989_gt1l,POST_BREACH,61,10.128552241294415,10.109479027740223,0.3768273938858746,0.15795867756812498,0.2341895353625021,9.563466684625972,10.81609314453452,1.252626459908548,0.015090202323070847,16.988902451233574,0.1783333271741867,47.47855516259795,35.00922232742127,False,range_too_large
2024-08-21 06:59:12.833739008+00:00,2024-08-21,2024,989,gt1r,989_gt1r,POST_BREACH,14,9.471192606826312,9.65280183021731,0.2978157367144296,0.08505369866571755,0.12610061364179284,9.387834090116034,10.16177515365584,0.773941063539807,0.015664680369419762,16.58356144097629,0.07500000298023224,47.45180510086628,35.014274644220556,False,too_few_points
2024-08-21 06:59:13.071139072+00:00,2024-08-21,2024,989,gt3l,989_gt3l,POST_BREACH,17,10.040761791602826,10.092380333614997,0.22540295430825488,0.12781352834036142,0.1894963371174198,9.828616781593599,10.492946472787924,0.6643296911943253,0.10779447089807741,3.9745581520180817,0.24704492793363683,47.479424923597136,35.09531882974244,False,too_few_points|slope_too_steep
2024-08-21 06:59:13.426039040+00:00,2024-08-21,2024,989,gt2l,989_gt2l,POST_BREACH,84,10.370126359361132,10.375964401772931,0.09272853082939278,0.014298176049026168,0.021198475810286194,10.318885178567875,10.457400519282196,0.1385153407143207,0.004859068155611034,12.845649191208341,0.08018205811580022,47.578051365627154,35.03820463784699,True,
2024-08-21 06:59:13.492538880+00:00,2024-08-21,2024,989,gt3r,989_gt3r,POST_BREACH,2,9.840128941889711,9.840128941889711,0.20201699143942148,0.14284758456171964,0.21178582887120553,9.711566115784164,9.968691767995258,0.2571256522110943,,,,47.469061407792104,35.097971821682066,False,too_few_points
2024-08-21 06:59:13.653839104+00:00,2024-08-21,2024,989,gt2r,989_gt2r,POST_BREACH,11,10.379272680841154,10.289846609281769,0.21316630935721997,0.023146934877534164,0.03431764564943215,9.86129896594122,10.414666393406682,0.5533674274654619,0.03346794160232823,13.062365168649388,0.4261207804083824,47.57622180427948,35.03966356372096,False,too_few_points
2024-08-25 06:51:06.660018944+00:00,2024-08-25,2024,1049,gt2l,1049_gt2l,POST_BREACH,748,6.134169466544595,6.828411027319741,2.363169089543055,0.10029437619841453,0.14869644215176936,5.811742290228527,12.650846301990969,6.8391040117624415,-0.08674226802560965,21.97649844464443,0.035251327183586985,47.525073149298606,34.267081867129654,False,range_too_large|slope_too_steep
2024-08-25 06:51:06.899218944+00:00,2024-08-25,2024,1049,gt1l,1049_gt1l,POST_BREACH,221,5.498649370610561,5.674472683301051,1.153563801697577,0.09366874015714544,0.1388732741569838,5.1709888990385515,6.091466527207839,0.9204776281692872,0.1961207091933551,20.908353627521183,0.1072706932108424,47.48227413509471,34.23022815723674,False,slope_too_steep
2024-08-25 06:51:06.994718976+00:00,2024-08-25,2024,1049,gt3l,1049_gt3l,POST_BREACH,202,6.0307331021962955,6.118815921215273,0.2343622462373743,0.12853621057495168,0.19056778579842334,5.870269979948447,6.55571679020537,0.6854468102569227,0.0046339256529003905,14.71953379369659,0.05524999899789691,47.5225077066803,34.31045447900238,True,
2024-08-25 06:51:07.023319040+00:00,2024-08-25,2024,1049,gt2r,1049_gt2r,POST_BREACH,219,6.154922578238406,6.645862547631626,2.072578439472163,0.11573716647903609,0.1715919230218189,5.9093820068967515,12.678939305359298,6.769557298462547,-0.07864469518260248,21.796481828592782,0.03613392157595979,47.51789557919377,34.2693017106706,False,range_too_large|slope_too_steep
2024-08-25 06:51:07.245518848+00:00,2024-08-25,2024,1049,gt1r,1049_gt1r,POST_BREACH,75,5.547975877598027,5.697128411997717,1.286162825649222,0.1346597245827681,0.19964650766641195,4.932595978268582,6.123288870186407,1.1906928919178252,0.1656416484926758,12.281357446602787,0.022857141947107657,47.486747553928325,34.23073056705649,False,range_too_large|slope_too_steep
2024-08-25 06:51:07.339019008+00:00,2024-08-25,2024,1049,gt3r,1049_gt3r,POST_BREACH,59,6.117844011064406,6.217084894173958,0.20893761517768628,0.12247111009692091,0.18157566782969492,6.00034091646235,6.609282990241334,0.6089420737789837,-0.015154071912532577,14.693979866884787,0.13377559039804895,47.51924351573338,34.31211930588773,True,
2024-09-04 18:39:35.256047360+00:00,2024-09-04,2024,1209,gt2l,1209_gt2l,POST_BREACH,15,4.112690125726992,4.169164402835879,0.317765647005705,0.09217228936947208,0.1366546362191793,3.8902288235057996,4.792918062467599,0.9026892389617998,-0.005495525947564276,21.828085500794106,0.09000000357627869,47.47560392029031,34.01210547044116,False,too_few_points
2024-09-04 18:39:35.438147072+00:00,2024-09-04,2024,1209,gt1l,1209_gt1l,POST_BREACH,2,6.213579502680714,6.213579502680714,0.04329856609520608,0.030616709701574152,0.045392333803553835,6.186024463949297,6.241134541412131,0.05511007746283347,,,,47.54342493932798,34.06427148066884,False,too_few_points
2024-09-04 18:39:35.610247168+00:00,2024-09-04,2024,1209,gt3l,1209_gt3l,POST_BREACH,328,3.826921246769574,3.7886565084221697,0.156464917861384,0.06030598592711556,0.08940965473554152,3.6599516995552985,3.917246578756689,0.25729487920139027,0.02216057685806936,28.571940408935447,0.015375858926974191,47.44841470587167,33.96575370932275,True,
2024-09-04 18:39:35.966546944+00:00,2024-09-04,2024,1209,gt3r,1209_gt3r,POST_BREACH,81,3.87188076145625,3.8632239878059647,0.13585162885852853,0.05692507635148658,0.084397118198714,3.776888399920736,3.999334207787257,0.2224458078665208,0.022355277763413076,28.855946107877184,0.01178246863090839,47.44647438418885,33.96437035574732,True,
2024-09-23 05:26:53.087470080+00:00,2024-09-23,2024,105,gt3l,105_gt3l,POST_BREACH,40,15.03894394723076,15.020270178144571,0.23513705685304986,0.15309315878670837,0.22697591721717383,14.534925394166509,15.335912524143543,0.8009871299770346,0.02079981521933305,10.82648581597157,0.2212499938905239,47.50619800222935,34.68526305220877,True,
2024-09-23 05:26:53.451869952+00:00,2024-09-23,2024,105,gt3r,105_gt3r,POST_BREACH,16,9.78412356631111,10.94513788445191,2.375479980945503,0.3618291797165245,0.5364479418477192,9.22904653611354,14.925125104454118,5.696078568340578,-0.5666317530772421,9.428163135767644,0.3699999749660492,47.5421579967589,34.68128931051113,False,too_few_points|mad_too_large|range_too_large|slope_too_steep
2024-09-23 05:26:53.965570048+00:00,2024-09-23,2024,105,gt2l,105_gt2l,POST_BREACH,94,8.146169790488146,8.153601551059518,0.07046046364398342,0.03911273646501279,0.057988543083027956,8.038790772370373,8.278744023878737,0.23995325150836422,0.03151679520974935,4.3475936880321955,0.08222222266097863,47.55801941793888,34.635335030854705,True,
2024-09-23 05:26:54.002370048+00:00,2024-09-23,2024,105,gt1l,105_gt1l,POST_BREACH,153,8.090765615832616,8.076953666604894,0.21139040782897203,0.192241420457421,0.2850171299701723,7.843523456079375,8.48135479225834,0.6378313361789649,0.02430086595930752,8.183724058776523,0.0893333316470186,47.56910093700148,34.59122267447224,True,
2024-09-23 05:26:54.298170112+00:00,2024-09-23,2024,105,gt2r,105_gt2r,POST_BREACH,20,8.148798706781339,8.146944351789296,0.053491349507765865,0.03308372493041212,0.049049930581829,8.043911072389406,8.204782898530393,0.16087182614098694,0.019657417615399735,3.784702091458179,0.10499999672174454,47.55647461991991,34.63669064095256,True,
2024-09-23 05:26:54.344370176+00:00,2024-09-23,2024,105,gt1r,105_gt1r,POST_BREACH,43,8.322591539646357,8.296361844792942,0.28193444332275075,0.29374371999153226,0.4355044392594457,7.96377167324164,8.731288375264453,0.7675167020228137,0.02800882850427181,8.1359187019132,0.06999999983236194,47.56735233009749,34.5926248424039,False,mad_too_large
2024-09-27 05:18:24.181454080+00:00,2024-09-27,2024,165,gt1l,165_gt1l,POST_BREACH,17,1.1326464364360191,1.1352317520524493,0.01584487601284745,0.013131737035486424,0.01946911332881217,1.1181801720173177,1.1575604393840742,0.03938026736675648,0.10901479219193357,0.3519831019488882,0.03981242789065137,47.1499972270488,33.8721583952395,False,too_few_points|track_too_short
2024-09-27 05:18:24.404454144+00:00,2024-09-27,2024,165,gt2l,165_gt2l,POST_BREACH,4,1.2566062105571643,1.2560130126160889,0.0027604768876877818,0.0015880183140470905,0.0023543959524062164,1.2528718218065453,1.2583237263081268,0.005451904501581506,-0.011574509190963046,0.3449107568228364,,47.167598920723655,33.91194887293966,False,too_few_points|track_too_short
2024-09-27 05:18:24.529654272+00:00,2024-09-27,2024,165,gt1r,165_gt1r,POST_BREACH,4,1.1896141620329885,1.1856214300365862,0.022072541007579948,0.012017746319067157,0.017817510692648968,1.1600611127618952,1.2055919225163136,0.04553080975441848,-0.08060619312674772,0.4238846073378533,,47.15053500399235,33.87324077708318,False,too_few_points|track_too_short
2024-09-27 05:18:25.077854464+00:00,2024-09-27,2024,165,gt3l,165_gt3l,POST_BREACH,26,2.5047727488898754,2.6504758331558347,0.28488289515118626,0.19381418994422717,0.2873489180113112,2.321238380919314,3.111362850079604,0.7901244691602898,0.12087163793282418,7.222023616187401,0.24473448785451743,47.24260487658632,33.943735394149144,False,slope_too_steep
2024-09-27 05:18:25.413354496+00:00,2024-09-27,2024,165,gt3r,165_gt3r,POST_BREACH,3,2.737036594785163,2.656240762250995,0.15884732683986438,0.021412346187720033,0.03174594445791372,2.4996167353739613,2.7563077063541113,0.2566909709801499,0.05262069493757711,5.2842236382707135,,47.24397250144417,33.94462041005162,False,too_few_points|slope_too_steep
2024-09-29 17:23:47.750224128+00:00,2024-09-29,2024,205,gt1l,205_gt1l,POST_BREACH,358,9.948092431799997,10.051935453314199,0.4869507788392538,0.07989462399030778,0.1184517695280303,9.497477796598226,10.889285884849777,1.3918080882515511,-0.00828784593644097,19.47960437693466,0.2525421536407907,47.502381590502544,34.983470255664656,False,range_too_large
2024-09-29 17:23:47.984524288+00:00,2024-09-29,2024,205,gt2l,205_gt2l,POST_BREACH,343,9.740185709073266,9.750811134117635,0.34089658443125787,0.1786057298753967,0.2648008551132631,9.356430159311785,10.536599233515636,1.1801690742038513,0.009120463486276976,17.479897947969103,0.12161764182040796,47.47857959621589,34.937004627880995,False,range_too_large
2024-09-29 17:23:48.042224128+00:00,2024-09-29,2024,205,gt3l,205_gt3l,POST_BREACH,253,9.561886878907309,9.586100712983468,0.36856317602053607,0.1025504061566167,0.1520412321677999,9.099447654869431,10.250360773589192,1.1509131187197603,0.013122652913498917,15.993616996980863,0.18719999566674234,47.484077376538345,34.894679290874805,False,range_too_large
2024-09-29 17:23:48.101024256+00:00,2024-09-29,2024,205,gt1r,205_gt1r,POST_BREACH,90,9.983587399056002,10.10725407689588,0.4833077965854129,0.08678649352744472,0.12866965530378954,9.66176040831793,11.247311047455408,1.5855506391374785,-0.0024415132954058497,18.655312661412726,0.1472222146888574,47.51306671517842,34.983846291974636,False,range_too_large
2024-09-29 17:23:48.334324224+00:00,2024-09-29,2024,205,gt2r,205_gt2r,POST_BREACH,81,9.76625456267908,9.832078452984547,0.3923169749356732,0.16860040846451696,0.24996696558949283,9.439169087921744,10.664401649561945,1.2252325616402011,0.011758672804596219,17.317129780228107,0.21312499092891812,47.48063376335081,34.936065025638115,False,range_too_large
2024-09-29 17:23:48.405924352+00:00,2024-09-29,2024,205,gt3r,205_gt3r,POST_BREACH,58,9.521881483057546,9.541380742474624,0.34235812143922156,0.08266195121585973,0.12255460887263363,8.988028759425381,10.168742204253604,1.180713444828223,0.016070695265169698,15.201706777610497,0.20212586590185247,47.48956609420341,34.89424907035105,False,range_too_large
2024-10-03 17:15:22.074308608+00:00,2024-10-03,2024,265,gt2l,265_gt2l,POST_BREACH,330,4.4076609309089605,4.825924578547044,1.8621875642454564,0.16405160230284643,0.24322290557420012,3.9474860720765275,5.20513183967739,1.257645767600862,0.028297400021837116,33.68580401085596,0.03109374930500053,47.5185716032635,34.2452550745354,False,range_too_large
2024-10-03 17:15:22.077108736+00:00,2024-10-03,2024,265,gt3l,265_gt3l,POST_BREACH,110,6.767341599819376,8.50723901844905,3.086709911077989,0.7131743871755738,1.0573523464265056,5.923798929025806,13.128764422393573,7.204965493367767,-0.1491381165589578,31.63345631877912,0.2184138919093779,47.450408677765815,34.19242295933995,False,mad_too_large|range_too_large|slope_too_steep
2024-10-03 17:15:22.417608704+00:00,2024-10-03,2024,265,gt2r,265_gt2r,POST_BREACH,108,4.559808274068738,5.233782101719733,2.121387918453382,0.2838371880987616,0.4208170150752239,3.970174627068304,12.492531861515769,8.522357234447465,0.04984816640329441,33.47196666793094,0.10399999683722853,47.52174494951907,34.24447565624915,False,mad_too_large|range_too_large
2024-10-03 17:15:22.599708672+00:00,2024-10-03,2024,265,gt1l,265_gt1l,POST_BREACH,207,5.936159160514958,6.045329342153768,0.4308296839509759,0.10415367208961968,0.15441823424007012,5.596576522455397,6.692376125656787,1.0957996032013897,0.010131226680585978,15.302628857286594,0.18817297564504515,47.490554743330144,34.284375074975976,False,range_too_large
2024-10-03 17:15:23.162508800+00:00,2024-10-03,2024,265,gt1r,265_gt1r,POST_BREACH,43,5.925443510669741,6.050647188066619,0.49620121191140787,0.08209798879073205,0.12171847818113933,5.637618451333054,6.693967356006297,1.0563489046732428,0.02837113369317806,13.380161953536938,0.09374999674037099,47.489507056786366,34.28303746557812,False,range_too_large
2024-10-03 17:15:23.667608832+00:00,2024-10-03,2024,265,gt3r,265_gt3r,POST_BREACH,16,4.570350727845307,7.623254457333581,4.454148180844041,0.5871986456444649,0.8705807120324836,3.9303896955707387,13.195977051734634,9.265587356163895,-0.4246512474698353,22.578901091373005,0.13499999046325684,47.425541991554695,34.18773094838624,False,too_few_points|mad_too_large|range_too_large|slope_too_steep
2024-10-22 04:02:57.647320576+00:00,2024-10-22,2024,545,gt3l,545_gt3l,POST_BREACH,80,9.929363952537624,9.997592333316705,0.3234431273788866,0.19963845445777828,0.2959839725791021,9.581741680661436,10.584510759669202,1.0027690790077664,0.04293478462145364,12.25679249479368,0.29437498934566975,47.43856256695921,34.95509697662449,False,range_too_large
2024-10-22 04:02:57.832020480+00:00,2024-10-22,2024,545,gt2l,545_gt2l,POST_BREACH,81,9.657439704813104,9.690105019283253,0.3637054367279958,0.35253082759234644,0.5226622049884128,9.20579768231211,10.26161976474986,1.05582208243775,0.05897624701306466,11.288709192799981,0.2712499890476465,47.44332908014802,34.911311212902376,False,mad_too_large|range_too_large|slope_too_steep
2024-10-22 04:02:58.086120704+00:00,2024-10-22,2024,545,gt3r,545_gt3r,POST_BREACH,17,9.884046263343269,9.968389376901722,0.3418627361419382,0.2670712915472073,0.39595989684788957,9.57647852019798,10.519107127367649,0.9426286071696683,0.07142944038945985,9.713764158175364,0.6671633737928727,47.43211669619383,34.95708734727925,False,too_few_points|mad_too_large|stdev_too_large|slope_too_steep
2024-10-22 04:02:58.185320448+00:00,2024-10-22,2024,545,gt2r,545_gt2r,POST_BREACH,20,9.418424137720336,9.53498658153799,0.3077276092293807,0.18204506809358634,0.2699000179555511,9.231066097465522,9.915781912499746,0.6847158150342239,0.061597277696183284,9.153699196684034,0.2749999836087227,47.43896453496376,34.913028342402015,False,slope_too_steep
2024-10-22 04:02:58.219420416+00:00,2024-10-22,2024,545,gt1l,545_gt1l,POST_BREACH,172,10.446970928648609,10.393554933472597,0.43236031847360695,0.031666791277906725,0.04694918474862451,9.348583626234662,11.150198943239252,1.8016153170045897,0.062308516294610365,16.38244820276855,0.15701336914762146,47.51562667001631,34.857862916556286,False,range_too_large|slope_too_steep
2024-10-22 04:02:58.561220608+00:00,2024-10-22,2024,545,gt1r,545_gt1r,POST_BREACH,45,10.437814973711511,10.121366957777697,0.5667698465563461,0.11223295195829763,0.16639657457337206,9.29991382480159,10.692228226043383,1.3923144012417925,0.08434230184975341,14.240446546992146,0.14374999422580004,47.490471818494015,34.862573905955514,False,range_too_large|slope_too_steep
2024-10-26 03:54:28.132297472+00:00,2024-10-26,2024,609,gt3l,609_gt3l,POST_BREACH,6,5.60143786379478,5.647515997566527,0.25070005514124405,0.15320840338115715,0.22714677885290357,5.373838823998411,5.9899815430652845,0.6161427190668736,0.06563325932156724,2.942848704339041,0.4957670271396637,47.47138643516962,34.171919695204615,False,too_few_points|slope_too_steep
2024-10-28 15:59:49.997861120+00:00,2024-10-28,2024,645,gt3l,645_gt3l,POST_BREACH,8,13.541074754360245,13.266153530257132,0.8295706350733489,0.6324135768238062,0.9376163689989749,12.165478504956425,14.232180675443827,2.0667021704874013,0.21776847337178695,10.033058325154606,2.168026924133301,47.61321088950998,35.17219482273266,False,too_few_points|mad_too_large|range_too_large|stdev_too_large|slope_too_steep
2024-10-28 15:59:51.146161152+00:00,2024-10-28,2024,645,gt2l,645_gt2l,POST_BREACH,8,12.11154721139146,12.148919459658025,2.481882770729266,2.2716207902856667,3.367904983677529,9.812966622602827,14.628795193517206,4.815828570914379,0.3305793329891767,14.980251566144448,,47.51587844861089,35.201725249442596,False,too_few_points|mad_too_large|range_too_large|slope_too_steep
2024-10-28 15:59:52.347261184+00:00,2024-10-28,2024,645,gt1l,645_gt1l,POST_BREACH,13,9.735320997318503,9.742430717976196,0.03682771470398583,0.024775586979298936,0.0367322852555086,9.696963748310647,9.797427353935438,0.10046360562479073,0.10125364361147562,0.7066720109392978,0.009999999776482582,47.504749486111216,35.24338823854111,False,too_few_points|track_too_short
2024-10-28 15:59:52.785961216+00:00,2024-10-28,2024,645,gt1r,645_gt1r,POST_BREACH,7,9.751557571017756,9.755533921742625,0.01742948260240877,0.011845132644431544,0.017561593658634207,9.737539954873336,9.779521867292424,0.041981912419087664,-0.15588482764973186,0.23692293550001972,,47.502207347019784,35.241882445176444,False,too_few_points|track_too_short
2024-10-28 15:59:53.563761152+00:00,2024-10-28,2024,645,gt3r,645_gt3r,POST_BREACH,2,9.781890888064401,9.781890888064401,0.020436498649837778,0.014450786779010016,0.02142473647856025,9.768885179963291,9.79489659616551,0.02601141620221803,,,0.23300772905349731,47.457104702123246,35.1489453355685,False,too_few_points
2024-10-28 15:59:53.596261376+00:00,2024-10-28,2024,645,gt2r,645_gt2r,POST_BREACH,1,9.82903947121319,9.82903947121319,,0.0,0.0,9.82903947121319,9.82903947121319,0.0,,,,47.45344291033569,35.191634464878604,False,too_few_points
2024-10-30 03:46:01.212773120+00:00,2024-10-30,2024,669,gt1l,669_gt1l,POST_BREACH,120,0.5261650507200759,0.5209925579378758,0.06446590537978886,0.019755379802871786,0.02928932609573771,0.45189871383008756,0.5711668258587522,0.11926811202866466,0.00808543921920428,3.9106488389019725,0.015416666554907957,46.81075190946462,33.40035186699854,True,
2024-10-30 03:46:01.567973120+00:00,2024-10-30,2024,669,gt1r,669_gt1r,POST_BREACH,28,0.5504532655130152,0.5484009263335453,0.03825779458695634,0.018517070890917253,0.02745340930287392,0.5006262437971184,0.5885363734107036,0.08791012961358524,0.0054587183134420045,3.907977129340579,0.028203145866947516,46.811528993749995,33.40129803136137,True,
2024-10-30 03:46:01.639273216+00:00,2024-10-30,2024,669,gt3l,669_gt3l,POST_BREACH,67,0.5799579444302765,0.5755658670163627,0.054143525860006085,0.022601525606475548,0.033509021864160646,0.5190277762439187,0.6488835070330345,0.12985573078911583,-0.01331391881540913,3.428242978088512,0.13809671353048353,46.83729253636003,33.48206854029437,True,
2024-10-30 03:46:01.755873280+00:00,2024-10-30,2024,669,gt2l,669_gt2l,POST_BREACH,113,0.5839493400124987,0.5884541850958772,0.031681989783044776,0.018987009472557048,0.028150140244013078,0.5447174002457942,0.6465105836016448,0.10179318335585064,-0.012313103647374944,1.799361907044398,0.08454545519568703,46.830135555492596,33.44032084980512,False,track_too_short
2024-10-30 03:46:01.985273088+00:00,2024-10-30,2024,669,gt3r,669_gt3r,POST_BREACH,16,0.6452963694774976,0.6431573873691268,0.05127556990242865,0.032365548852999027,0.047985162729456354,0.5829604357223248,0.7325971838489354,0.14963674812661054,-0.024806485792016858,3.4194561259818195,0.13042677380144596,46.837274047135594,33.48318949230327,False,too_few_points
2024-10-30 03:46:02.092473088+00:00,2024-10-30,2024,669,gt2r,669_gt2r,POST_BREACH,32,0.5612218855709799,0.5633770331865793,0.032808476120415125,0.021148902392924995,0.0313553626877506,0.5092314635957844,0.6132801910563999,0.10404872746061544,-0.0009651224213803205,1.862398559877681,0.05166666613270839,46.830986157585095,33.44134341210057,False,track_too_short
2024-11-01 15:51:30.997135104+00:00,2024-11-01,2024,705,gt1l,705_gt1l,POST_BREACH,55,7.477292698459628,7.456577561130712,0.4091126293037563,0.2905233007338879,0.43072984566806216,6.8081499965027445,8.0329968304225,1.224846833919755,-0.051711510905537175,8.241954119196679,0.35699998289346696,47.579631572268696,34.55677401393217,False,mad_too_large|range_too_large|slope_too_steep
2024-11-01 15:51:31.162035200+00:00,2024-11-01,2024,705,gt2l,705_gt2l,POST_BREACH,66,7.347246098643902,7.497387666699803,0.4146029968079272,0.18764500699330533,0.27820248736827446,6.939316903738164,8.275692346542273,1.3363754428041092,-0.07675558018464121,9.172885929455806,0.26647981922283315,47.575925004398655,34.51304412435461,False,range_too_large|slope_too_steep
2024-11-01 15:51:31.316635136+00:00,2024-11-01,2024,705,gt3l,705_gt3l,POST_BREACH,215,7.06323559316235,7.030010855172997,0.2231661896181901,0.033253781681196415,0.049302056720541804,6.661384314076687,7.287916962784735,0.6265326487080474,0.043852200912118305,10.970992624672988,0.024761904563222612,47.58296634672505,34.47073084506276,True,
2024-11-01 15:51:31.384135168+00:00,2024-11-01,2024,705,gt1r,705_gt1r,POST_BREACH,12,8.055330035343115,8.225005014220981,0.6090957620770244,0.24022662880644674,0.35615999986843794,7.651759353891909,9.329054516586554,1.6772951626946453,-0.14444288273861947,8.35994006973572,0.3199999928474426,47.57871965352614,34.55554523484431,False,too_few_points|range_too_large|slope_too_steep
2024-11-01 15:51:31.501635072+00:00,2024-11-01,2024,705,gt2r,705_gt2r,POST_BREACH,19,7.452633085673543,7.469394896456799,0.2871827269816911,0.18390843752510833,0.27266264947472557,7.076556335736647,7.892237233105926,0.8156808973692788,-0.06137718270360688,6.346640694279661,0.3264789910692918,47.581056168698915,34.51253936710916,False,too_few_points|slope_too_steep
2024-11-01 15:51:31.706835200+00:00,2024-11-01,2024,705,gt3r,705_gt3r,POST_BREACH,77,7.086231747089247,7.033279666953552,0.150193586111646,0.031999691639857275,0.04744274282525239,6.766951661279751,7.150995874237495,0.38404421295774416,0.08824143588923203,10.544062855051381,0.04061740387666535,47.584071767309524,34.469699291591816,False,slope_too_steep
2024-11-05 15:43:27.050009088+00:00,2024-11-05,2024,769,gt2l,769_gt2l,POST_BREACH,142,0.3321215552168688,0.6600092060209246,1.988001482068301,0.03513662971172238,0.052093567210599594,0.25546235376932724,0.6171788621283726,0.36171650835904534,0.5866090011452656,23.88460156069286,0.0228324955289098,46.83773514477664,33.54916908967851,False,slope_too_steep
2024-11-05 15:43:27.478308864+00:00,2024-11-05,2024,769,gt1l,769_gt1l,POST_BREACH,1092,0.43078720175826746,0.43333961125294224,0.12566363628169608,0.0687802195349505,0.10197355348251762,0.28692877505301784,0.5564848451914568,0.26955607013843896,0.010774665050720424,19.942783023801347,0.016972476445616932,46.87771630432686,33.59727755032515,True,
2024-11-05 15:43:27.821809152+00:00,2024-11-05,2024,769,gt1r,769_gt1r,POST_BREACH,313,0.4581445210942867,0.6129439812819985,0.5878398808591123,0.050445004779309244,0.07478976408580389,0.359424250407411,2.8739764803279444,2.5145522299205334,0.08866333229474896,19.953150749695766,0.014968396456833797,46.89120098279968,33.59797988381226,False,range_too_large|slope_too_steep
2024-11-05 15:43:29.895609088+00:00,2024-11-05,2024,769,gt3l,769_gt3l,POST_BREACH,141,0.4123899418352117,0.39012269850916054,0.08214542193045077,0.034321144393576475,0.05088452867791648,0.2681958162926179,0.4754827526023888,0.2072869363097709,0.04912883540131514,3.516974544171093,0.022499999763177975,46.84298889461356,33.50732640463839,True,
2024-11-05 15:43:30.238109184+00:00,2024-11-05,2024,769,gt3r,769_gt3r,POST_BREACH,36,0.43062774080177135,0.40927106776935557,0.06551159828377849,0.019854517432806418,0.029436307545878792,0.2732090494532411,0.47256288818945347,0.19935383873621237,0.04767545388759887,3.5128053588189827,0.014875931872261895,46.84240474745318,33.50606791034535,True,
2024-11-05 15:43:30.258209024+00:00,2024-11-05,2024,769,gt2r,769_gt2r,POST_BREACH,43,0.34873762088742666,0.3999399186033672,0.11452503337891262,0.05230667181094262,0.07754987162690352,0.2824934084278851,0.6100826086234317,0.32758920019554655,-0.05229026559533487,3.5132670763649916,0.04750000033527613,46.830671158697875,33.54696083459062,False,slope_too_steep
2024-11-20 02:39:00.282710016+00:00,2024-11-20,2024,989,gt3l,989_gt3l,POST_BREACH,232,12.754478545607295,12.641922770546495,1.4286129984481544,0.7447335954317431,1.1041420285871022,10.100489214330054,14.022346119652116,3.9218569053220627,0.060371155634632516,39.43300118342431,0.24329478516115396,47.64055566030911,35.186378638351236,False,mad_too_large|range_too_large|slope_too_steep
2024-11-20 02:39:00.286610176+00:00,2024-11-20,2024,989,gt2l,989_gt2l,POST_BREACH,161,12.471713767427726,11.839312960114109,1.0852096773727529,0.16707765378245298,0.24770932949786478,9.821066464032135,12.688804567597163,2.867738103565028,0.06850786340261865,42.58019966375307,0.1679999942580859,47.66512222594306,35.139461358164,False,range_too_large|slope_too_steep
2024-11-20 02:39:00.698010112+00:00,2024-11-20,2024,989,gt3r,989_gt3r,POST_BREACH,47,13.3041260383452,12.812204674086624,1.4998976030715083,0.5271366681796508,0.7815328242431502,10.090767997232522,14.86166910021935,4.770901102986828,0.08486638682436846,38.389175108125194,0.3254884887825359,47.60991282811836,35.19180034048454,False,mad_too_large|range_too_large|slope_too_steep
2024-11-20 02:39:00.799610112+00:00,2024-11-20,2024,989,gt1l,989_gt1l,POST_BREACH,198,11.936450618273543,12.290902199601959,3.219866848506224,0.06092382057547496,0.09032565638519917,11.830623236042888,12.715817836761714,0.885194600718826,0.0979754003023914,43.26234736432486,0.18416665913537145,47.61545457881274,35.10315609370371,False,slope_too_steep
2024-11-20 02:39:01.096510208+00:00,2024-11-20,2024,989,gt2r,989_gt2r,POST_BREACH,59,12.428272621742593,12.211233772114152,0.48666213547753023,0.19565495881751005,0.29007804194284037,11.280148137719234,12.64025901301501,1.360110875295776,0.030764784289560778,39.269446481192276,0.2968564436391548,47.66351924295698,35.140809757267164,False,range_too_large
2024-11-20 02:39:01.187610112+00:00,2024-11-20,2024,989,gt1r,989_gt1r,POST_BREACH,55,11.990988543434916,12.491916599458037,0.7833794078978309,0.08014809056193428,0.11882755906712376,11.90513758022852,14.223203386189473,2.318065805960954,-0.011416369245939768,42.95700364114305,0.23828092233297674,47.63623643747978,35.10134378100634,False,range_too_large
2024-11-24 02:30:34.559282176+00:00,2024-11-24,2024,1049,gt3l,1049_gt3l,POST_BREACH,15,6.9689621551940455,6.928245096336679,0.07586650434819338,0.03452147448299314,0.05118153806848563,6.8213975944870215,7.006834123304455,0.18543652881743355,0.031932788630609193,5.435759255344653,0.16499999165534973,47.548185912035116,34.420663817764066,False,too_few_points
2024-11-24 02:30:34.705982208+00:00,2024-11-24,2024,1049,gt2l,1049_gt2l,POST_BREACH,6,6.634023455111546,6.656994090082037,0.08189312311328482,0.01902383626650561,0.02820473964872122,6.583271541959398,6.774682518434585,0.19141097647518723,0.05441487826782026,3.474737528326533,0.20011377334594727,47.52822147515828,34.380168337627076,False,too_few_points|slope_too_steep
2024-11-24 02:30:35.628082176+00:00,2024-11-24,2024,1049,gt3r,1049_gt3r,POST_BREACH,2,7.061333759594454,7.061333759594454,0.014280010406574695,0.010097492193903435,0.01497054192668123,7.052246016619941,7.070421502568967,0.018175485949026182,,,,47.56284465482245,34.419751737000894,False,too_few_points
2024-12-19 01:14:49.065881856+00:00,2024-12-19,2024,45,gt1l,45_gt1l,POST_BREACH,6,11.619496467624254,11.608023728685316,0.126253049252676,0.05600537411420703,0.08303356766172333,11.429893524752272,11.720187211777455,0.29029368702518354,-0.41941583243608954,0.6407776333319956,0.11819025874137878,47.52891285653161,35.294526832891705,False,too_few_points|track_too_short
2025-01-02 12:55:07.908728320+00:00,2025-01-02,2025,265,gt3l,265_gt3l,POST_BREACH,309,6.3785672507994455,8.64417024199961,3.3031063341945823,0.5913886079864419,0.8767927502006987,5.55378875772521,13.188370617373126,7.634581859647916,0.005586613232554543,33.137748203496145,0.17599999361361066,47.489461964865555,34.19847638776123,False,mad_too_large|range_too_large
2025-01-02 12:55:08.096228352+00:00,2025-01-02,2025,265,gt2l,265_gt2l,POST_BREACH,455,6.230815205254395,6.417497578802026,1.3563080415497482,0.13909988635975523,0.2062294915169731,5.607698778279561,6.876675648612742,1.268976870333181,0.022161437034608433,33.7264323396609,0.08084567267456007,47.525526902071846,34.246457119845374,False,range_too_large
2025-01-02 12:55:08.437428224+00:00,2025-01-02,2025,265,gt2r,265_gt2r,POST_BREACH,112,6.185100134804415,6.64164158068757,1.9355867341148623,0.12929931851662246,0.19169916963274444,5.419358198814958,12.649087166281811,7.229728967466853,-0.005721304964676424,33.69212702653179,0.21565550623707613,47.528866555288594,34.245710557623475,False,range_too_large
2025-01-02 12:55:08.454628352+00:00,2025-01-02,2025,265,gt3r,265_gt3r,POST_BREACH,70,6.19147743643029,7.277818282043758,2.590262358459355,0.2001925276965757,0.2968054415629431,5.741920726472499,13.25025209111101,7.508331364638511,-0.26443578471339163,31.5350322332555,0.20152891756615776,47.4695969950766,34.194476463782685,False,range_too_large|slope_too_steep
2025-01-02 12:55:08.617428224+00:00,2025-01-02,2025,265,gt1l,265_gt1l,POST_BREACH,568,6.197448307768477,6.246709427377773,0.3357056854119964,0.18184523423123444,0.2696037442712282,5.753677234463122,6.845506429789345,1.0918291953262225,0.02576931147767496,15.68961607341347,0.1360034104436636,47.50619886806204,34.28656643012609,False,range_too_large
2025-01-02 12:55:08.960428288+00:00,2025-01-02,2025,265,gt1r,265_gt1r,POST_BREACH,123,6.2295115021980045,6.19735841855503,0.30383326186708315,0.1887712162177415,0.27987220516442357,5.651157426737811,6.683737906931085,1.0325804801932739,0.01772370490432688,15.532999198147408,0.12083333055488765,47.5086598776196,34.285702050462255,False,range_too_large
2025-02-18 22:18:27.929641728+00:00,2025-02-18,2025,989,gt3l,989_gt3l,POST_BREACH,363,11.375991738201044,12.808397249282883,7.08719625782014,0.9429225188768875,1.3979769264868733,10.371183378222561,13.062847296480392,2.691663918257831,0.11084980510148233,44.636521467404194,0.12786131253792235,47.65990556319855,35.10233403161025,False,mad_too_large|range_too_large|slope_too_steep
2025-02-18 22:18:28.034341632+00:00,2025-02-18,2025,989,gt3r,989_gt3r,POST_BREACH,90,12.128237848349693,12.91518040547645,7.0368194126266514,0.995967788534923,1.4766218432818767,10.190017179617957,13.150189589755822,2.960172410137865,0.10289374064083515,46.386181226689395,0.19087215402175353,47.674419079333724,35.10147893347171,False,mad_too_large|range_too_large|slope_too_steep
2025-02-18 22:18:28.061041664+00:00,2025-02-18,2025,989,gt1r,989_gt1r,POST_BREACH,28,9.818661964784871,9.822452252827713,0.22853001869816192,0.13498286680901828,0.20012559833105048,9.455282002007579,10.207083142049154,0.7518011400415752,0.03365391833598146,4.45297431442371,0.34884592252118246,47.464106133246,35.04499354929837,True,
2025-02-18 22:18:28.158941696+00:00,2025-02-18,2025,989,gt2l,989_gt2l,POST_BREACH,76,11.84573084251581,11.865502778364384,0.48114437259177023,0.45142940342300975,0.6692892335149542,11.074709486195704,12.497013039401164,1.4223035532054595,0.20634998231294213,10.6630091225942,0.19850880064462362,47.531978219016615,35.07719773655175,False,mad_too_large|range_too_large|slope_too_steep
2025-02-18 22:18:28.278641664+00:00,2025-02-18,2025,989,gt1l,989_gt1l,POST_BREACH,217,11.274433218779809,11.349892717649851,0.3257522188726587,0.05612948313567756,0.08321757169695555,10.730006109533644,11.93422850128166,1.2042223917480168,-0.005647752814782358,10.983137571052218,0.08284240298419504,47.54419033924798,35.03236850582415,False,range_too_large
2025-02-18 22:18:28.497141504+00:00,2025-02-18,2025,989,gt2r,989_gt2r,POST_BREACH,38,10.866926429060385,11.004591246711987,0.4679953407512271,0.3355786837282846,0.4975289564955547,10.384638474322609,11.854617662326497,1.4699791880038884,0.19303149058277141,6.507494646983526,0.389448029430289,47.50625217659939,35.082136210108395,False,mad_too_large|range_too_large|slope_too_steep
2025-02-22 22:10:13.262297344+00:00,2025-02-22,2025,1049,gt2l,1049_gt2l,POST_BREACH,64,6.525865956738807,6.490034834708148,0.25185589614308923,0.20399651725765722,0.3024452364862026,6.1675003705875096,6.933623991008788,0.7661236204212782,-0.019762528968090002,15.43823213757991,0.04083333257585764,47.5073877368935,34.30210887100318,True,
2025-02-22 22:10:13.402497280+00:00,2025-02-22,2025,1049,gt1l,1049_gt1l,POST_BREACH,366,6.257165942874552,6.190384244418401,0.21479684517370368,0.10080132556326582,0.1494480452800979,5.844982086911078,6.45025148424879,0.6052693973377119,0.03866955507099865,15.0704547963835,0.04006717034966731,47.52409183016264,34.25648477679388,True,
2025-02-22 22:10:13.822497280+00:00,2025-02-22,2025,1049,gt2r,1049_gt2r,POST_BREACH,13,6.196538807898204,6.315074487897273,0.22179027866684067,0.07831702699052201,0.11611282421614792,6.119684827814491,6.653310341317633,0.533625513503142,-0.022445132191643576,13.97421746252777,0.02120713246139613,47.51413028413528,34.302278597889924,False,too_few_points
2025-02-22 22:10:13.959097344+00:00,2025-02-22,2025,1049,gt3l,1049_gt3l,POST_BREACH,27,7.036842314908917,6.923938837572606,0.3554546417704994,0.33514153528412294,0.49688084021224066,6.469656050205837,7.426774545238162,0.9571184950323248,0.07197059421601681,9.195933583235325,0.3528290998052668,47.53076978730595,34.34203976333196,False,mad_too_large|slope_too_steep
2025-02-22 22:10:13.996097280+00:00,2025-02-22,2025,1049,gt1r,1049_gt1r,POST_BREACH,71,6.136172203264309,6.137440226788901,0.20402676445286153,0.2060179656731158,0.30544223590696146,5.873763142975326,6.396880883647523,0.5231177406721965,0.04249402809066826,12.045603541797972,0.017857143123235022,47.512064519189714,34.25944150669498,True,
2025-02-22 22:10:15.662414080+00:00,2025-02-22,2025,1049,gt3r,1049_gt3r,POST_BREACH,1,8.64765809419973,8.64765809419973,,0.0,0.0,8.64765809419973,8.64765809419973,0.0,,,0.10363943129777908,47.56931768504635,34.33776524874125,False,too_few_points
2025-02-26 22:01:43.748352+00:00,2025-02-26,2025,1109,gt1l,1109_gt1l,POST_BREACH,259,0.6951390709006731,0.6913681625115762,0.058491440504476536,0.04518109031794282,0.06698548450538201,0.6078248989589803,0.773058767502658,0.16523386854367772,0.026312899259311663,3.4088066368329546,0.016692989595723427,46.83006698593951,33.57622688006489,True,
2025-02-26 22:01:43.827652096+00:00,2025-02-26,2025,1109,gt2l,1109_gt2l,POST_BREACH,714,0.8587896163565549,0.8575497819443106,0.21141889817612697,0.09099113217594024,0.13490345256404898,0.6389392822154827,1.0249685279916447,0.38602924577616204,0.021656349822525425,19.981454685039107,0.029366196159430792,46.89104438266225,33.61036418875746,True,
2025-02-26 22:01:44.098752+00:00,2025-02-26,2025,1109,gt1r,1109_gt1r,POST_BREACH,76,0.692059638506171,0.7065170170992333,0.08215664596037373,0.045773053516313666,0.06786312914328664,0.6126775468938446,0.8407943205567037,0.2281167736628591,0.04512290385333433,3.441196964722247,0.031853662289090846,46.83210324261045,33.57719724496607,True,
2025-02-26 22:01:44.219451904+00:00,2025-02-26,2025,1109,gt2r,1109_gt2r,POST_BREACH,207,0.8015282031296742,0.8110547397420488,0.21092468005623316,0.07416156147446173,0.10995193104203696,0.5569841422480093,1.0179152595989347,0.4609311173509254,0.029720171614886732,19.67899278224812,0.021472350151721133,46.88817999805925,33.61186559432023,True,
2025-02-26 22:01:44.326551808+00:00,2025-02-26,2025,1109,gt3l,1109_gt3l,POST_BREACH,109,2.028620271056191,2.148787398535451,0.3698209035500623,0.05257688025132268,0.077950482660611,1.8311851293332466,2.617371897310881,0.7861867679776344,-0.06315004679482934,14.66098859033286,0.14778557596634131,46.95066615089789,33.644731896174704,False,slope_too_steep
2025-02-26 22:01:44.669152+00:00,2025-02-26,2025,1109,gt3r,1109_gt3r,POST_BREACH,63,0.9565936310784764,1.1248522771906366,0.5279781492866769,0.050825037347014046,0.07535320037068302,0.8431841228471416,1.8646072185430245,1.0214230956958827,-0.0075427660995400665,14.870538721948183,0.07961209719641167,46.93378826551513,33.6481924472411,False,range_too_large
2025-03-01 10:07:12.348998656+00:00,2025-03-01,2025,1149,gt2l,1149_gt2l,POST_BREACH,139,9.635162672960703,9.667579188589198,0.3135484134427321,0.09822347103611051,0.14562611815813745,9.041848914466915,10.160376630674515,1.1185277162076002,0.06326062005647028,9.118015551375038,0.13620977757646024,47.54501999483788,34.76827519263989,False,range_too_large|slope_too_steep
2025-03-01 10:07:12.359698432+00:00,2025-03-01,2025,1149,gt1l,1149_gt1l,POST_BREACH,43,9.853364455788785,9.794684370075895,0.4311604948374711,0.3531627965473625,0.5235991621611196,8.9381645050219,10.382765035580507,1.4446005305586063,0.05683024815244622,10.72557564825411,0.22374998778104782,47.517029716739955,34.80719397597404,False,mad_too_large|range_too_large|slope_too_steep
2025-03-01 10:07:12.555998464+00:00,2025-03-01,2025,1149,gt3l,1149_gt3l,POST_BREACH,7,8.865133183784046,8.911365696280585,0.14961555079252797,0.020193056248530183,0.02993822519407085,8.82827233786769,9.13870295076495,0.31043061289726026,0.05737192745806537,7.092412208525002,0.11329314857721329,47.51248490967614,34.72070170371469,False,too_few_points|slope_too_steep
2025-03-01 10:07:12.701598720+00:00,2025-03-01,2025,1149,gt2r,1149_gt2r,POST_BREACH,54,9.478665764750799,9.522230953414137,0.384957792762493,0.21251466308225808,0.3150742394857558,8.890116827210157,10.109524690848591,1.219407863638434,0.07161770352261508,8.709157828784516,0.10699999704957008,47.54667519530034,34.76730529228578,False,range_too_large|slope_too_steep
2025-03-01 10:07:12.749298688+00:00,2025-03-01,2025,1149,gt1r,1149_gt1r,POST_BREACH,3,10.223729398306848,10.310883063327596,0.40654060156846755,0.2687422045759682,0.39843719250433046,9.981861414188476,10.700912277981239,0.7190508637927628,1.7373607676211325,0.44651301638825575,,47.56762782350233,34.81321295897063,False,too_few_points|mad_too_large|track_too_short
2025-03-01 10:07:13.857898752+00:00,2025-03-01,2025,1149,gt3r,1149_gt3r,POST_BREACH,3,8.82529915039407,8.825359817390433,0.01748284984100902,0.017391770401395945,0.025785038797109628,8.809646557032814,8.841115544645506,0.031468987612692345,0.10049204447618089,0.0959358141846294,1.440020203590393,47.50251307331717,34.71813303365551,False,too_few_points|track_too_short|stdev_too_large
2025-03-05 09:58:52.522542592+00:00,2025-03-05,2025,1209,gt2l,1209_gt2l,POST_BREACH,78,3.429635085039708,3.2592645603120918,0.48757308621172313,0.12186710610168205,0.1806801715063538,2.3222826246408665,3.778613448705783,1.4563308240649167,0.03877696860566516,37.432416943481805,0.084712490859166,47.41732474090619,33.97151827777149,False,range_too_large
2025-03-05 09:58:52.531342592+00:00,2025-03-05,2025,1209,gt2r,1209_gt2r,POST_BREACH,316,3.419087884074198,3.2704033926768914,0.43954831113980053,0.15802548872880173,0.23428858958932144,2.3115283747136646,3.734534879534487,1.4230065048208225,0.03560023851939138,39.90853364344985,0.06580644951111847,47.44288111822496,33.973915122221406,False,range_too_large
2025-03-05 09:58:52.560242432+00:00,2025-03-05,2025,1209,gt1r,1209_gt1r,POST_BREACH,149,4.597906280336616,4.668747124105589,0.6614453822552828,0.36397022199387763,0.5396222511281229,3.825373677011752,5.594745910458365,1.7693722334466133,-0.018383327365345092,35.66557103362367,0.4592059067374951,47.42748297448921,34.01458628233788,False,mad_too_large|range_too_large
2025-03-05 09:58:52.710342400+00:00,2025-03-05,2025,1209,gt3l,1209_gt3l,POST_BREACH,20,3.7788144951017486,3.2974329396552426,0.8587934503650654,0.042522314005605466,0.06304358274471066,1.4867980518469817,3.827153771881959,2.340355720034977,0.05382374146481125,40.082495811057065,0.05532672069966793,47.451241186416055,33.93344952076747,False,range_too_large|slope_too_steep
2025-03-05 09:58:53.052342528+00:00,2025-03-05,2025,1209,gt3r,1209_gt3r,POST_BREACH,107,3.72493753347473,3.5849842108474697,2.7514145060149957,0.07371016851309875,0.1092826958375202,1.473789267123339,3.8315199306130636,2.3577306634897246,0.07074339309761528,40.95179051386353,0.06988041494041682,47.41709583070983,33.927566768211925,False,range_too_large|slope_too_steep
2025-03-05 09:58:53.278042368+00:00,2025-03-05,2025,1209,gt1l,1209_gt1l,POST_BREACH,17,3.413542803375563,3.5455423219376856,0.4299971067476219,0.19939249669726422,0.2956193156033639,2.9771421638300666,4.150862707872617,1.17372054404255,0.04506280050612637,21.168814105487854,0.415130557382808,47.44616050304276,34.018412633310746,False,too_few_points|range_too_large
2025-03-23 20:46:15.649542912+00:00,2025-03-23,2025,105,gt1r,105_gt1r,POST_BREACH,149,6.61206443685489,6.6814607107434325,0.3409671069778255,0.2832157797313499,0.41989571502969936,6.247558092537794,7.28861741986737,1.0410593273295756,0.054479116641191004,10.785147433723125,0.05202708413336901,47.565451672507606,34.495223685190204,False,mad_too_large|range_too_large|slope_too_steep
2025-03-23 20:46:15.730742784+00:00,2025-03-23,2025,105,gt3l,105_gt3l,POST_BREACH,44,7.302464668947323,7.575818919264458,0.4495415478694855,0.12334725975107474,0.18287464730694342,7.163842127845087,8.040582716903604,0.8767405890585165,0.13568680775576958,8.325968182824965,0.06999999820254743,47.57432856622833,34.57882430219156,False,slope_too_steep
2025-03-23 20:46:15.830342656+00:00,2025-03-23,2025,105,gt2l,105_gt2l,POST_BREACH,48,7.076361028575125,7.046739101294861,0.14133558595422172,0.0502389611625631,0.07448428381961605,6.793275207765165,7.243781727012676,0.4505065192475115,-0.010956137277686127,7.020816816246193,0.08534610543089609,47.57139203680848,34.53616353825833,True,
2025-03-23 20:46:16.068242688+00:00,2025-03-23,2025,105,gt3r,105_gt3r,POST_BREACH,178,7.3515184738861326,7.479222897793603,0.28944893889957346,0.04430725781543643,0.06568994043716604,7.150200602559685,8.041874296654857,0.8916736940951724,0.09761702727065245,8.231996320890586,0.059389713272619785,47.56488094163656,34.581267052821225,False,slope_too_steep
2025-03-23 20:46:16.093142784+00:00,2025-03-23,2025,105,gt1l,105_gt1l,POST_BREACH,32,6.82475805798372,6.750123881081922,0.3264131060130932,0.15358848146209247,0.22771028261569828,6.1687385864350475,7.263311694203915,1.0945731077688672,0.040101363989649454,4.706607914191137,0.1283333282917738,47.58339922157897,34.49145357210745,False,range_too_large
2025-03-23 20:46:16.160042752+00:00,2025-03-23,2025,105,gt2r,105_gt2r,POST_BREACH,223,7.041017964131065,7.004641758728502,0.1435678166354073,0.09669462119687466,0.14335944538648637,6.7734672191979985,7.184437460669413,0.41097024147141425,-0.02027899047015454,7.102010987213474,0.032499999019571325,47.57245089179263,34.537291251361665,True,
2025-04-21 19:22:09.679916800+00:00,2025-04-21,2025,545,gt3l,545_gt3l,POST_BREACH,61,9.104687676093281,9.201288302556422,0.2880121439991022,0.036710207820817686,0.0544265541151443,8.915807379997972,9.786282934005662,0.8704755540076903,-0.012618235646898932,9.146777647209799,0.08833332903062303,47.50242801053109,34.84842876458742,True,
2025-04-21 19:22:10.011216896+00:00,2025-04-21,2025,545,gt3r,545_gt3r,POST_BREACH,280,9.0382061768085,9.111855406317655,0.26198435785841984,0.0925566714663777,0.13722452111605157,8.657155127271784,9.602462793357688,0.9453076660859043,-0.01586828283116843,9.240906274567337,0.07517856881687683,47.49196552464289,34.850996976048755,True,
2025-04-21 19:22:10.144717056+00:00,2025-04-21,2025,545,gt2l,545_gt2l,POST_BREACH,229,9.028856592090321,9.148619713920988,0.32345589989158785,0.2634786667540787,0.3906334713295971,8.68843869787926,9.74839269187795,1.0599539939986897,0.03545641810965392,10.326811034998682,0.07608490205455296,47.526293971949784,34.802304248035384,False,mad_too_large|range_too_large
2025-04-21 19:22:10.328016896+00:00,2025-04-21,2025,545,gt2r,545_gt2r,POST_BREACH,752,9.186846307955902,9.223956822016014,0.43390172188916043,0.2561395538678841,0.379752502564525,8.747373290359315,9.768777928429168,1.0214046380698534,0.005628829716221141,11.353988051686144,0.02599999929467837,47.524668349794254,34.80379467059878,False,mad_too_large|range_too_large
2025-04-21 19:22:10.538317056+00:00,2025-04-21,2025,545,gt1l,545_gt1l,POST_BREACH,52,8.599968529233644,8.60160854912424,0.34290847302028715,0.06702034756140307,0.09936436729453618,7.751869878021827,9.11867503149043,1.3668051534686025,0.10986541097557373,7.935192119811007,0.03999999761581421,47.53679969555795,34.75812307444804,False,range_too_large|slope_too_steep
2025-04-21 19:22:10.618716928+00:00,2025-04-21,2025,545,gt1r,545_gt1r,POST_BREACH,219,8.612881926182645,8.56975490677913,0.2963268723708105,0.1343452181722249,0.19918022046214062,7.667679438153016,8.813222918287835,1.145543480134819,0.07116523345127052,9.84615374019179,0.044846547410300336,47.53934744953253,34.758942826985695,False,range_too_large|slope_too_steep
2025-04-25 19:13:43.254772224+00:00,2025-04-25,2025,609,gt3r,609_gt3r,POST_BREACH,391,5.143287028268158,5.188219081598624,0.27123528330759156,0.0429886768418406,0.06373501228571288,4.619897954454961,5.763647384758944,1.1437494303039824,0.0014828218447276859,26.857678180007184,0.09790340044519023,47.53674746558124,34.08225722888514,False,range_too_large
2025-04-25 19:13:43.255471872+00:00,2025-04-25,2025,609,gt1l,609_gt1l,POST_BREACH,102,3.422803413032206,3.150216396837865,0.4286067685139348,0.13771603538794608,0.20417779406616884,2.555889804549559,3.6168009179366583,1.0609111133870992,0.04827567053403025,21.76299496872413,0.017000000178813934,47.47071572840276,34.005090340201335,False,range_too_large
2025-04-25 19:13:43.272772096+00:00,2025-04-25,2025,609,gt2r,609_gt2r,POST_BREACH,278,3.0347908616566013,3.1421466462138685,0.3593868088753985,0.22764494746516206,0.33750639911184926,2.6837642015133722,3.7619605409538956,1.0781963394405234,-0.00034739960029934205,23.69322442075906,0.030975456153838964,47.461514456282444,34.05023573666444,False,range_too_large
2025-04-25 19:13:44.235772160+00:00,2025-04-25,2025,609,gt2l,609_gt2l,POST_BREACH,53,3.0176896901308297,3.0856352746407985,0.2704760202478063,0.10732406263950622,0.15911865526933192,2.674172698598934,3.7051561912772373,1.0309834926783035,-0.006355049695103197,14.433920330296498,0.0659999955445528,47.46296809483086,34.04885140585114,False,range_too_large
2025-04-25 19:13:44.441872128+00:00,2025-04-25,2025,609,gt3l,609_gt3l,POST_BREACH,106,5.1977738294163505,5.244716756563805,0.17496903315682671,0.02958695556299773,0.04386562031770043,5.100812532506426,5.665373788990889,0.5645612564844633,-0.015470102231795534,15.968537844763262,0.10752746487422934,47.54959582207024,34.079359612333526,True,
2025-04-28 07:19:00.699523328+00:00,2025-04-28,2025,645,gt2l,645_gt2l,POST_BREACH,64,11.226469745278985,11.241125281337823,0.12128145650265387,0.043559139387220114,0.06458078005549253,11.136720098984634,11.45556614129897,0.3188460423143358,-0.0001990863919300981,5.017425166221033,0.04916666401550174,47.555187375310005,35.30478436723296,True,
2025-04-28 07:19:00.981323520+00:00,2025-04-28,2025,645,gt2r,645_gt2r,POST_BREACH,195,11.235425366169704,11.278947328292308,0.17103893204004653,0.05284642636135217,0.07835011172334072,11.06069902770205,11.613962982328989,0.5532639546269387,0.006259037068088896,5.544381441606941,0.07657894369606909,47.55739819574443,35.303888848826894,True,
2025-04-28 07:19:01.418823424+00:00,2025-04-28,2025,645,gt3l,645_gt3l,POST_BREACH,157,9.992935493052006,10.027868549838088,0.16027020176021883,0.06369724682859257,0.09443753814807133,9.848982548602383,10.28939380559487,0.44041125699248695,0.014566982280022163,5.981188521202329,0.02747138226582746,47.49894165089627,35.25377835719522,True,
2025-04-28 07:19:01.687323648+00:00,2025-04-28,2025,645,gt3r,645_gt3r,POST_BREACH,490,9.937978426613475,9.995262207666272,0.1739972668552456,0.04642669489736484,0.06883221785483311,9.840068635348208,10.316143976387375,0.4760753410391665,0.004210443797615995,6.93516548771051,0.028469386396511476,47.49760586333495,35.252340969652685,True,
2025-04-29 19:05:08.764627968+00:00,2025-04-29,2025,669,gt3l,669_gt3l,POST_BREACH,39,0.31092492254992976,2.1544904764098844,4.874553104242378,0.03973928645583058,0.058917466099414416,0.24406035080844787,15.101329924735072,14.857269573926624,-2.046296664581755,4.99688834668471,0.008333333147068819,46.791548920788536,33.390556253301966,False,range_too_large|slope_too_steep
2025-04-29 19:05:09.175328+00:00,2025-04-29,2025,669,gt3r,669_gt3r,POST_BREACH,207,0.21416166907764733,0.9561607064756324,3.158058917558284,0.046214349960500556,0.06851739525143812,0.1308919919088513,7.346192335186457,7.2153003432776055,-0.958144959243572,4.643675583870998,0.022044557815833577,46.79331629240844,33.39157698819777,False,range_too_large|slope_too_steep
2025-05-02 07:10:43.407579648+00:00,2025-05-02,2025,705,gt1l,705_gt1l,POST_BREACH,40,7.0403751323647334,7.137513900259819,0.2703110438597065,0.06407599541134879,0.0949990707968657,6.9334257458592985,7.735410505892024,0.8019847600327257,0.10257227808929567,7.610370987353331,0.10999999940395355,47.54911742774635,34.56857695004066,False,slope_too_steep
2025-05-02 07:10:43.443779584+00:00,2025-05-02,2025,705,gt2l,705_gt2l,POST_BREACH,34,8.291957028516103,8.467739951155579,1.0589002662538352,0.3130474473830738,0.46412414549014513,7.6793102034699166,11.626589060546634,3.947278857076717,-0.16355986236374528,10.462829906054678,0.15999998959402242,47.54327816775933,34.524591687701324,False,mad_too_large|range_too_large|slope_too_steep
2025-05-02 07:10:43.474279680+00:00,2025-05-02,2025,705,gt1r,705_gt1r,POST_BREACH,124,7.0136860426527985,7.081199007888109,0.21045266664349305,0.07867226426159846,0.11663949899424586,6.884677435898002,7.6052362353880385,0.7205587994900364,0.056817592477874254,9.817566146708733,0.1312499971439441,47.54958718551827,34.56758225106115,False,slope_too_steep
2025-05-02 07:10:43.519879936+00:00,2025-05-02,2025,705,gt3l,705_gt3l,POST_BREACH,28,6.251548653590948,6.310340463893846,0.3003469437659759,0.2466960642554259,0.3657515848650944,5.98153346199359,6.774407827448778,0.7928743654551882,-0.002541958895971361,10.915808490339304,0.23172553535550833,47.554234514355144,34.48300646222667,True,
2025-05-02 07:10:43.700779776+00:00,2025-05-02,2025,705,gt2r,705_gt2r,POST_BREACH,144,8.127583394717428,8.031848839960704,0.4494419655409316,0.29920807179466813,0.44360588724277494,7.328786621887628,8.828631669668319,1.499845047780691,-0.029804236548960045,10.04933442363619,0.29285713557952214,47.55265018597225,34.524757231869664,False,mad_too_large|range_too_large
2025-05-06 07:02:39.916236800+00:00,2025-05-06,2025,769,gt1l,769_gt1l,POST_BREACH,24,0.5699715659087108,0.8750372778254026,1.0584972675694422,0.033599158875142976,0.04981411294828697,0.5107792100767469,2.3840863716814993,1.8733071616047523,-0.1816628191118764,18.067478863356534,0.13249999284744263,47.04007102307713,33.71780209060919,False,range_too_large|slope_too_steep
2025-05-06 07:02:40.229336832+00:00,2025-05-06,2025,769,gt2l,769_gt2l,POST_BREACH,11,0.8215119299464924,0.9065569841138867,0.30304480274301715,0.2839506932411169,0.42098529779927985,0.5055313618191875,1.2715341153400832,0.7660027535208958,0.04544526493003611,9.97489949666346,0.39924813129685144,47.0019548361771,33.66969458243889,False,too_few_points|mad_too_large
2025-05-06 07:02:40.275636736+00:00,2025-05-06,2025,769,gt1r,769_gt1r,POST_BREACH,73,0.5375726280039075,0.6607255823761722,0.42319153488851674,0.034537562152333834,0.05120538964705014,0.44844018137488106,1.0338568749525214,0.5854166935776404,-0.09558488509634235,17.92040660023108,0.14571427873202733,47.04305759267789,33.71709657510823,False,slope_too_steep
2025-05-06 07:02:40.523136768+00:00,2025-05-06,2025,769,gt2r,769_gt2r,POST_BREACH,52,0.7250213500874825,0.7786680258935786,0.3065549688902967,0.2592960981422383,0.3844323951056825,0.42333978334271016,1.2061284110471067,0.7827886277043965,0.04697793058267485,14.793567356561994,0.14414586068368426,47.00406490398172,33.66879489129494,False,mad_too_large
2025-05-06 07:02:41.573236992+00:00,2025-05-06,2025,769,gt3r,769_gt3r,POST_BREACH,11,0.552471302238974,0.6107853364458132,0.49068633626598857,0.0629354870180947,0.0933081530530272,0.2721847340382926,1.325126540716111,1.0529418066778184,0.06650135939091917,16.576084016259337,0.07500000298023224,46.91473519624119,33.61366722148198,False,too_few_points|range_too_large|slope_too_steep
2025-05-06 07:02:42.763636736+00:00,2025-05-06,2025,769,gt3l,769_gt3l,POST_BREACH,3,0.5269784238289326,0.5368561299775992,0.045185196234959306,0.029551505302311654,0.04381306176120726,0.5003820690568521,0.5802445852024132,0.07986251614556106,0.9887569359781301,0.07170353691090886,,46.89531675389418,33.61209956002964,False,too_few_points|track_too_short
2025-05-20 17:58:01.155689984+00:00,2025-05-20,2025,989,gt3l,989_gt3l,POST_BREACH,1,9.598730821848648,9.598730821848648,,0.0,0.0,9.598730821848648,9.598730821848648,0.0,,,,47.45907087259647,35.114546694362495,False,too_few_points
2025-05-20 17:58:01.246389760+00:00,2025-05-20,2025,989,gt1l,989_gt1l,POST_BREACH,1,9.442635062838782,9.442635062838782,,0.0,0.0,9.442635062838782,9.442635062838782,0.0,,,,47.45718478520769,35.028729633015864,False,too_few_points
2025-05-20 17:58:01.445590016+00:00,2025-05-20,2025,989,gt3r,989_gt3r,POST_BREACH,3,9.783165453613258,9.746014997988668,0.12892716775491514,0.06912261379006424,0.10248118720514923,9.62064887101581,9.845375806024315,0.22472693500850482,-0.3987178861554233,0.314913144059118,,47.45730424396524,35.11596638234531,False,too_few_points|track_too_short
2025-05-20 17:58:01.643089920+00:00,2025-05-20,2025,989,gt1r,989_gt1r,POST_BREACH,7,10.260240231786447,10.301308744385391,0.25131291742686535,0.14211740704004683,0.2107032676775734,10.06434388252252,10.653408228368459,0.589064345845939,0.3516419827703194,1.4192274489848664,0.3070589303970337,47.46698703627974,35.028509960471304,False,too_few_points|track_too_short
2025-05-20 17:58:02.993589760+00:00,2025-05-20,2025,989,gt2r,989_gt2r,POST_BREACH,1,13.212386496490009,13.212386496490009,,0.0,0.0,13.212386496490009,13.212386496490009,0.0,,,,47.55031786684877,35.059793968921,False,too_few_points
2025-05-24 17:49:35.191447040+00:00,2025-05-24,2025,1049,gt2l,1049_gt2l,POST_BREACH,19,5.918307735719019,6.119743925170402,0.3522958765332757,0.01755303635782468,0.02602413170411087,5.895113983087233,6.7009527271949345,0.8058387441077013,-0.7562881030834324,1.4009651964911611,0.07463203311750763,47.446285645394006,34.310895365646495,False,too_few_points|track_too_short
2025-05-24 17:49:35.313847040+00:00,2025-05-24,2025,1049,gt1l,1049_gt1l,POST_BREACH,6,4.469311882079371,4.5906471542533165,0.2842870524950606,0.10175642415818764,0.15086407445692898,4.366085283880715,5.003530165723964,0.6374448818432485,-0.026471279099922657,12.644094816028288,0.11657000829776128,47.50033156085141,34.2601252319379,False,too_few_points
2025-05-24 17:49:35.850547200+00:00,2025-05-24,2025,1049,gt3l,1049_gt3l,POST_BREACH,47,5.189285601330621,5.34478868058399,0.29183841704105096,0.0536004337471887,0.07946800307358197,5.124380291939708,5.899151263488384,0.7747709715486755,-0.03238141376814544,9.220799813091004,0.04348100369122434,47.51838048990802,34.343811305799406,True,
2025-05-24 17:49:36.194747136+00:00,2025-05-24,2025,1049,gt3r,1049_gt3r,POST_BREACH,185,5.167757862167861,5.31626799596873,0.28536852766917353,0.052352501900351456,0.07761781931746106,5.107834202507166,5.899232474502284,0.791398271995118,-0.04019669343652366,9.213463196031435,0.02138888815210925,47.51862914450325,34.34492623760576,True,
2025-05-24 17:49:36.499847168+00:00,2025-05-24,2025,1049,gt1r,1049_gt1r,POST_BREACH,30,4.4394434015210855,4.457363265227355,0.1702657057840155,0.025366794658662428,0.037608809760932914,4.309392417703104,4.696463962861145,0.3870715451580411,0.026507032849969796,6.832074511522198,0.05333333152035872,47.50247139511971,34.261018416910744,True,
2025-05-24 17:49:36.556847104+00:00,2025-05-24,2025,1049,gt2r,1049_gt2r,POST_BREACH,78,4.660389809854342,4.649482633796945,0.06884398276937133,0.050966286525678584,0.07556261640297106,4.561660762208556,4.718298958258234,0.15663819604967877,-0.018371702142412547,8.008913759047218,0.011428571040076869,47.51840299254497,34.301915204132136,True,
2025-05-28 17:40:59.860903168+00:00,2025-05-28,2025,1109,gt1l,1109_gt1l,POST_BREACH,19,0.3710847804922608,0.36177256220591947,0.03926007666451122,0.021160317925183136,0.031372287355876514,0.29665658527191885,0.42213355606149994,0.1254769707895811,0.015625098920641088,2.5591875256787247,0.10767847691711627,46.82954075855257,33.56018476554434,False,too_few_points
2025-05-28 17:40:59.953703168+00:00,2025-05-28,2025,1109,gt2l,1109_gt2l,POST_BREACH,52,0.413755713814842,1.8550423256690134,9.125076419735962,0.021837074945324275,0.032375647313937765,0.36779377823273923,0.6642278865286543,0.29643410829591504,0.8830249124262564,20.639875323121352,0.03299999944865704,46.86656611289429,33.59759336489898,False,slope_too_steep
2025-05-28 17:41:00.203503360+00:00,2025-05-28,2025,1109,gt1r,1109_gt1r,POST_BREACH,65,0.35350566146781404,0.337030960790223,0.04912924086194388,0.027986078226515332,0.04149215957863163,0.25656479655378134,0.39825083360523195,0.1416860370514506,0.017468506286929253,2.5914796126382544,0.08999999923010667,46.82988483781475,33.561328129751516,True,
2025-05-28 17:41:00.288203264+00:00,2025-05-28,2025,1109,gt2r,1109_gt2r,POST_BREACH,159,0.351913649084338,1.9741789224537467,9.600554916802313,0.020376442020939578,0.030210112940245018,0.3045914977850952,0.6408152893297996,0.3362237915447044,1.330548643606438,21.33206759899071,0.061666667461395264,46.86717803337596,33.59876614562826,False,slope_too_steep
2025-05-28 17:41:00.425303296+00:00,2025-05-28,2025,1109,gt3r,1109_gt3r,POST_BREACH,263,0.359761655324462,0.4862406264075466,1.0364409448702117,0.06728485812764262,0.09975653066004295,0.2550760838244546,0.711615236441322,0.45653915261686734,-0.11614283754701306,14.0401224240071,0.018114868686570012,46.91961729602977,33.634012323187065,False,slope_too_steep
2025-05-28 17:41:01.058003200+00:00,2025-05-28,2025,1109,gt3l,1109_gt3l,POST_BREACH,43,0.40159025451270836,0.4352009309055843,0.10675179481855475,0.053137461340131864,0.0787816001828795,0.3373009762194691,0.7199316399919085,0.38263066377243937,0.025076512202489864,6.831821648961437,0.00874999980442226,46.919374374315,33.63291341256508,True,
2025-05-31 05:46:28.445254912+00:00,2025-05-31,2025,1149,gt3l,1149_gt3l,POST_BREACH,19,8.790859321459514,8.869654222691844,0.221739213242698,0.09044795404724226,0.13409813667044138,8.690349331034795,9.267364729584592,0.577015398549797,0.023335227493941225,4.620050930338717,0.2284395703555722,47.553286688785185,34.74267907336184,False,too_few_points
2025-05-31 05:46:28.517654784+00:00,2025-05-31,2025,1149,gt2l,1149_gt2l,POST_BREACH,53,8.943935584132685,8.990478969411653,0.24371430853838305,0.035210901163878816,0.05220368206556673,8.729545064432848,9.671037733534826,0.9414926691019776,-0.09072886964717566,9.178340157777145,0.05199999716132879,47.537593980671,34.783389704342824,False,slope_too_steep
2025-05-31 05:46:28.786354944+00:00,2025-05-31,2025,1149,gt3r,1149_gt3r,POST_BREACH,40,8.661998287981199,8.740687923972072,0.172739613470991,0.033553994429620815,0.04974715214135582,8.625438866409615,9.112728325220784,0.48728945881116914,0.025669932382128773,8.479209963955036,0.052499998826533556,47.540549212729935,34.739712174737406,True,
2025-05-31 05:46:28.847354880+00:00,2025-05-31,2025,1149,gt2r,1149_gt2r,POST_BREACH,174,8.936583328700792,8.942117560576795,0.2492046287650029,0.020582754018118266,0.03051599110726214,8.569496604954086,9.576674354097207,1.0071777491431213,-0.036399775682351504,9.426066791791062,0.03529411669382278,47.53785978203323,34.78218048247458,False,range_too_large
2025-05-31 05:46:30.204254976+00:00,2025-05-31,2025,1149,gt1r,1149_gt1r,POST_BREACH,41,7.932526519652804,7.973839991029106,0.1596325591161809,0.01795625393411271,0.0266219420827155,7.903037603484091,8.02219930582385,0.11916170233975976,0.8866101184868607,0.8399829902379115,0.00874999980442226,47.47329446336385,34.815925772739575,False,track_too_short
2025-06-04 05:38:03.960309760+00:00,2025-06-04,2025,1209,gt1l,1209_gt1l,POST_BREACH,28,5.029107436138162,5.3053770818609625,1.869675193433853,0.3632735476873421,0.5385893618012534,4.132769079168618,5.921579761665993,1.7888106824973748,-0.2032267062891117,30.407806096708363,0.5023853293171635,47.514627715335855,34.04446305015162,False,mad_too_large|range_too_large|stdev_too_large|slope_too_steep
2025-06-04 05:38:04.281309696+00:00,2025-06-04,2025,1209,gt2l,1209_gt2l,POST_BREACH,45,2.7854094799735734,2.7791004706103415,0.5173713435678773,0.40804022484213576,0.6049604373509504,1.7587248205665305,3.4660476042540167,1.7073227836874862,0.007160714387701998,36.00900285092905,0.1537499960977584,47.44782313871709,33.992178780941146,False,mad_too_large|range_too_large
2025-06-04 05:38:04.294209792+00:00,2025-06-04,2025,1209,gt3l,1209_gt3l,POST_BREACH,27,2.5382760915317846,3.685256037763136,3.5211868528139694,0.07068555402529242,0.10479840239789853,2.2446290863740765,12.776629817664665,10.532000731290587,0.20867608148711675,35.13753624435184,0.040000001434236765,47.45878826512384,33.95095728100014,False,range_too_large|slope_too_steep
2025-06-04 05:38:04.299009536+00:00,2025-06-04,2025,1209,gt1r,1209_gt1r,POST_BREACH,122,4.485393542799718,4.42461381601268,0.6239415106062803,0.3547768271005136,0.5259921238592214,3.193565257865775,5.2539019022752,2.0603366444094253,0.04510103047275782,30.107023060058577,0.4573820332049305,47.49927967209951,34.04107968208317,False,mad_too_large|range_too_large
2025-06-04 05:38:04.631009536+00:00,2025-06-04,2025,1209,gt2r,1209_gt2r,POST_BREACH,150,3.2361138312648983,3.2484977434006588,0.4068909746519417,0.09419423351727474,0.13965237061271152,2.4543294929156243,3.971103221344357,1.5167737284287326,0.004563490763025328,35.85166062160168,0.17266666168967884,47.46339670506579,33.993142288439486,False,range_too_large
2025-06-04 05:38:05.318509568+00:00,2025-06-04,2025,1209,gt3r,1209_gt3r,POST_BREACH,92,2.7181064645167297,2.870755283402477,0.4775422304922764,0.15152822232917096,0.22465574242522884,2.4805555634862726,3.4593230708437646,0.978767507357492,0.0017442480258651,36.10925436145572,0.09701132172740054,47.40146454189402,33.941712185342595,True,
2025-06-18 16:33:56.774959104+00:00,2025-06-18,2025,45,gt1l,45_gt1l,POST_BREACH,31,11.927253012827414,11.941018096802297,0.32278932596623083,0.22871364131516714,0.3390908446138668,11.50048488738252,12.492461878259634,0.9919769908771148,0.07787112918740989,9.286963975081136,0.26999999086062115,47.558834791894036,35.289950552523116,False,slope_too_steep
2025-06-18 16:33:57.123358976+00:00,2025-06-18,2025,45,gt1r,45_gt1r,POST_BREACH,134,11.726406563098282,11.7127652788971,0.38913045086734255,0.21290773882156167,0.31565701357684733,11.023649819303662,12.404344418524719,1.3806945992210569,0.09136066650901195,9.19526447089983,0.19999999151780054,47.556832676369254,35.2913733859833,False,range_too_large|slope_too_steep
2025-06-22 16:25:29.453413888+00:00,2025-06-22,2025,105,gt1l,105_gt1l,POST_BREACH,2,6.3987270395108595,6.3987270395108595,0.03213858425569866,0.022725410864939732,0.033692694148359646,6.378274169732414,6.419179909289305,0.04090573955689081,,,,47.51709655291633,34.51728290577255,False,too_few_points
2025-06-22 16:25:29.654313984+00:00,2025-06-22,2025,105,gt1r,105_gt1r,POST_BREACH,11,6.377220666774267,8.71273837067897,2.708551824990221,0.053862961010953114,0.07985722599483908,6.325433738870009,11.58238467287378,5.25695093400377,-5.402287680286845,1.0508577242858035,0.1906843419585909,47.51324415026544,34.51895528149321,False,too_few_points|range_too_large|track_too_short
2025-06-22 16:25:30.034414080+00:00,2025-06-22,2025,105,gt2r,105_gt2r,POST_BREACH,2,7.890092964762191,7.890092964762191,0.00882778007541318,0.006242183154148151,0.009254660744340048,7.884474999923458,7.8957109296009245,0.011235929677466672,,,,47.536023346162516,34.55867078645397,False,too_few_points
2025-06-22 16:25:30.169514240+00:00,2025-06-22,2025,105,gt3l,105_gt3l,POST_BREACH,1,7.800575514171502,7.800575514171502,,0.0,0.0,7.800575514171502,7.800575514171502,0.0,,,,47.5700948361194,34.59556253379457,False,too_few_points
2025-06-22 16:25:30.509614080+00:00,2025-06-22,2025,105,gt3r,105_gt3r,POST_BREACH,7,7.812419401346826,7.824821231777373,0.02399912103262161,0.012403165394971438,0.018388933014584653,7.800691239511165,7.855968187872937,0.05527694836177144,-0.027623757073524314,1.7697541811836157,0.0436425544321537,47.577309086563794,34.59578238052198,False,too_few_points|track_too_short
2025-06-26 16:17:00.349569280+00:00,2025-06-26,2025,165,gt1l,165_gt1l,POST_BREACH,23,0.7688144800739707,0.8738132744227777,0.21985541152311175,0.07943460775615208,0.11776974945927106,0.678020190928845,1.2654209247977029,0.5874007338688578,0.0283172528891595,8.197194707040023,0.13749999552965164,47.13391955603032,33.79310722174328,True,
2025-06-26 16:17:00.396169472+00:00,2025-06-26,2025,165,gt1r,165_gt1r,POST_BREACH,69,0.7540496038117404,0.9033743647106492,0.2553191110554407,0.06776105731103499,0.10046254356934047,0.692179131238683,1.48077746494551,0.7885983337068271,0.017632868608254595,10.639357177875228,0.1408217625449533,47.136088983868966,33.793895904253034,True,
2025-06-26 16:17:01.096069376+00:00,2025-06-26,2025,165,gt2l,165_gt2l,POST_BREACH,22,0.7781061801688285,0.8350384369314591,0.20547737788093354,0.03379041575079711,0.05009767039213179,0.7020335313100847,1.3809290497771909,0.6788955184671062,0.02642038107452519,5.6642887174176915,0.007499999832361937,47.15535836033193,33.83265806427943,True,
2025-06-26 16:17:01.251769600+00:00,2025-06-26,2025,165,gt3l,165_gt3l,POST_BREACH,13,0.8633725050742278,0.8732491811494948,0.05723138978155689,0.03954391789356393,0.05862781266899788,0.8111917495020606,0.967031767151284,0.1558400176492234,0.01768132766369527,5.900847931229594,0.009999999776482582,47.16929263504309,33.87325454271984,False,too_few_points
2025-06-26 16:17:01.449669376+00:00,2025-06-26,2025,165,gt2r,165_gt2r,POST_BREACH,57,0.7993641951198285,0.8801539345338775,0.21675382292315787,0.053677112680510675,0.07958168726012513,0.7105242813860301,1.3813738653736611,0.6708495839876311,0.030203335984298557,5.736244992211247,0.03990751099691056,47.15725212654199,33.83352093178307,True,
2025-06-26 16:17:01.589569536+00:00,2025-06-26,2025,165,gt3r,165_gt3r,POST_BREACH,49,0.8356512128787621,0.8710972469485999,0.11521375409666827,0.07389868030310254,0.10956218341737982,0.7453248789810104,0.9991079708564042,0.25378309187539383,0.021682870024242865,5.966718735377548,0.020984470521156887,47.169700386462765,33.8744098213126,True,
2025-07-03 04:14:04.717673472+00:00,2025-07-03,2025,265,gt3l,265_gt3l,POST_BREACH,67,3.762243893812361,7.4650899718105865,4.584722497151347,0.22248154207855464,0.3298511342856651,3.562146819347834,13.333718923457607,9.771572104109772,0.10318665778371501,33.12677433076428,0.02572959307896889,47.47195840517444,34.196134634267025,False,range_too_large|slope_too_steep
2025-07-03 04:14:04.911273472+00:00,2025-07-03,2025,265,gt2l,265_gt2l,POST_BREACH,44,4.626920748722814,5.322135890690705,2.6565518795898733,0.16032337660884544,0.23769543816027422,3.9178186485599498,12.771636320897178,8.853817672337229,0.004716668935284742,33.6004402475854,0.052499999990686774,47.52788447012829,34.246750845046776,False,range_too_large
2025-07-03 04:14:05.251373568+00:00,2025-07-03,2025,265,gt2r,265_gt2r,POST_BREACH,155,4.819398849139279,5.504215830407785,2.2831240212922985,0.08122313430072481,0.12042141891425459,4.532077215082342,12.678715274387928,8.146638059305586,0.2916325871608184,20.246519644956358,0.06666666325181722,47.53999203877486,34.2472319360818,False,range_too_large|slope_too_steep
2025-07-03 04:14:05.259173376+00:00,2025-07-03,2025,265,gt3r,265_gt3r,POST_BREACH,208,3.5525493901250442,5.446386186511944,3.814692614453287,0.08819805854784057,0.13076244160302844,3.3781341521085544,13.266662663696685,9.888528511588131,-0.449484263827872,31.549804190574008,0.03419795134445516,47.42993620256808,34.189094187174724,False,range_too_large|slope_too_steep
2025-07-03 04:14:05.475873536+00:00,2025-07-03,2025,265,gt1l,265_gt1l,POST_BREACH,29,4.592167086896907,4.676020374784426,0.17106891266675617,0.020843955222577648,0.030903248012993618,4.550815126728544,4.99182693728941,0.441011810560866,0.012968613136535969,14.09714130045934,0.13587905010529633,47.52278757705905,34.28870516811102,True,
2025-07-03 04:14:05.822673664+00:00,2025-07-03,2025,265,gt1r,265_gt1r,POST_BREACH,98,4.5171288642343725,4.571970288689538,0.15469268819209248,0.018357713403416298,0.027217145891905003,4.458046520227783,4.948719120767658,0.4906726005398747,-0.02920322814993188,13.979624341837722,0.08568000920801139,47.515551456044015,34.28647517454507,True,
2025-07-07 04:05:53.033227520+00:00,2025-07-07,2025,325,gt1l,325_gt1l,POST_BREACH,29,0.3155436426247604,0.6689259484360615,1.9649493583294155,0.02326625337297017,0.03449454725076557,0.24881883762532056,0.3414468041756152,0.09262796655029462,-0.6849585409931205,6.496999338355755,0.02870067980672632,46.81030877182481,33.40925869070541,False,slope_too_steep
2025-07-07 04:05:53.379127552+00:00,2025-07-07,2025,325,gt1r,325_gt1r,POST_BREACH,104,0.2553890867815607,0.25062787636207956,0.042477285049250156,0.027736670158553522,0.04112238717707145,0.20001930140137264,0.30323526496180886,0.10321596356043622,0.00034545213605964467,4.574567458386276,0.02149999951943755,46.8142807076039,33.40864552689507,True,
2025-07-07 04:05:53.671627520+00:00,2025-07-07,2025,325,gt2l,325_gt2l,POST_BREACH,17,0.29410581576775385,0.29016706319706886,0.02403022374914423,0.013509786615482966,0.020029609636115043,0.25056068241514706,0.3193605720142017,0.06879988959905464,-0.04362065227729758,0.3614268172588624,0.021175722208093193,46.786815365302374,33.36383250078849,False,too_few_points|track_too_short
2025-07-07 04:05:54.033627392+00:00,2025-07-07,2025,325,gt2r,325_gt2r,POST_BREACH,29,0.22320181236710468,0.22997721416692082,0.02927407462915995,0.013741754280651719,0.020373524896494237,0.19337112859156563,0.2859062518977616,0.09253512330619595,0.5841958495139886,0.15349404429559854,0.007499999832361937,46.78650657343987,33.36257256016345,False,track_too_short
2025-07-25 14:52:52.793920512+00:00,2025-07-25,2025,609,gt3l,609_gt3l,POST_BREACH,123,5.175910968749484,5.243857795397853,0.28080942576691753,0.030756904128942608,0.045600186061570305,5.0997064252765485,5.9204208333600095,0.820714408083461,-0.013738810532124786,27.13153846643052,0.08784857627835647,47.55500789511728,34.07852646601398,True,
2025-07-25 14:52:52.849420544+00:00,2025-07-25,2025,609,gt2l,609_gt2l,POST_BREACH,47,3.0762023749516807,3.0521980872870333,0.2406763939742282,0.040737910154032164,0.060398025594368084,2.737183876381791,3.2647304066744067,0.5275465302926157,-0.019783870407392188,23.71822580604636,0.01550785350896742,47.46385624493407,34.04869998524764,True,
2025-07-25 14:52:53.135020800+00:00,2025-07-25,2025,609,gt3r,609_gt3r,POST_BREACH,5,4.667773829987571,4.676770338207318,0.027601244745521836,0.004268457039731999,0.006328414407106661,4.657925640156398,4.714329436687389,0.056403796530990924,1.0604901980820673,0.05044738202559433,,47.34166452551367,34.10969940519051,False,too_few_points|track_too_short
2025-07-25 14:52:53.180320512+00:00,2025-07-25,2025,609,gt1l,609_gt1l,POST_BREACH,18,2.7374651749854113,3.3116123602667895,0.8069072965053435,0.27953151613287197,0.41443342581859594,2.609913171417807,4.488580066688271,1.8786668952704635,0.10809101601767156,21.673709462869496,0.9585043369895883,47.443557934361905,34.008971589759774,False,too_few_points|mad_too_large|range_too_large|stdev_too_large|slope_too_steep
2025-07-25 14:52:53.541120512+00:00,2025-07-25,2025,609,gt1r,609_gt1r,POST_BREACH,72,2.6893488459440125,2.7578088853720057,0.2731598589623622,0.164345921062381,0.24365926256708606,2.4249686698841173,3.2058560973543764,0.7808874274702591,0.016242588407805254,21.505214576714785,0.2149999953274216,47.440335861441106,34.010609542195326,True,
2025-07-25 14:52:54.470020608+00:00,2025-07-25,2025,609,gt2r,609_gt2r,POST_BREACH,203,3.0338964912554154,3.002525778006779,0.1778299557396121,0.020016914007118913,0.0296770767069545,2.758045979698252,3.1330367241641155,0.37499074446586356,-0.014858815688881501,14.60451529666543,0.019499999517574907,47.45545076330021,34.0511352960007,True,
2025-07-28 02:58:10.343869696+00:00,2025-07-28,2025,645,gt2l,645_gt2l,POST_BREACH,20,11.7143831871779,11.881822840241385,0.7616517434943098,0.23687229581262592,0.3511868657717992,11.165454985502398,13.724171909353336,2.5587169238509375,-0.11355256254907839,13.529709743015172,0.42638791269726223,47.532971546313505,35.28546974982376,False,range_too_large|slope_too_steep
2025-07-28 02:58:10.811569664+00:00,2025-07-28,2025,645,gt2r,645_gt2r,POST_BREACH,120,12.315380675388145,13.059069651219351,2.211258154206123,1.8394032308000536,2.727099229984159,10.585359433329508,15.428029215309103,4.842669781979595,-0.3929944469899555,13.71514648759092,0.26681817187504336,47.498946928251975,35.279384229110484,False,mad_too_large|range_too_large|slope_too_steep
2025-07-28 02:58:11.040969728+00:00,2025-07-28,2025,645,gt1l,645_gt1l,POST_BREACH,4,12.260392117822319,12.37860978628336,0.3680109638695713,0.1293673328197933,0.1918000076386255,12.100255577646474,12.822468730765703,0.7222131531192293,-0.1870124390274817,2.0150298696927798,,47.528137372595175,35.327838007267225,False,too_few_points|slope_too_steep
2025-07-28 02:58:11.175569408+00:00,2025-07-28,2025,645,gt1r,645_gt1r,POST_BREACH,19,11.831698405974002,12.153379264844146,0.5379118315252672,0.34939035353004044,0.5180061381436379,11.501347869013127,13.036626854192741,1.5352789851796143,-0.3753712725595736,3.4048350770174505,1.3481699055746983,47.53501477762736,35.32760010378624,False,too_few_points|mad_too_large|range_too_large|stdev_too_large|slope_too_steep
2025-07-29 14:44:21.688272896+00:00,2025-07-29,2025,669,gt3l,669_gt3l,POST_BREACH,10,0.20749000198416034,0.2484691631745882,0.07324676173571179,0.031154075807853232,0.0461890327927232,0.1762619654380643,0.3404915409649439,0.16422957552687958,-0.010120309706488952,3.8697376099187317,0.004999999888241291,46.8062680720804,33.404803220867294,False,too_few_points
2025-07-29 14:44:21.699372800+00:00,2025-07-29,2025,669,gt2l,669_gt2l,POST_BREACH,4,0.33685597357497343,0.34095702307108056,0.015095984520294514,0.006010859671834012,0.008911700549461107,0.32867549625430625,0.35898001918240485,0.0303045229280986,0.06470865487078657,0.43184197243534855,,46.78648061657832,33.36535682343826,False,too_few_points|track_too_short
2025-07-29 14:44:22.031272960+00:00,2025-07-29,2025,669,gt2r,669_gt2r,POST_BREACH,11,0.3296626378375116,0.32822207357431377,0.009237871843661986,0.008431999339826746,0.012501282221227133,0.31574776749995337,0.3399033832158658,0.024155615715912404,0.0029187931786359865,0.6469779129404584,0.009999999776482582,46.78677569046377,33.36647672495383,False,too_few_points|track_too_short
2025-07-29 14:44:22.033872896+00:00,2025-07-29,2025,669,gt3r,669_gt3r,POST_BREACH,60,0.1824417058169132,0.168134072222648,0.0783906923787299,0.06632226124876972,0.09832938452742598,0.05387940119809187,0.2767962293144169,0.22291682811632502,0.0015740403496773269,4.009173143412451,0.007499999832361937,46.8041017470146,33.40620130699973,True,
2025-08-01 02:49:45.561822208+00:00,2025-08-01,2025,705,gt2l,705_gt2l,POST_BREACH,55,6.73371480007469,6.563980263707537,0.24689785709545564,0.2081559678225453,0.30861203789370567,6.243275297891465,6.837030872080452,0.5937555741889868,0.028807243042030275,9.764748926982639,0.011999999545514584,47.5572891192371,34.51037772067782,True,
2025-08-01 02:49:45.628422144+00:00,2025-08-01,2025,705,gt3l,705_gt3l,POST_BREACH,50,6.403671271318922,6.432815365535635,0.18450079301971176,0.03160772956722191,0.0468616198563632,6.31164068507483,6.834783011751915,0.5231423266770845,0.025820645995796653,3.4926742545519014,0.010999999567866325,47.57070543441189,34.469070369919166,True,
2025-08-01 02:49:46.055722240+00:00,2025-08-01,2025,705,gt1r,705_gt1r,POST_BREACH,88,7.174008507322034,7.1387919457750115,0.10009021948601138,0.04511188779722275,0.06688288484816245,7.001038448076257,7.225773931947545,0.22473548387128783,-0.06345124848283491,4.879217781718909,0.02852674446661364,47.554988897475596,34.551974529006195,False,slope_too_steep
2025-08-01 02:49:46.064122112+00:00,2025-08-01,2025,705,gt1l,705_gt1l,POST_BREACH,24,7.2085954183139975,7.204051946238092,0.036264503780467895,0.026438347068166834,0.03919749336326415,7.147682903291501,7.252046159689229,0.10436325639772814,-0.013394811992552156,2.395865571479055,0.009999999776482582,47.55390315863406,34.553017174314,True,
2025-08-05 02:41:36.591575552+00:00,2025-08-05,2025,769,gt1l,769_gt1l,POST_BREACH,115,0.5957135905443636,0.6065132233585726,0.11960290596343179,0.07735251162065993,0.1146828337287904,0.46403591629341745,0.7602504315453491,0.29621451525193165,0.009168477961172577,16.419350607183368,0.022272726182233204,46.99922926064876,33.6957598888059,True,
2025-08-05 02:41:36.787875584+00:00,2025-08-05,2025,769,gt1r,769_gt1r,POST_BREACH,788,0.5182539386954286,0.5384908771319009,0.3713845060669354,0.05996578459260782,0.08890527223700034,0.346144376498026,0.7086545947497328,0.3625102182517068,-0.004231479519197474,22.795132391428158,0.02130311777935928,46.991883174886695,33.69357461368876,True,
2025-08-05 02:41:36.884975360+00:00,2025-08-05,2025,769,gt2l,769_gt2l,POST_BREACH,222,0.6444935453874603,0.8086860312268319,0.42645222891393286,0.19824985999671263,0.2939252424311261,0.34450888019423614,1.5215507574965175,1.1770418773022813,-0.02752525350378655,22.19012400840568,0.009999999732133887,46.94410378077812,33.64532493133961,False,range_too_large
2025-08-05 02:41:37.242375680+00:00,2025-08-05,2025,769,gt2r,769_gt2r,POST_BREACH,896,0.6715025253156774,0.7460400066185954,0.41976013451263394,0.2874557443997414,0.4261818866470566,0.33674536057248616,1.4846415751134607,1.1478962145409746,-0.022239734058096917,22.532483664631098,0.011749119038999148,46.9313681904823,33.64237411934635,False,mad_too_large|range_too_large
2025-08-05 02:41:37.622875648+00:00,2025-08-05,2025,769,gt3l,769_gt3l,POST_BREACH,277,0.5163025375172232,0.6149844064661963,1.2595706690658517,0.035234777089385716,0.05223908051272326,0.4079289617962353,0.5725849576399057,0.1646559958436704,0.009670038559162136,19.44090813104364,0.008333333147068819,46.90012954320864,33.59647859250027,True,
2025-08-05 02:41:37.962075648+00:00,2025-08-05,2025,769,gt3r,769_gt3r,POST_BREACH,1068,0.4532559725429266,0.6431304308423876,2.363031238264305,0.048946168546759594,0.07256758948742577,0.32136759524251274,0.5244848313424049,0.20311723609989213,0.005926317374120997,19.57825543536762,0.017121763282548462,46.89813370045001,33.59505489969929,True,
2025-08-19 13:37:06.756210176+00:00,2025-08-19,2025,989,gt1l,989_gt1l,POST_BREACH,54,9.75098249751653,9.868892828651452,0.27094611350061304,0.023354835372085603,0.03462587892265411,9.680380050755774,10.486099177302437,0.8057191265466628,-0.040737862763174586,14.23265900902055,0.14499999806284905,47.546127407083596,35.032200714405235,True,
2025-08-19 13:37:06.819310080+00:00,2025-08-19,2025,989,gt3l,989_gt3l,POST_BREACH,139,11.061074626666855,10.746739587248362,0.7294985615427192,0.8946658050903693,1.3264315226269814,9.91517711963945,12.05901700635985,2.1438398867204,0.0056547146673061825,45.05715765258175,0.13603162211041117,47.68093201099733,35.09925893978691,False,mad_too_large|range_too_large
2025-08-19 13:37:06.990810112+00:00,2025-08-19,2025,989,gt3r,989_gt3r,POST_BREACH,301,11.349213975997841,11.533750392656314,0.6223276303308868,0.2837660430643396,0.42071153544718987,11.041837539655543,12.190332130289335,1.148494590633792,-0.014851400918592633,46.3487759306882,0.22085827661364554,47.68028734295459,35.1004687842537,False,mad_too_large|range_too_large
2025-08-19 13:37:07.084210176+00:00,2025-08-19,2025,989,gt1r,989_gt1r,POST_BREACH,265,9.694105628897745,9.688677097698946,0.20293995086960986,0.04345534149008046,0.06442688929319328,9.437364472602088,9.9614934865583,0.5241290139562125,0.00395366397436641,14.368786806606527,0.19557691963676077,47.54771766529152,35.033177003662054,True,
2025-08-19 13:37:07.855610112+00:00,2025-08-19,2025,989,gt2r,989_gt2r,POST_BREACH,195,9.789819289113396,10.650171192142635,1.1609993739449724,0.0456571849093379,0.06769134234658436,9.734377087550312,12.489146190389112,2.7547691028388,-0.22946796371174563,14.015975984747028,0.06394736738385338,47.59260048426556,35.06989661220715,False,range_too_large|slope_too_steep
2025-08-19 13:37:07.889810176+00:00,2025-08-19,2025,989,gt2l,989_gt2l,POST_BREACH,60,9.836524213969906,11.021076050601444,1.3889757983878546,0.058605401256944134,0.08688836790354537,9.778867139337914,12.958373212820833,3.1795060734829192,-0.2908738307495333,11.266554909047812,0.17644126049912812,47.590457386388394,35.068944842537356,False,range_too_large|slope_too_steep
2025-08-27 13:20:20.295412736+00:00,2025-08-27,2025,1109,gt1l,1109_gt1l,POST_BREACH,18,0.2643407356985321,0.27069480659256506,0.04466966653150489,0.03034736459960108,0.04499300275536856,0.21320945384320958,0.3452837100301366,0.132074256186927,0.006756757211267515,2.148802594914709,0.05588074783898062,46.82875444686851,33.5764667244621,False,too_few_points
2025-08-27 13:20:20.408412928+00:00,2025-08-27,2025,1109,gt2l,1109_gt2l,POST_BREACH,46,0.27264420720988625,0.30715022377991513,0.1273596432877484,0.036284150998083575,0.053794882269758704,0.18028232786078835,0.6428959679072639,0.46261364004647554,-0.0074216747045822195,12.61279869183789,0.027535864071029682,46.882591763361326,33.611488964871384,True,
2025-08-27 13:20:20.644512768+00:00,2025-08-27,2025,1109,gt1r,1109_gt1r,POST_BREACH,80,0.20945845171120148,0.2079732429912693,0.0413582480730445,0.0168336117909611,0.024957512841278926,0.12974012756872016,0.27115062655571637,0.1414104989869962,0.0156777437087431,3.4089392543272794,0.00874999980442226,46.82992127810603,33.57749304695352,True,
2025-08-27 13:20:20.765512704+00:00,2025-08-27,2025,1109,gt2r,1109_gt2r,POST_BREACH,213,0.23590414627659584,0.272343277539831,0.37960747198689665,0.04444134159743385,0.06588873305235542,0.08876740422190892,0.5686162008860393,0.47984879666413033,0.035816934336150234,19.67752531829662,0.019999999774708635,46.876793953162,33.613534998395735,True,
2025-08-27 13:20:20.873512704+00:00,2025-08-27,2025,1109,gt3l,1109_gt3l,POST_BREACH,34,0.3850948137452992,0.7790380219250735,0.981518232796024,0.038101962795613176,0.05648997004077609,0.23650456871732645,3.5671010400812717,3.330596471363945,-0.12543019549556894,14.610978917068564,0.007014728483877012,46.94827644392069,33.64496603854677,False,range_too_large|slope_too_steep
2025-08-27 13:20:21.211912960+00:00,2025-08-27,2025,1109,gt3r,1109_gt3r,POST_BREACH,63,0.3664300314685285,0.7299495706546253,0.9470740842584555,0.028588446203688278,0.04238523034158824,0.17434635393211942,3.577602781553426,3.4032564276213066,-0.10582198909222233,14.72333777461663,0.01699999924749136,46.94589958376571,33.6464244904742,False,range_too_large|slope_too_steep
2025-08-30 01:25:47.113860096+00:00,2025-08-30,2025,1149,gt3l,1149_gt3l,POST_BREACH,29,7.615429958489425,7.7128736742573825,0.24122225413827555,0.01922520162387542,0.028503283927557698,7.58872968296068,8.244735812308873,0.6560061293481931,0.11889169977054201,6.453391458763484,0.12543346964079757,47.511600444812345,34.72049916536434,False,slope_too_steep
2025-08-30 01:25:47.210760192+00:00,2025-08-30,2025,1149,gt2l,1149_gt2l,POST_BREACH,30,8.436249569165394,8.431147604088366,0.036284605804198115,0.031154627880685126,0.046189851295903764,8.377307574661925,8.484181663350737,0.10687408868881221,-0.06882082791252381,0.7805736323323158,0.006666666517655055,47.54669517058195,34.76838370382079,False,track_too_short
2025-08-30 01:25:47.414160128+00:00,2025-08-30,2025,1149,gt1l,1149_gt1l,POST_BREACH,14,8.930423636759809,9.227923079475891,0.42774181384813137,0.05442385541218009,0.0806888080340982,8.876486902821405,9.93696762470065,1.0604807218792445,-0.1539442441482534,6.48166160408934,0.07500000298023224,47.511815937739875,34.806387035952,False,too_few_points|range_too_large|slope_too_steep
2025-08-30 01:25:47.819460096+00:00,2025-08-30,2025,1149,gt3r,1149_gt3r,POST_BREACH,99,7.580298442428759,7.654232695855433,0.18700675691117788,0.027564645602595306,0.0408673435704078,7.523886798056272,8.103093680648387,0.5792068825921151,0.13724223783431375,3.7624253586017207,0.011943537629011906,47.51050641211296,34.719119138538815,False,slope_too_steep
2025-08-30 01:25:48.718760192+00:00,2025-08-30,2025,1149,gt1r,1149_gt1r,POST_BREACH,30,7.566288116115421,7.579668437686509,0.03680146103648038,0.014079283534526255,0.020873945768288625,7.537350321003373,7.652761178387573,0.11541085738419987,0.1589698515358684,0.192127453357457,0.006666666517655055,47.47283879557941,34.79964225643758,False,track_too_short
2025-09-03 01:17:17.225409024+00:00,2025-09-03,2025,1209,gt2l,1209_gt2l,POST_BREACH,93,2.3726872399395447,2.1755030587157065,0.44809307728957604,0.07287220499701874,0.10804033112857998,0.9081418543821244,2.530512332998374,1.6223704786162498,0.03989202037003579,40.40676067602738,0.01666666681153907,47.444253721420864,33.975384661159694,False,range_too_large
2025-09-03 01:17:17.568109056+00:00,2025-09-03,2025,1209,gt2r,1209_gt2r,POST_BREACH,568,2.3583496474979366,2.267876579996945,0.4937265149333412,0.07736317971985862,0.11469865025266239,1.3781921220411804,2.5632052740007643,1.185013151959584,0.03923767829975831,40.5892591097279,0.03089285670180938,47.46191779102476,33.97666686211386,False,range_too_large
2025-09-03 01:17:18.314808832+00:00,2025-09-03,2025,1209,gt3r,1209_gt3r,POST_BREACH,68,0.7827941972616479,2.871613630916496,3.880544241581137,0.021718288074575653,0.03219953389936586,0.7347076619415145,14.633034490915376,13.898326828973861,0.17672242752270476,39.51360913081777,0.07725066274759315,47.26304918320076,33.905927728371736,False,range_too_large|slope_too_steep
2025-09-03 01:17:18.942908928+00:00,2025-09-03,2025,1209,gt1r,1209_gt1r,POST_BREACH,147,1.2010553696806916,1.3180928565229872,0.22461682536022706,0.06224627076974443,0.09228632104322308,1.120252584876424,1.709455337474883,0.5892027525984591,0.03467923784785644,22.94978463167474,0.021633607709184797,47.30299933858663,33.99691335013126,True,
2025-09-03 01:17:20.339409152+00:00,2025-09-03,2025,1209,gt1l,1209_gt1l,POST_BREACH,57,1.2205519846929143,1.3097277365618671,0.20992712901127267,0.06561496165180003,0.09728074214495872,1.1340998477125475,1.7564793267911134,0.622379479078566,0.04139730279062089,9.869803986789323,0.017999999225139618,47.30456959906403,33.998315421941804,True,
2025-09-03 01:17:23.443309056+00:00,2025-09-03,2025,1209,gt3l,1209_gt3l,POST_BREACH,14,0.7445206690585966,0.7464731192644294,0.0236906816583543,0.013259162850827622,0.01965803484263703,0.7194053770473327,0.785226326718906,0.06582094967157337,0.07359235456022194,0.5289801683986156,0.009999999776482582,47.157609163645894,33.89235800969003,False,too_few_points|track_too_short
2025-09-17 12:13:13.794631936+00:00,2025-09-17,2025,45,gt1r,45_gt1r,POST_BREACH,164,13.313955498463448,12.504485014746068,1.8324244143177808,0.8680333190727083,1.2869461988571973,9.608964615747054,14.5938540190939,4.9848894033468465,0.17544976769737247,30.9111219686219,0.4022003520255121,47.57914319995478,35.20703976169006,False,mad_too_large|range_too_large|slope_too_steep
2025-09-17 12:13:14.272632064+00:00,2025-09-17,2025,45,gt1l,45_gt1l,POST_BREACH,43,14.23405567645522,13.994600117444616,0.9882644126761031,0.6522791723155592,0.967069100875048,12.63338999261674,15.07943073023756,2.4460407376208195,0.04436311113167472,25.074662050063022,0.7971182610537555,47.56432834873494,35.20800930604433,False,mad_too_large|range_too_large|stdev_too_large
2025-09-17 12:13:14.413132032+00:00,2025-09-17,2025,45,gt3l,45_gt3l,POST_BREACH,11,11.82065128496065,11.832665602300354,0.223679499745997,0.11648978469854043,0.17270775479405603,11.48407226353056,12.127222292266673,0.6431500287361125,0.10803861073881621,4.352480746056544,0.41426827148957684,47.54780279351419,35.296524091108786,False,too_few_points|slope_too_steep
2025-09-17 12:13:14.480132096+00:00,2025-09-17,2025,45,gt2l,45_gt2l,POST_BREACH,42,12.807315638478377,12.846947345693028,0.3268697398874576,0.1504799078670036,0.22310151140361953,12.260636657276404,13.481917921678905,1.221281264402501,0.11983839474565511,6.585847565588285,0.23249999061226845,47.55429292022661,35.252545073945484,False,range_too_large|slope_too_steep
2025-09-17 12:13:14.831532032+00:00,2025-09-17,2025,45,gt3r,45_gt3r,POST_BREACH,61,11.761427088326478,11.742950271866858,0.18493864489686648,0.1401319407611652,0.2077596153725035,11.440128808018976,11.998699238555112,0.5585704305361361,0.04078736546448669,5.999441122875185,0.20833332588275275,47.549460621187066,35.29745152069143,True,
2025-09-17 12:13:14.902731776+00:00,2025-09-17,2025,45,gt2r,45_gt2r,POST_BREACH,100,12.796862336499832,12.791952143383723,0.2803030247387458,0.1332486363360772,0.19755442823186803,12.350101293380453,13.30275090613353,0.9526496127530777,0.06190550693907784,6.065362839503913,0.1509999930858612,47.55458087364258,35.25371903698066,False,slope_too_steep
2025-09-21 12:04:58.178079488+00:00,2025-09-21,2025,105,gt2r,105_gt2r,POST_BREACH,190,6.029470415732307,6.057220295833407,0.12145872245254029,0.042971007968382935,0.06370881641392453,5.969933238155273,6.195290573514875,0.22535733535960123,-0.05516538045394518,10.378991816269743,0.011052631282884823,47.569271207311616,34.47298893596688,False,slope_too_steep
2025-09-21 12:04:58.195879424+00:00,2025-09-21,2025,105,gt2l,105_gt2l,POST_BREACH,55,6.030337720599217,6.073333302650984,0.2047826082939875,0.03182395285465134,0.04718219250230607,5.943045907617784,6.513720618971122,0.5706747113533375,0.01697182978833086,7.880197871637693,0.01099999938160181,47.56978762102234,34.47170897613054,True,
2025-09-21 12:04:58.274979584+00:00,2025-09-21,2025,105,gt1r,105_gt1r,POST_BREACH,89,5.79973593031648,5.733653155563219,0.16522564982624696,0.04924688129770516,0.07301342621197766,5.432331949784158,5.895451917089046,0.46311996730488847,0.04513880703463622,7.30118330412629,0.10093906538540058,47.5485976543253,34.43281935937155,True,
2025-09-21 12:04:58.885479424+00:00,2025-09-21,2025,105,gt3l,105_gt3l,POST_BREACH,33,6.462793648139204,6.51549257630442,0.36390412759218765,0.05975755906943547,0.08859655707634503,6.360550635601775,6.7281096732783245,0.36755903767654985,0.3356065599263032,3.059253364784753,0.026666665449738503,47.57352054978727,34.51414292773074,False,slope_too_steep
2025-09-21 12:04:58.887479552+00:00,2025-09-21,2025,105,gt1l,105_gt1l,POST_BREACH,14,5.743809867220749,5.748326716505992,0.03690359695679483,0.024489350847506586,0.036307911566513265,5.713427573315042,5.805424885590597,0.09199731227555485,-0.1165060790493375,0.44279378539856123,0.009999999776482582,47.56410835130066,34.42950091648725,False,too_few_points|track_too_short
2025-09-25 11:56:25.563126528+00:00,2025-09-25,2025,165,gt1r,165_gt1r,POST_BREACH,1,2.684089547016086,2.684089547016086,,0.0,0.0,2.684089547016086,2.684089547016086,0.0,,,,47.06420267227359,33.72288335721059,False,too_few_points
2025-09-25 11:56:25.780226560+00:00,2025-09-25,2025,165,gt3r,165_gt3r,POST_BREACH,56,0.4630353236890006,0.4379117125700564,0.11692860041408283,0.023049658645730275,0.0341734239081597,0.1855493528985308,0.579514121255591,0.3939647683570602,0.037034864316815734,7.114353587840932,0.02436785606135215,47.13025895072435,33.798704667365925,True,
2025-09-25 11:56:25.929826560+00:00,2025-09-25,2025,165,gt3l,165_gt3l,POST_BREACH,14,0.454910960481433,0.4930977156246382,0.1469662945392981,0.021403251694119163,0.03173246096170107,0.4199573178685519,0.670448426610281,0.25049110874172914,-0.1503407164321732,3.3248919315685317,0.004999999888241291,47.14070934523535,33.79611897974296,False,too_few_points|slope_too_steep
2025-09-25 11:56:25.936826368+00:00,2025-09-25,2025,165,gt2r,165_gt2r,POST_BREACH,11,0.42340270161073335,1.7188374043716814,4.2906946458100315,0.009197185112412853,0.013635746647663295,0.41254387473915166,7.56126424704404,7.148720372304888,1.2824273826030266,11.37295651119727,0.0949999988079071,47.10367503122108,33.7599384081396,False,too_few_points|range_too_large|slope_too_steep
2025-10-01 23:53:31.541517824+00:00,2025-10-01,2025,265,gt3l,265_gt3l,POST_BREACH,19,4.678062961883207,7.959623488118574,4.520391886864495,0.8336250362074225,1.2359324786811245,3.843351555154599,13.13309215107629,9.289740595921693,-0.5493980376228986,18.504311190311793,0.028187545016407967,47.40705530235999,34.18701105748528,False,too_few_points|mad_too_large|range_too_large|slope_too_steep
2025-10-01 23:53:31.885517824+00:00,2025-10-01,2025,265,gt3r,265_gt3r,POST_BREACH,156,3.9155117412401683,4.370833900748883,1.905877619695996,0.018852148884050735,0.027950195935493617,3.794561568117631,4.629057794206244,0.8344962260886133,-0.4492319177091194,18.426642757326526,0.016941521985408586,47.443362083517336,34.19098943341469,False,slope_too_steep
2025-10-01 23:53:31.910217728+00:00,2025-10-01,2025,265,gt2l,265_gt2l,POST_BREACH,7,4.4437477776520815,4.44485995732493,0.026803734691527817,0.013780525086520612,0.020431006493275457,4.417115407953314,4.484230802834,0.06711539488068663,0.11306794516070737,0.23302076132883826,0.03288809582591057,47.47346737480999,34.238974697477865,False,too_few_points|track_too_short
2025-10-01 23:53:32.212817664+00:00,2025-10-01,2025,265,gt1l,265_gt1l,POST_BREACH,1,7.363649680656572,7.363649680656572,,0.0,0.0,7.363649680656572,7.363649680656572,0.0,,,,47.45343861159225,34.27866068986251,False,too_few_points
2025-10-01 23:53:32.248117760+00:00,2025-10-01,2025,265,gt2r,265_gt2r,POST_BREACH,51,4.403515501447281,4.422692090637561,0.18643614409507148,0.02100540734254963,0.03114261692606408,4.344789348594555,4.443793178865347,0.09900383027079229,-0.27591963441386225,4.854874697615367,0.010999999567866325,47.47249375118454,34.23756951336276,False,slope_too_steep
2025-10-01 23:53:32.560017920+00:00,2025-10-01,2025,265,gt1r,265_gt1r,POST_BREACH,5,7.979167793367733,7.891024403439657,0.5834590379870166,0.30150771076658245,0.4470153319825351,7.108646571668921,8.357305775527433,1.2486592038585114,-0.1682305624283878,1.200820064771191,,47.447079259388865,34.27657319178217,False,too_few_points|mad_too_large|range_too_large|track_too_short
2025-10-05 23:44:58.110962176+00:00,2025-10-05,2025,325,gt2l,325_gt2l,POST_BREACH,77,0.2994987948431671,0.30056261290548464,0.03538648202244727,0.023439802154385347,0.034751850674091714,0.2327910993186265,0.3520945701676744,0.11930347084904794,-0.0212595571174271,2.4751773729193816,0.008571428379842214,46.828074523168006,33.450663325539104,True,
2025-10-05 23:44:58.118562304+00:00,2025-10-05,2025,325,gt1l,325_gt1l,POST_BREACH,18,0.3581301906024841,0.35705368349876504,0.02209566030801386,0.01208617578727278,0.01791896422221062,0.3322990114655324,0.38501506599435403,0.05271605452882161,-0.0030549665305536324,2.118048719212139,0.040375062367982335,46.825713565815995,33.492330030756676,False,too_few_points
2025-10-05 23:44:58.277661952+00:00,2025-10-05,2025,325,gt1r,325_gt1r,POST_BREACH,72,0.31087040500451124,0.31247251946359605,0.02887926248279629,0.015211856402574497,0.02255309830245695,0.2557705829711631,0.35458386255906155,0.09881327958789843,-0.006045344454697233,3.465919243514506,0.017142856626638343,46.82920751350777,33.49168198261774,True,
2025-10-05 23:44:58.401562112+00:00,2025-10-05,2025,325,gt3l,325_gt3l,POST_BREACH,16,0.2588276418808242,0.9087941249834341,2.8592502856488275,0.030049747803090554,0.044551756092862056,-0.06341500499315078,3.1346324700208212,3.198047475013972,-0.7391923992762958,6.204064961060766,0.06499999761581421,46.80759739520043,33.40581603431355,False,too_few_points|range_too_large|slope_too_steep
2025-10-05 23:44:58.450162176+00:00,2025-10-05,2025,325,gt2r,325_gt2r,POST_BREACH,354,0.26165088199173425,0.2652393510935089,0.02314882228705607,0.012782602333857085,0.018951486220176512,0.23622640140830936,0.2999875786956918,0.06376117728738245,0.0033329171025631367,2.44349618464361,0.011285713980240482,46.828889997802996,33.449569897908866,True,
2025-10-05 23:44:58.754162176+00:00,2025-10-05,2025,325,gt3r,325_gt3r,POST_BREACH,38,0.31346895956497356,3.1230751589777435,5.60142625611019,0.023837953237087817,0.035342149469306396,0.2500303464832271,14.730478671270468,14.480448324787242,-2.2075956031490995,6.435100454520727,0.06146573038721407,46.81259879173827,33.405335659300086,False,range_too_large|slope_too_steep
2025-10-30 22:29:34.439386368+00:00,2025-10-30,2025,705,gt2l,705_gt2l,POST_BREACH,5,6.976200291719923,6.787788307580366,0.34951256476586173,0.03509109431620416,0.05202605643320429,6.303909178557315,7.0071899299626725,0.7032807514053578,-0.12403145922955314,2.922585185057153,,47.57975531471918,34.513490193027145,False,too_few_points|slope_too_steep
2025-10-30 22:29:34.621986304+00:00,2025-10-30,2025,705,gt1r,705_gt1r,POST_BREACH,12,7.201836832143869,7.115461699904905,0.24717969455585298,0.1646307948985104,0.2440816165165315,6.831501268328461,7.437948412246588,0.6064471439181274,-0.08687165527246324,4.313738205427238,0.10499999672174454,47.575061916306474,34.55490301226842,False,too_few_points|slope_too_steep
2025-10-30 22:29:34.669186304+00:00,2025-10-30,2025,705,gt3l,705_gt3l,POST_BREACH,47,6.104281131762107,6.061814267167547,0.17100744792629213,0.012304680301621573,0.018242919015184142,5.53706445687611,6.150766395598389,0.6137019387222784,0.07495490278711564,8.48209456552687,0.015270929506167452,47.56423409792821,34.468252241002006,False,slope_too_steep
2025-10-30 22:29:34.677886464+00:00,2025-10-30,2025,705,gt2r,705_gt2r,POST_BREACH,27,6.371725667434426,6.435733847140464,0.2593788486286324,0.10749545928269555,0.15937276793252442,6.238986396825468,7.022212386795318,0.7832259899698499,-0.025545935605044597,9.645456754303328,0.13976428754351758,47.57509659631159,34.51175138999117,True,
2025-10-30 22:29:34.880086528+00:00,2025-10-30,2025,705,gt1l,705_gt1l,POST_BREACH,1,7.219303891690412,7.219303891690412,,0.0,0.0,7.219303891690412,7.219303891690412,0.0,,,,47.560453162816394,34.55390404617105,False,too_few_points
2025-11-03 22:21:17.348926976+00:00,2025-11-03,2025,769,gt1l,769_gt1l,POST_BREACH,11,3.577923308358546,3.524616987282384,0.23249592909213182,0.19442552915566225,0.28825528952618484,3.1975176137842922,3.805461892156762,0.6079442783724698,-0.014411258174418361,14.194116470562424,0.574999988079071,47.100657841812634,33.791254093144474,False,too_few_points|stdev_too_large
2025-11-03 22:21:17.574126848+00:00,2025-11-03,2025,769,gt2r,769_gt2r,POST_BREACH,31,0.569394209343141,1.0655355050335593,1.9976098128661293,0.018169854186915302,0.026938625817520625,0.5308661214903445,3.273713627357248,2.7428475058669033,0.05116411984432365,31.114812300495064,0.10132914396195576,47.07521510990978,33.74374499931604,False,range_too_large|slope_too_steep
2025-11-03 22:21:17.953027072+00:00,2025-11-03,2025,769,gt1r,769_gt1r,POST_BREACH,20,0.6660644662567741,0.7155151484873576,0.13648546991744542,0.033505123371657675,0.04967469591081967,0.6082576567483002,0.9087580045275665,0.30050034777926626,0.01807051524265648,5.861070304076397,0.16249999403953552,47.135897871974365,33.795113537396425,True,
2025-11-03 22:21:18.796327168+00:00,2025-11-03,2025,769,gt2l,769_gt2l,POST_BREACH,10,0.5505535885074853,0.5879949860459209,0.13038467012550167,0.015550992015702647,0.023055900762480742,0.522081540375785,0.7839067496331393,0.2618252092573543,-0.03793725229743795,6.379077731976905,0.10999999940395355,47.07249206658044,33.744536723938964,False,too_few_points
2025-11-03 22:21:19.308826880+00:00,2025-11-03,2025,769,gt3l,769_gt3l,POST_BREACH,48,0.3697243952275411,0.39841465310888147,0.15713932502762004,0.05571642364658658,0.08260516969842925,0.26685964881029933,0.5976981035888302,0.3308384547785309,0.02380090108348786,16.43576519510928,0.00874999980442226,46.978559792191426,33.68867537187742,True,
2025-11-03 22:21:19.658627072+00:00,2025-11-03,2025,769,gt3r,769_gt3r,POST_BREACH,191,0.23905779958966633,0.18734146617652941,0.18810504522048932,0.04625004551739664,0.06857031748409226,-0.12683863856033106,0.44153135779280284,0.5683699963531339,0.02278066391951514,16.42695794445022,0.02184210413772809,46.978748940927,33.687493012107154,True,
2025-11-18 09:17:07.881113344+00:00,2025-11-18,2025,989,gt3l,989_gt3l,POST_BREACH,8,9.978576399041536,9.950163477058835,0.3282736391767662,0.2907330985720975,0.4310408919429917,9.53409852212628,10.319162399568299,0.7850638774420187,0.09164232668214954,3.7411744142101764,0.7347379922866821,47.46370400980683,35.04892514639631,False,too_few_points|mad_too_large|stdev_too_large|slope_too_steep
2025-11-18 09:17:08.184013056+00:00,2025-11-18,2025,989,gt2l,989_gt2l,POST_BREACH,7,11.330359664908464,11.199888463514968,0.4129243280632328,0.2583358166672802,0.38300868179090963,10.634512609610946,11.678521052118397,1.044008442507451,0.15106726169506363,6.898118417143449,0.9517168402671814,47.50150058616775,35.000513336690865,False,too_few_points|mad_too_large|range_too_large|stdev_too_large|slope_too_steep
2025-11-18 09:17:08.257513216+00:00,2025-11-18,2025,989,gt2r,989_gt2r,POST_BREACH,46,11.176528956612549,11.139708123747301,0.3820200841962072,0.31431640017867757,0.46600549490490734,10.568344940180179,11.673366464278038,1.1050215240978591,0.12940584004022485,9.492539004510252,0.26890220849410346,47.50111505047375,35.00177796809264,False,mad_too_large|range_too_large|slope_too_steep
2025-11-18 09:17:08.499112960+00:00,2025-11-18,2025,989,gt1r,989_gt1r,POST_BREACH,24,10.61290766459943,10.610536578992066,0.3329803341902142,0.15444932591513627,0.22898657060178101,10.140015732688886,11.300019454778187,1.1600037220893018,0.1748275039277018,7.019091208796065,0.2749999910593033,47.482374076193594,34.9614023818334,False,range_too_large|slope_too_steep
2025-11-18 09:17:08.993913088+00:00,2025-11-18,2025,989,gt3r,989_gt3r,POST_BREACH,44,11.852225347752341,11.833146376498354,0.33313788440806813,0.18899525905330528,0.2802043710724304,11.245986635382328,12.274468007729578,1.0284813723472492,0.18538617860252019,5.726294019044945,0.15374999679625034,47.52441944840104,35.04145040117584,False,range_too_large|slope_too_steep
2025-11-22 09:08:47.922546432+00:00,2025-11-22,2025,1049,gt1l,1049_gt1l,POST_BREACH,22,3.8789936829302967,3.8729630587011026,0.23517731858172122,0.08358290330762408,0.12392001244388345,3.5793179149407814,4.432106209323703,0.8527882943829219,0.10703224418859796,7.747850068837145,0.10500000044703484,47.436438801850905,34.18804891719408,False,slope_too_steep
2025-11-22 09:08:48.177946368+00:00,2025-11-22,2025,1049,gt2l,1049_gt2l,POST_BREACH,41,4.342963445849229,4.545362468460912,0.36089539898604567,0.04645696034724267,0.06887708941082198,4.283279525853075,5.043712391148631,0.7604328652955559,0.11652269658962425,9.60925154127255,0.00874999980442226,47.487279297621654,34.223847882215686,False,slope_too_steep
2025-11-22 09:08:48.260846336+00:00,2025-11-22,2025,1049,gt1r,1049_gt1r,POST_BREACH,5,3.935223740720332,4.04011937971419,0.26219731840504507,0.0947753586417015,0.14051394672218664,3.845354274720306,4.398938182646189,0.5535839079258831,0.07826362920432323,8.006323099125455,,47.44279745560535,34.18829318114315,False,too_few_points|slope_too_steep
2025-11-22 09:08:48.335246336+00:00,2025-11-22,2025,1049,gt3l,1049_gt3l,POST_BREACH,281,5.500376025295182,5.984333895782278,1.8418679525619626,0.3117456230555504,0.462194060742159,4.965257212285422,12.02288454955066,7.057627337265238,0.3518554320714892,17.802462957575173,0.060795141015496615,47.557196322618516,34.256962625086125,False,mad_too_large|range_too_large|slope_too_steep
2025-11-22 09:08:48.678646272+00:00,2025-11-22,2025,1049,gt3r,1049_gt3r,POST_BREACH,55,5.779214448903595,6.184314523726722,1.9102462442270576,0.2844901376858999,0.4217850781331152,4.987089149665355,12.074679775317536,7.087590625652181,0.2974676688309638,17.76782636578132,0.03999999910593033,47.56098925025441,34.25748693036477,False,mad_too_large|range_too_large|slope_too_steep
2025-11-22 09:08:48.981546496+00:00,2025-11-22,2025,1049,gt2r,1049_gt2r,POST_BREACH,10,4.680704345237126,4.685956107378621,0.3435385021815107,0.32115094072037564,0.4761383847120289,4.33139072492438,5.032331813404728,0.7009410884803478,0.10806339507518789,6.292974150372411,0.009999999776482582,47.496601957624236,34.22369079571708,False,too_few_points|mad_too_large|slope_too_steep
2025-11-26 08:59:57.759984128+00:00,2025-11-26,2025,1109,gt2l,1109_gt2l,POST_BREACH,3,0.27452789577016645,0.27541101094115916,0.017745831099639255,0.016404670212526895,0.024321564057092373,0.25976369257889226,0.291676509923121,0.03191281734422874,0.002160363038149438,1.3476509579687663,,46.827318793319826,33.537935712084,False,too_few_points|track_too_short
2025-11-26 08:59:57.816283904+00:00,2025-11-26,2025,1109,gt3l,1109_gt3l,POST_BREACH,4,0.3477939709128588,0.34712421224120504,0.028905976663015916,0.023664729377401272,0.03508532777493512,0.3182361828968128,0.375074579445282,0.05683839654846917,0.019566586740937208,1.7205529220559235,,46.83220572648236,33.57977003053658,False,too_few_points|track_too_short
2025-11-26 08:59:57.864784128+00:00,2025-11-26,2025,1109,gt1l,1109_gt1l,POST_BREACH,9,0.3469694575648816,0.3451225775642324,0.02745575703799805,0.026209319375858797,0.03885793690664825,0.30716099432604266,0.3755970269693293,0.06843603264328663,0.0007956350855391866,3.3540123326879607,0.23671747578514946,46.83508061623326,33.49429203170408,False,too_few_points
2025-12-25 07:36:30.609186048+00:00,2025-12-25,2025,165,gt1l,165_gt1l,POST_BREACH,506,1.6633213508058624,1.6806224198905892,0.11742565614734575,0.01950697962572434,0.028921047993098907,1.5460387803919309,1.7426488548546324,0.1966100744627015,-0.012359826038007483,11.55154094217223,0.03612998238370824,47.14432241175964,33.79143488187989,True,
2025-12-25 07:36:30.701186304+00:00,2025-12-25,2025,165,gt2l,165_gt2l,POST_BREACH,230,1.8207660397501897,1.885267423625092,0.8793609557469654,0.06954089130267427,0.10310132544534487,1.6121215041591919,2.008095217684381,0.3959737135251893,-0.1530827072511891,12.935796977805015,0.0587048769781464,47.15964351371158,33.831931400395575,False,slope_too_steep
2025-12-25 07:36:30.954886144+00:00,2025-12-25,2025,165,gt1r,165_gt1r,POST_BREACH,93,1.7073093606796057,1.741855820207544,0.2377003546759527,0.050178416317248065,0.07439452003195197,1.5962698797978667,2.0116334358773234,0.41536355607945663,0.02014041428645045,12.07380641115614,0.007777777603930897,47.14016386116082,33.79307943793667,True,
2025-12-25 07:36:31.043986432+00:00,2025-12-25,2025,165,gt2r,165_gt2r,POST_BREACH,70,1.7953617855750892,1.9154024117244002,1.0876337020036997,0.03773598300631953,0.05594736840516933,1.690128006964056,1.8979467260990388,0.20781871913498273,-0.23609163111935572,12.995600080259045,0.03699237467262192,47.15810136603807,33.83325882769591,False,slope_too_steep
2025-12-25 07:36:31.859486464+00:00,2025-12-25,2025,165,gt3l,165_gt3l,POST_BREACH,79,2.054780198983522,2.048692358490494,0.1397817950736573,0.02556737321020819,0.03790618752145466,1.8191598829771585,2.1424414372744462,0.3232815542972878,-0.02954835602580159,5.945701088920539,0.11839373322510266,47.16115391130512,33.874419752763046,True,
2025-12-25 07:36:32.212586240+00:00,2025-12-25,2025,165,gt3r,165_gt3r,POST_BREACH,16,2.078738347970214,2.19637990504416,0.27032371631815455,0.023101357439450965,0.034250072539729996,2.009795909861804,2.705472109876813,0.6956762000150087,0.112213626104637,4.854453880615638,0.6170879313722253,47.16087171070466,33.87554619235421,False,too_few_points|stdev_too_large|slope_too_steep
2025-12-31 19:33:08.605282048+00:00,2025-12-31,2025,265,gt3l,265_gt3l,POST_BREACH,658,6.354661352566012,7.470723988147366,2.7377538020778167,0.37456721281337124,0.5553333497171041,5.735183833247017,13.385697607262225,7.650513774015208,-0.20359643664603255,33.310728614762,0.2036923004171023,47.46089332888883,34.19433993475631,False,mad_too_large|range_too_large|slope_too_steep
2025-12-31 19:33:08.829182208+00:00,2025-12-31,2025,265,gt2l,265_gt2l,POST_BREACH,723,6.3967748334849475,6.5388632073178545,1.0394002930999469,0.16562901975373734,0.24556158468689096,5.86140095451106,7.090868084778346,1.2294671302672855,-0.04128184950693548,33.69062886101201,0.1560143079831781,47.513955956381984,34.244698540221506,False,range_too_large
2025-12-31 19:33:09.348782080+00:00,2025-12-31,2025,265,gt1l,265_gt1l,POST_BREACH,829,6.391012680989444,6.410000536075695,0.3264001118062856,0.24600720618176908,0.3647302838850908,6.013683330632594,6.934693069336139,0.9210097387035452,0.025105942693544315,15.6204351048628,0.10702427514616414,47.500741747950606,34.28555025988037,True,
2025-12-31 19:33:09.687181824+00:00,2025-12-31,2025,265,gt2r,265_gt2r,POST_BREACH,197,6.422621906173191,6.507823021704241,1.122472408934958,0.1706778880811477,0.25304703686910957,5.698981947883658,7.0762278670988765,1.3772459192152189,-0.0529164503556003,29.97085573311071,0.17368420733040885,47.504330616158356,34.24205533286597,False,range_too_large|slope_too_steep
2025-12-31 19:33:09.693482240+00:00,2025-12-31,2025,265,gt1r,265_gt1r,POST_BREACH,184,6.442250190007373,6.467694071637923,0.3267215911263461,0.2268099705093558,0.3362684622771709,6.118437591050458,6.921739225826463,0.8033016347760054,0.013328611524160953,15.632948311632955,0.12138888327818778,47.50475688878111,34.284979052590394,True,
2025-12-31 19:33:10.419282176+00:00,2025-12-31,2025,265,gt3r,265_gt3r,POST_BREACH,173,6.366964745569273,7.551824000640797,2.8093210223337692,0.3663836955095654,0.5432004669624816,5.535275352724481,13.39370325931036,7.858427906585879,-0.3385809786624919,22.682826629486666,0.27411763950744095,47.448809861780994,34.191454260778066,False,mad_too_large|range_too_large|slope_too_steep
