station_id,slug,name_en,station_lat,station_lon,radius_km,date,datetime,year,rgt,beam,transect,n_segments,h_icesat_egg2015_m,nmad_m,mad_m,p05_m,p95_m,range_m,mean_distance_km,min_distance_km,gauge_zero_bs77_m,delta_epsg9902_m,stage_A_m,stage_B_m,stage_C_m,h_gauge_evrf2019_A_m,h_gauge_evrf2019_B_m,h_gauge_evrf2019_C_m,c_station_A_m,c_station_B_m,c_station_C_m,time_diff_A_h,gauge_interpolated_A
80959,rozumivka,Rozumivka,47.771208,35.14889,0.5,2020-02-29,2020-02-29 13:03:56.016300032+00:00,2020,989,gt3r,989_gt3r,33,15.96628558256663,0.014501536141985301,0.00978115212598496,15.949531683935506,15.988958642262642,0.03942695832713561,0.3459304542154827,0.2557611370628751,12.0,0.20358757607011527,3.6306556008334225,3.68,3.6225546334027854,15.834243176903538,15.883587576070115,15.8261422094729,-0.13204240566309267,-0.08269800649651593,-0.14014337309373026,4.9344399166577775,True
80959,rozumivka,Rozumivka,47.771208,35.14889,1.0,2020-02-29,2020-02-29 13:03:55.595699968+00:00,2020,989,gt3l,989_gt3l,25,15.955919638145108,0.019060494522843283,0.01285612742671205,15.9189302890849,15.979336563917158,0.06040627483225869,0.62955246027819,0.16876314094500597,12.0,0.20358757607011527,3.6306544324999113,3.68,3.6225545360416596,15.834242008570026,15.883587576070115,15.826142112111775,-0.12167762957508188,-0.07233206207499343,-0.12977752603333315,4.9345567500088885,True
80959,rozumivka,Rozumivka,47.771208,35.14889,1.0,2020-02-29,2020-02-29 13:03:55.939300096+00:00,2020,989,gt3r,989_gt3r,95,15.963588243738464,0.015073822263623228,0.010167153826806441,15.926198099884092,15.984674791646476,0.0584766917623849,0.6358135832865246,0.2557611370628751,12.0,0.20358757607011527,3.6306553869447113,3.68,3.622554615578726,15.834242963014827,15.883587576070115,15.82614219164884,-0.12934528072363705,-0.08000066766834912,-0.1374460520896239,4.934461305528889,True
80959,rozumivka,Rozumivka,47.771208,35.14889,1.0,2021-02-26,2021-02-26 19:43:14.592956160+00:00,2021,989,gt2r,989_gt2r,33,16.188123320515597,0.01761010674628099,0.011877854273762978,16.148578722177774,16.23011131172264,0.0815325895448673,0.8334465886154373,0.7038409597538282,12.0,0.20358757607011527,3.841433933554667,3.84,3.847849099668,16.04502150962478,16.043587576070117,16.051436675738117,-0.14310181089081553,-0.14453574444548067,-0.13668664477748038,1.7207202656,True
80959,rozumivka,Rozumivka,47.771208,35.14889,1.0,2021-04-07,2021-04-07 06:07:49.104326656+00:00,2021,205,gt2l,205_gt2l,14,16.339056333616135,0.02423216393239216,0.016344370654520546,16.293782995050602,16.361900935532166,0.06811794048156372,0.740628948939125,0.6189647061424699,12.0,0.20358757607011527,3.8413030675740445,3.83,3.897174233106489,16.04489064364416,16.033587576070115,16.100761809176603,-0.294165689971976,-0.30546875754602,-0.23829452443953159,1.1303067574044445,True
80959,rozumivka,Rozumivka,47.771208,35.14889,1.0,2021-04-07,2021-04-07 06:07:49.439326720+00:00,2021,205,gt2r,205_gt2r,43,16.333016644981875,0.025735543658022535,0.017358386387442692,16.304164248247666,16.36736851859458,0.06320427034691534,0.6548307919786945,0.5288197785779355,12.0,0.20358757607011527,3.841303998129778,3.83,3.8971740004675555,16.044891574199895,16.033587576070115,16.10076157653767,-0.28812507078198024,-0.2994290689117598,-0.23225506844420352,1.1303998129777777,True
80959,rozumivka,Rozumivka,47.771208,35.14889,1.0,2021-11-26,2021-11-26 06:42:56.971191040+00:00,2021,989,gt2l,989_gt2l,46,16.119639515832425,0.013441042678467815,0.009065859084357086,16.093341220370352,16.14495549723048,0.05161427686012843,0.7315081832970395,0.5798867310319323,12.0,0.20358757607011527,3.8116487044734817,3.8200000000000003,3.758210436672889,16.015236280543597,16.023587576070117,15.961798012743005,-0.104403235288828,-0.09605193976230808,-0.15784150308942024,0.7158253308444444,True
80959,rozumivka,Rozumivka,47.771208,35.14889,1.0,2021-11-26,2021-11-26 06:42:57.320590848+00:00,2021,989,gt2r,989_gt2r,15,16.1651267036462,0.022364569054811895,0.015084695167146833,16.131059826919355,16.181063131841533,0.050003304922178415,0.7802362568301562,0.6489772651370747,12.0,0.20358757607011527,3.811647572159289,3.8200000000000003,3.7582101940341333,16.015235148229404,16.023587576070117,15.961797770104248,-0.14989155541679722,-0.14153912757608467,-0.20332893354195392,0.7159223863466667,True
80959,rozumivka,Rozumivka,47.771208,35.14889,2.0,2020-02-29,2020-02-29 13:03:55.465699840+00:00,2020,989,gt3l,989_gt3l,39,15.955104680637785,0.02183345831252251,0.01472646587921389,15.91846892004645,15.98080444762683,0.0623355275803803,0.9125797644303131,0.16876314094500597,12.0,0.20358757607011527,3.6306540713884448,3.68,3.622554505949037,15.83424164745856,15.883587576070115,15.826142082019151,-0.12086303317922464,-0.07151710456767013,-0.12896259861863335,4.934592861155555,True
80959,rozumivka,Rozumivka,47.771208,35.14889,2.0,2020-02-29,2020-02-29 13:03:55.796300032+00:00,2020,989,gt3r,989_gt3r,183,15.962439049868738,0.01663059253036209,0.011217180986349717,15.929206659713914,15.987053825181947,0.05784716546803281,0.9749212142787816,0.2557611370628751,12.0,0.20358757607011527,3.630654989722311,3.68,3.6225545824768592,15.834242565792426,15.883587576070115,15.826142158546974,-0.12819648407631234,-0.07885147379862367,-0.1362968913217646,4.9345010277688885,True
80959,rozumivka,Rozumivka,47.771208,35.14889,2.0,2020-10-07,2020-10-07 14:48:01.293405184+00:00,2020,205,gt1l,205_gt1l,36,15.853236773152362,0.040271601528419916,0.02716282310024276,15.803177331110788,15.899556954083437,0.09637962297264835,1.18194486324789,1.0333953091046018,12.0,0.20358757607011527,3.576170558858193,3.6,3.5448336327326815,15.779758134928308,15.803587576070115,15.748421208802796,-0.07347863822405465,-0.04964919708224791,-0.10481556434956651,2.1996407207822224,True
80959,rozumivka,Rozumivka,47.771208,35.14889,2.0,2021-02-26,2021-02-26 19:43:14.592956160+00:00,2021,989,gt2r,989_gt2r,37,16.191273789484548,0.020494267783495626,0.013823194242206682,16.150151537686725,16.23463810936416,0.08448657167743434,0.8540618770971987,0.7038409597538282,12.0,0.20358757607011527,3.841433933554667,3.84,3.847849099668,16.04502150962478,16.043587576070117,16.051436675738117,-0.14625227985976608,-0.14768621341443122,-0.13983711374643093,1.7207202656,True
80959,rozumivka,Rozumivka,47.771208,35.14889,2.0,2021-04-07,2021-04-07 06:07:48.950026496+00:00,2021,205,gt2l,205_gt2l,39,16.337122677157943,0.02956939527269398,0.019944283874743007,16.297898480630103,16.368886155542267,0.07098767491216407,1.2669652485677412,0.6189647061424699,12.0,0.20358757607011527,3.841302638962489,3.83,3.8971743402593777,16.044890215032606,16.033587576070115,16.100761916329493,-0.2922324621253374,-0.303535101087828,-0.23636076082845037,1.130263896248889,True
80959,rozumivka,Rozumivka,47.771208,35.14889,2.0,2021-04-07,2021-04-07 06:07:49.280726784+00:00,2021,205,gt2r,205_gt2r,118,16.3327811017695,0.02541068828356128,0.017139274439202268,16.297161933704444,16.371969212346926,0.07480727864248138,1.2691621440860195,0.5288197785779355,12.0,0.20358757607011527,3.8413035575744,3.83,3.8971741106064,16.044891133644516,16.033587576070115,16.100761686676517,-0.2878899681249827,-0.2991935256993834,-0.23201941509298152,1.13035575744,True
80959,rozumivka,Rozumivka,47.771208,35.14889,2.0,2021-11-26,2021-11-26 06:42:56.817590784+00:00,2021,989,gt2l,989_gt2l,82,16.116629070757327,0.017324548744684774,0.011685248040391727,16.087599382631332,16.14164430925782,0.05404492662648863,1.0064563330183034,0.5798867310319323,12.0,0.20358757607011527,3.8116492022520894,3.8200000000000003,3.7582105433397333,16.015236778322205,16.023587576070117,15.961798119409847,-0.10139229243512204,-0.09304149468720979,-0.15483095134747948,0.7157826641066667,True
80959,rozumivka,Rozumivka,47.771208,35.14889,2.0,2021-11-26,2021-11-26 06:42:57.181590784+00:00,2021,989,gt2r,989_gt2r,29,16.166596864891236,0.020184907992923717,0.013614533922112315,16.128678584245726,16.21469561478118,0.08601703053545506,1.0740083558405487,0.6489772651370747,12.0,0.20358757607011527,3.8116480226224594,3.8200000000000003,3.7582102905619554,16.015235598692577,16.023587576070117,15.96179786663207,-0.1513612661986592,-0.14300928882111918,-0.20479899825916625,0.7158837752177778,True
80959,rozumivka,Rozumivka,47.771208,35.14889,2.0,2022-07-05,2022-07-05 08:27:21.137915136+00:00,2022,205,gt1r,205_gt1r,10,16.36322287519984,0.0693609303456581,0.04678330658684615,16.301123370259663,16.437682996575976,0.1365596263163127,1.8737710240322465,1.7078849514351917,12.0,0.20358757607011527,4.003198395538667,3.96,4.039093119405155,16.206785971608785,16.163587576070118,16.242680695475272,-0.15643690359105378,-0.19963529912972078,-0.12054217972456627,3.4558716430933334,True
80959,rozumivka,Rozumivka,47.771208,35.14889,3.0,2020-02-29,2020-02-29 13:03:55.322700032+00:00,2020,989,gt3l,989_gt3l,50,15.955541788147652,0.022650498559509954,0.015277551975927395,15.91936635838218,15.981419850255191,0.062053491873012234,1.251983030983151,0.16876314094500597,12.0,0.20358757607011527,3.630653674166756,3.68,3.62255447284723,15.83424125023687,15.883587576070115,15.826142048917346,-0.12130053791078232,-0.0719542120775376,-0.12939973923030657,4.934632583324444,True
80959,rozumivka,Rozumivka,47.771208,35.14889,3.0,2020-02-29,2020-02-29 13:03:55.656699904+00:00,2020,989,gt3r,989_gt3r,225,15.961800496057613,0.016024404761241295,0.010808312937570008,15.929572318267399,15.985308158066092,0.05573583979869312,1.256802792733732,0.2557611370628751,12.0,0.20358757607011527,3.630654601944178,3.68,3.622554550162015,15.834242178014293,15.883587576070115,15.82614212623213,-0.12755831804332018,-0.07821291998749835,-0.1356583698254834,4.934539805582222,True
80959,rozumivka,Rozumivka,47.771208,35.14889,3.0,2020-04-08,2020-04-08 23:28:28.104023296+00:00,2020,205,gt2l,205_gt2l,12,16.139858771363052,0.015117044197307583,0.010196306621683249,16.088570963468733,16.162097387776566,0.07352642430783263,2.201382935049331,2.0385384757275755,12.0,0.20358757607011527,3.7084184222006518,3.69,3.7680930916747557,15.912005998270766,15.893587576070114,15.97168066774487,-0.2278527730922857,-0.2462711952929375,-0.16817810361818175,5.525526660195555,True
80959,rozumivka,Rozumivka,47.771208,35.14889,3.0,2020-04-08,2020-04-08 23:28:28.426623232+00:00,2020,205,gt2r,205_gt2r,25,16.1444969874683,0.025469537720542067,0.01717896784064621,16.08436975140332,16.18075595151063,0.09638620010731103,2.351040904926237,2.1473032379034436,12.0,0.20358757607011527,3.7084181234970073,3.69,3.7680932036886223,15.912005699567123,15.893587576070114,15.971680779758737,-0.232491287901178,-0.2509094113981867,-0.1728162077095643,5.525437049102222,True
80959,rozumivka,Rozumivka,47.771208,35.14889,3.0,2020-04-08,2020-04-08 23:28:28.459623424+00:00,2020,205,gt1r,205_gt1r,25,16.09121290162354,0.042655128147771816,0.028770489779962105,16.042821561332296,16.140082113984008,0.09726055265171141,2.137228547362845,1.72205150492967,12.0,0.20358757607011527,3.7084180929412742,3.69,3.7680932151470223,15.91200566901139,15.893587576070114,15.971680791217137,-0.17920723261214988,-0.1976253255534246,-0.11953211040640177,5.525427882382222,True
80959,rozumivka,Rozumivka,47.771208,35.14889,3.0,2020-10-07,2020-10-07 14:48:01.293405184+00:00,2020,205,gt1l,205_gt1l,36,15.853236773152362,0.040271601528419916,0.02716282310024276,15.803177331110788,15.899556954083437,0.09637962297264835,1.18194486324789,1.0333953091046018,12.0,0.20358757607011527,3.576170558858193,3.6,3.5448336327326815,15.779758134928308,15.803587576070115,15.748421208802796,-0.07347863822405465,-0.04964919708224791,-0.10481556434956651,2.1996407207822224,True
80959,rozumivka,Rozumivka,47.771208,35.14889,3.0,2021-02-26,2021-02-26 19:43:14.592956160+00:00,2021,989,gt2r,989_gt2r,37,16.191273789484548,0.020494267783495626,0.013823194242206682,16.150151537686725,16.23463810936416,0.08448657167743434,0.8540618770971987,0.7038409597538282,12.0,0.20358757607011527,3.841433933554667,3.84,3.847849099668,16.04502150962478,16.043587576070117,16.051436675738117,-0.14625227985976608,-0.14768621341443122,-0.13983711374643093,1.7207202656,True
80959,rozumivka,Rozumivka,47.771208,35.14889,3.0,2021-04-07,2021-04-07 06:07:48.800326656+00:00,2021,205,gt2l,205_gt2l,70,16.346961108689378,0.03456965880580922,0.02331691542277703,16.297914421953944,16.38920464088041,0.09129021892646705,1.8177756604630524,0.6189647061424699,12.0,0.20358757607011527,3.8413022231296,3.83,3.8971744442176,16.044889799199716,16.033587576070115,16.100762020287718,-0.3020713094896621,-0.3133735326192628,-0.24619908840166005,1.13022231296,True
80959,rozumivka,Rozumivka,47.771208,35.14889,3.0,2021-04-07,2021-04-07 06:07:49.136826624+00:00,2021,205,gt2r,205_gt2r,240,16.335148164043773,0.02429953096467774,0.01638980909529053,16.297288504051153,16.37559495563514,0.07830645158398752,1.8837058834526381,0.5288197785779355,12.0,0.20358757607011527,3.8413031578517334,3.83,3.8971742105370666,16.04489073392185,16.033587576070115,16.100761786607183,-0.2902574301219225,-0.3015605879736576,-0.2343863774365893,1.1303157851733334,True
80959,rozumivka,Rozumivka,47.771208,35.14889,3.0,2021-11-26,2021-11-26 06:42:56.669190912+00:00,2021,989,gt2l,989_gt2l,105,16.114610815191952,0.01880003329674014,0.012680448736503536,16.082529044426636,16.140956793872963,0.058427749446327226,1.3352017222201058,0.5798867310319323,12.0,0.20358757607011527,3.8116496831776003,3.8200000000000003,3.7582106463952,16.015237259247716,16.023587576070117,15.961798222465315,-0.09937355594423636,-0.09102323912183508,-0.1528125927266366,0.71574144192,True
80959,rozumivka,Rozumivka,47.771208,35.14889,3.0,2021-11-26,2021-11-26 06:42:57.027590656+00:00,2021,989,gt2r,989_gt2r,36,16.159414582208043,0.026425544128030044,0.017823785328497266,16.124209946704497,16.213519544668234,0.08930959796373727,1.3432942795332143,0.6489772651370747,12.0,0.20358757607011527,3.8116485216969482,3.8200000000000003,3.758210397506489,16.015236097767065,16.023587576070117,15.961797973576603,-0.14417848444097814,-0.13582700613792653,-0.19761660863144037,0.7158409974044444,True
80959,rozumivka,Rozumivka,47.771208,35.14889,3.0,2022-07-05,2022-07-05 08:27:20.734815232+00:00,2022,205,gt2l,205_gt2l,19,16.410127480701966,0.029945835504407384,0.020198189332528926,16.330511127678154,16.43936326427376,0.10885213659560478,2.2494008648311747,2.025594428384583,12.0,0.20358757607011527,4.003196995886222,3.96,4.03909293278483,16.206784571956337,16.163587576070118,16.242680508854946,-0.2033429087456291,-0.24653990463184883,-0.16744697184702062,3.455759670897778,True
80959,rozumivka,Rozumivka,47.771208,35.14889,3.0,2022-07-05,2022-07-05 08:27:20.760015104+00:00,2022,205,gt1l,205_gt1l,31,16.398407930361316,0.030904906664315765,0.02084507396756763,16.36104888361978,16.453045424365477,0.09199654074569708,2.482532809220562,2.1209429050100015,12.0,0.20358757607011527,4.0031970833857775,3.96,4.039092944451437,16.206784659455895,16.163587576070118,16.242680520521553,-0.19162327090542064,-0.23482035429119819,-0.15572740983976274,3.4557666708622223,True
80959,rozumivka,Rozumivka,47.771208,35.14889,3.0,2022-07-05,2022-07-05 08:27:21.062014976+00:00,2022,205,gt2r,205_gt2r,76,16.33634894978488,0.018807160995209005,0.01268525630325712,16.30101141108493,16.369475789117892,0.06846437803296368,2.3608170784274995,2.14199847779934,12.0,0.20358757607011527,4.003198131996444,3.96,4.0390930842661925,16.206785708066562,16.163587576070118,16.24268066033631,-0.12956324171831923,-0.17276137371476352,-0.09366828944857275,3.4558505597155555,True
80959,rozumivka,Rozumivka,47.771208,35.14889,3.0,2022-07-05,2022-07-05 08:27:21.092715008+00:00,2022,205,gt1r,205_gt1r,96,16.331672389103833,0.026516139107369215,0.01788489080491651,16.294966400911303,16.4089012756407,0.11393487472939867,2.3791134540534737,1.7078849514351917,12.0,0.20358757607011527,4.003198238593778,3.96,4.03909309847917,16.206785814663895,16.163587576070118,16.242680674549288,-0.12488657443993745,-0.16808481303371536,-0.08899171455454535,3.455859087502222,True
80959,rozumivka,Rozumivka,47.771208,35.14889,5.0,2020-02-29,2020-02-29 13:03:55.033499904+00:00,2020,989,gt3l,989_gt3l,78,15.957013902250244,0.020621661928975923,0.01390912041614456,15.92088219131635,15.985029727645511,0.06414753632916081,2.3134912852176006,0.16876314094500597,12.0,0.20358757607011527,3.630652870833067,3.68,3.6225544059027555,15.834240446903182,15.883587576070115,15.82614198197287,-0.12277345534706186,-0.07342632618012956,-0.13087192027737338,4.934712916693333,True
80959,rozumivka,Rozumivka,47.771208,35.14889,5.0,2020-02-29,2020-02-29 13:03:55.372800+00:00,2020,989,gt3r,989_gt3r,356,15.95698771086094,0.020110306473328073,0.01356421588650214,15.923724580250223,15.983042167904921,0.0593175876546983,2.3623632918612425,0.2557611370628751,12.0,0.20358757607011527,3.6306538133333333,3.68,3.6225544844444446,15.834241389403449,15.883587576070115,15.82614206051456,-0.12274632145749109,-0.07340013479082508,-0.13084565034638018,4.934618666666666,True
80959,rozumivka,Rozumivka,47.771208,35.14889,5.0,2020-02-29,2020-02-29 13:03:56.007399936+00:00,2020,989,gt2r,989_gt2r,65,16.02374591721664,0.029585341054111293,0.019955039156961618,15.99816203622192,23.013166024777565,7.0150039885556446,4.062473208634259,2.9612674758059625,12.0,0.20358757607011527,3.6306555761109336,3.68,3.622554631342578,15.834243152181049,15.883587576070115,15.826142207412692,-0.18950276503559138,-0.1401583411465257,-0.19760370980394804,4.934442388906667,True
80959,rozumivka,Rozumivka,47.771208,35.14889,5.0,2020-04-08,2020-04-08 23:28:27.824323072+00:00,2020,205,gt2l,205_gt2l,13,16.14015513822981,0.01600537168307223,0.01079547530222058,16.089956769531614,25.103316236604563,9.013359467072949,2.3520297823039047,2.0385384757275755,12.0,0.20358757607011527,3.7084186811823407,3.69,3.768092994556622,15.912006257252456,15.893587576070114,15.971680570626736,-0.22814888097735597,-0.24656756215969722,-0.16847456760307544,5.525604354702223,True
80959,rozumivka,Rozumivka,47.771208,35.14889,5.0,2020-04-08,2020-04-08 23:28:28.426623232+00:00,2020,205,gt2r,205_gt2r,25,16.1444969874683,0.025469537720542067,0.01717896784064621,16.08436975140332,16.18075595151063,0.09638620010731103,2.351040904926237,2.1473032379034436,12.0,0.20358757607011527,3.7084181234970073,3.69,3.7680932036886223,15.912005699567123,15.893587576070114,15.971680779758737,-0.232491287901178,-0.2509094113981867,-0.1728162077095643,5.525437049102222,True
80959,rozumivka,Rozumivka,47.771208,35.14889,5.0,2020-04-08,2020-04-08 23:28:28.459623424+00:00,2020,205,gt1r,205_gt1r,38,16.094752580928294,0.038207948048210524,0.02577090789707981,16.04505409438541,16.157290843057385,0.1122367486719753,2.774853300920764,1.72205150492967,12.0,0.20358757607011527,3.7084180929412742,3.69,3.7680932151470223,15.91200566901139,15.893587576070114,15.971680791217137,-0.1827469119169045,-0.20116500485817923,-0.1230717897111564,5.525427882382222,True
80959,rozumivka,Rozumivka,47.771208,35.14889,5.0,2020-08-29,2020-08-29 04:23:32.773024512+00:00,2020,989,gt3l,989_gt3l,139,15.850048753570153,0.03704927782464975,0.024989395538007386,15.806230749067677,15.943549901295976,0.13731915222829905,3.8566838138132273,3.160785443482014,12.0,0.20358757607011527,3.5835441177843554,3.58,3.5853585434958224,15.787131693854471,15.783587576070115,15.788946119565937,-0.06291705971568184,-0.0664611775000381,-0.06110263400421623,0.6075630487466667,True
80959,rozumivka,Rozumivka,47.771208,35.14889,5.0,2020-08-29,2020-08-29 04:23:33.101024512+00:00,2020,989,gt3r,989_gt3r,31,15.949949337688516,0.013471736974793464,0.009086562103597373,15.932635922145087,16.012206632824714,0.07957071067962751,3.6501064508109695,3.0302898883255343,12.0,0.20358757607011527,3.583543586302874,3.58,3.585358239792119,15.787131162372988,15.783587576070115,15.788945815862233,-0.1628181753155271,-0.16636176161840055,-0.16100352182628264,0.6074719376355555,True
80959,rozumivka,Rozumivka,47.771208,35.14889,5.0,2020-10-07,2020-10-07 14:48:00.774105344+00:00,2020,205,gt1l,205_gt1l,40,15.857317600238476,0.03881330670743011,0.026179216718892562,15.804593754979882,16.742082259862194,0.9374885048823121,1.462045046680617,1.0333953091046018,12.0,0.20358757607011527,3.576168996150341,3.6,3.5448335125243853,15.779756572220455,15.803587576070115,15.7484210885945,-0.077561028018021,-0.05373002416836137,-0.10889651164397662,2.199784970737778,True
80959,rozumivka,Rozumivka,47.771208,35.14889,5.0,2021-02-26,2021-02-26 19:43:13.488455936+00:00,2021,989,gt2l,989_gt2l,12,16.16542904664248,0.014220826769747306,0.009591816248311957,16.138173979490468,16.210030451886556,0.07185647239608883,2.2233067169992506,0.7878209973897193,12.0,0.20358757607011527,3.8414336778833182,3.84,3.8478494831750223,16.045021253953433,16.043587576070117,16.05143705924514,-0.120407792689047,-0.12184147057236316,-0.11399198739734118,1.7204134599822223,True
80959,rozumivka,Rozumivka,47.771208,35.14889,5.0,2021-02-26,2021-02-26 19:43:13.829456128+00:00,2021,989,gt2r,989_gt2r,65,16.183828092727524,0.018961730554698554,0.012789512042829188,16.14505870327928,16.225557606273266,0.08049890299398754,2.525724891057568,0.7038409597538282,12.0,0.20358757607011527,3.841433756818548,3.84,3.847849364772178,16.045021332888663,16.043587576070117,16.051436940842294,-0.13880675983886093,-0.140240516657407,-0.13239115188522987,1.7205081822577777,True
80959,rozumivka,Rozumivka,47.771208,35.14889,5.0,2021-04-07,2021-04-07 06:07:48.654826752+00:00,2021,205,gt2l,205_gt2l,126,16.34423963585374,0.04455527304140911,0.030052119952387102,16.291272608645013,16.396367449660303,0.10509484101529054,2.68814981612513,0.6189647061424699,12.0,0.20358757607011527,3.8413018189632,3.83,3.8971745452592,16.044889395033316,16.033587576070115,16.100762121329318,-0.2993502408204236,-0.3106520597836244,-0.24347751452442168,1.13018189632,True
80959,rozumivka,Rozumivka,47.771208,35.14889,5.0,2021-04-07,2021-04-07 06:07:48.980826624+00:00,2021,205,gt2r,205_gt2r,443,16.336126619466285,0.029947488523186946,0.020199304278420982,16.27979849172412,16.38119469801038,0.10139620628626034,2.748082391181307,0.5288197785779355,12.0,0.20358757607011527,3.8413027245184,3.83,3.8971743188704,16.044890300588516,16.033587576070115,16.100761894940515,-0.29123631887776824,-0.30253904339616966,-0.23536472452576973,1.13027245184,True
80959,rozumivka,Rozumivka,47.771208,35.14889,5.0,2021-04-07,2021-04-07 06:07:49.442126848+00:00,2021,205,gt1l,205_gt1l,12,16.314005283921958,0.02492085026653272,0.016808883223076165,16.289337560417138,16.339252713670533,0.04991515325339435,4.470121352065204,4.123078815481171,12.0,0.20358757607011527,3.841304005907911,3.83,3.8971739985230225,16.04489158197803,16.033587576070115,16.10076157459314,-0.2691137019439296,-0.28041770785184283,-0.2132437093288182,1.1304005907911112,True
80959,rozumivka,Rozumivka,47.771208,35.14889,5.0,2021-04-07,2021-04-07 06:07:49.779526656+00:00,2021,205,gt1r,205_gt1r,53,16.34738730717372,0.023132059193346034,0.015602360173577523,16.318724064268167,16.387692535576836,0.06896847130866846,4.464124360829135,4.033062422050383,12.0,0.20358757607011527,3.8413049431296002,3.83,3.8971737642176003,16.044892519199717,16.033587576070115,16.100761340287715,-0.30249478797400187,-0.3137997311036038,-0.24662596688600402,1.13049431296,True
80959,rozumivka,Rozumivka,47.771208,35.14889,5.0,2021-11-26,2021-11-26 06:42:56.384090880+00:00,2021,989,gt2l,989_gt2l,186,16.116924840309913,0.022765255073374378,0.015354954184118697,16.084362570470972,16.194516995982347,0.11015442551137511,2.5825376480620506,0.5798867310319323,12.0,0.20358757607011527,3.811650607112889,3.8200000000000003,3.7582108443813333,16.015238183183005,16.023587576070117,15.961798420451448,-0.10168665712690839,-0.09333726423979627,-0.15512641985846543,0.7156622474666666,True
80959,rozumivka,Rozumivka,47.771208,35.14889,5.0,2021-11-26,2021-11-26 06:42:56.612990976+00:00,2021,989,gt3l,989_gt3l,14,16.17010714451989,0.013976237620501927,0.009426843127277706,16.127481870866653,17.50492890872335,1.3774470378566974,4.876493443275646,4.697547935171479,12.0,0.20358757607011527,3.8116498653070225,3.8200000000000003,3.758210685422933,16.01523744137714,16.023587576070117,15.961798261493048,-0.15486970314275084,-0.1465195684497722,-0.20830888302684158,0.7157258308266666,True
80959,rozumivka,Rozumivka,47.771208,35.14889,5.0,2021-11-26,2021-11-26 06:42:56.742290944+00:00,2021,989,gt2r,989_gt2r,61,16.157373230920317,0.033497460555967834,0.022593727610932035,16.120305420137097,16.22366844483075,0.10336302469365322,2.500161537314527,0.6489772651370747,12.0,0.20358757607011527,3.811649446279348,3.8200000000000003,3.758210595631289,16.015237022349464,16.023587576070117,15.961798171701403,-0.14213620857085374,-0.13378565485020033,-0.19557505921891405,0.7157617474844444,True
80959,rozumivka,Rozumivka,47.771208,35.14889,5.0,2021-11-26,2021-11-26 06:42:57.495890944+00:00,2021,989,gt1l,989_gt1l,81,16.172794670337154,0.019341422259988486,0.013045610589497159,16.118008999012748,16.21355296471455,0.09554396570180401,4.308045349299215,3.868952855823365,12.0,0.20358757607011527,3.8116470040571264,3.8200000000000003,3.7582100722979557,16.01523458012724,16.023587576070117,15.961797648368071,-0.15756009020991257,-0.14920709426703738,-0.21099702196908332,0.7159710808177778,True
80959,rozumivka,Rozumivka,47.771208,35.14889,5.0,2021-11-26,2021-11-26 06:42:57.828990976+00:00,2021,989,gt1r,989_gt1r,19,16.200331847146124,0.01654666851848389,0.011160575015839669,16.170730920002015,16.221106834284633,0.05037591428261834,4.218601926467014,3.7567747927828954,12.0,0.20358757607011527,3.8116459245662817,3.8200000000000003,3.758209840978489,16.0152335006364,16.023587576070117,15.961797417048604,-0.1850983465097258,-0.1767442710760072,-0.23853443009751985,0.7160636086044444,True
80959,rozumivka,Rozumivka,47.771208,35.14889,5.0,2022-03-26,2022-03-26 00:58:53.133053184+00:00,2022,45,gt1l,45_gt1l,11,16.010570904655776,0.060692701406339006,0.04093666626624781,15.964600216453764,30.665643033342278,14.701042816888513,3.0015936015694105,0.33200686989470346,12.0,0.20358757607011527,3.8834571610126223,3.85,3.8974535646202666,16.08704473708274,16.053587576070115,16.101041140690384,0.07647383242696293,0.04301667141433896,0.09047023603460858,5.018574151893334,True
80959,rozumivka,Rozumivka,47.771208,35.14889,5.0,2022-03-26,2022-03-26 00:58:53.232453120+00:00,2022,45,gt2l,45_gt2l,20,16.155807757268185,0.04167867297259552,0.028111879787262595,16.115313496092632,16.243789158143226,0.1284756620505938,4.20396807226442,3.7007969982679247,12.0,0.20358757607011527,3.8834569769386666,3.85,3.897453633648,16.087044553008784,16.053587576070115,16.101041209718115,-0.06876320425940108,-0.10222018119807075,-0.054766547550070044,5.0185465408,True
80959,rozumivka,Rozumivka,47.771208,35.14889,5.0,2022-03-26,2022-03-26 00:58:53.608453376+00:00,2022,45,gt2r,45_gt2r,14,16.107521243172734,0.015102168141709867,0.010186272859645129,16.085586870751918,16.188676665213304,0.10308979446138622,4.238093174992668,3.846932293312444,12.0,0.20358757607011527,3.8834562806418966,3.85,3.897453894759289,16.08704385671201,16.053587576070115,16.101041470829404,-0.020477386460722613,-0.053933667102619154,-0.006479772343329415,5.018442096284445,True
80959,rozumivka,Rozumivka,47.771208,35.14889,5.0,2022-07-05,2022-07-05 08:27:20.466814976+00:00,2022,205,gt2l,205_gt2l,20,16.411654898184658,0.0281198472136042,0.018966577103469717,16.3354175151019,17.59065911195173,1.2552415968498316,2.3426649751721755,2.025594428384583,12.0,0.20358757607011527,4.003196065329778,3.96,4.039092808710637,16.206783641399895,16.163587576070118,16.242680384780755,-0.20487125678476303,-0.2480673221145402,-0.1689745134039029,3.455685226382222,True
80959,rozumivka,Rozumivka,47.771208,35.14889,5.0,2022-07-05,2022-07-05 08:27:20.760015104+00:00,2022,205,gt1l,205_gt1l,75,16.390873366088314,0.02409874830800307,0.016254383048700305,16.358507766379656,16.439302805300112,0.08079503892045636,3.4106560853570724,2.1209429050100015,12.0,0.20358757607011527,4.0031970833857775,3.96,4.039092944451437,16.206784659455895,16.163587576070118,16.242680520521553,-0.18408870663241927,-0.22728579001819682,-0.14819284556676138,3.4557666708622223,True
80959,rozumivka,Rozumivka,47.771208,35.14889,5.0,2022-07-05,2022-07-05 08:27:20.790714880+00:00,2022,205,gt2r,205_gt2r,77,16.336620974605076,0.018862417155838286,0.012722526073005724,16.301140792320208,16.374172405741685,0.07303161342147746,2.385760700305579,2.14199847779934,12.0,0.20358757607011527,4.003197189982222,3.96,4.0390929586642965,16.20678476605234,16.163587576070118,16.242680534734415,-0.12983620855273514,-0.17303339853495814,-0.0939404398706607,3.455775198577778,True
80959,rozumivka,Rozumivka,47.771208,35.14889,5.0,2022-07-05,2022-07-05 08:27:21.092715008+00:00,2022,205,gt1r,205_gt1r,255,16.338306860093567,0.027029189192054784,0.01823093834618561,16.296276476828233,16.390133713782536,0.09385723695430315,3.470373875941446,1.7078849514351917,12.0,0.20358757607011527,4.003198238593778,3.96,4.03909309847917,16.206785814663895,16.163587576070118,16.242680674549288,-0.1315210454296718,-0.17471928402344972,-0.09562618554427971,3.455859087502222,True
80959,rozumivka,Rozumivka,47.771208,35.14889,5.0,2023-01-02,2023-01-02 23:46:49.095711488+00:00,2023,205,gt1l,205_gt1l,14,15.064257357604605,0.01497925331879626,0.010103367947387198,15.049927720644217,22.732342667290634,7.682414946646418,4.334555167071494,3.509508958522201,12.0,0.20358757607011527,2.7044507609107558,2.69,2.73,14.908038336980871,14.893587576070114,14.933587576070115,-0.15621902062373394,-0.17066978153449064,-0.13066978153448972,5.780304364302222,True
80959,rozumivka,Rozumivka,47.771208,35.14889,5.0,2023-01-02,2023-01-02 23:46:49.430511360+00:00,2023,205,gt1r,205_gt1r,40,15.04078220063927,0.01948205029783526,0.013140462901548133,15.021021902402362,22.67578189456894,7.654759992166577,4.462986967383388,3.590826163292992,12.0,0.20358757607011527,2.7044509934106666,2.69,2.73,14.908038569480782,14.893587576070114,14.933587576070115,-0.13274363115848864,-0.14719462456915622,-0.1071946245691553,5.780397364266666,True
80959,rozumivka,Rozumivka,47.771208,35.14889,10.0,2020-02-29,2020-02-29 13:03:54.329599744+00:00,2020,989,gt3l,989_gt3l,118,15.953739179273313,0.019762788227108558,0.013329818040677566,15.92088219131635,15.98588405775527,0.06500186643891936,4.082150614402681,0.16876314094500597,12.0,0.20358757607011527,3.6306509155548445,3.68,3.6225542429629036,15.83423849162496,15.883587576070115,15.826141819033019,-0.11950068764835287,-0.07015160320319858,-0.12759736024029422,4.934908444515556,True
80959,rozumivka,Rozumivka,47.771208,35.14889,10.0,2020-02-29,2020-02-29 13:03:54.408999936+00:00,2020,989,gt2l,989_gt2l,54,15.953630001515384,0.06816396074165917,0.045975961649574515,15.870079438433295,22.980749505914464,7.110670067481168,6.698159060425035,3.043925196146501,12.0,0.20358757607011527,3.6306511361109335,3.68,3.622554261342578,15.83423871218105,15.883587576070115,15.826141837412694,-0.11939128933433452,-0.07004242544526917,-0.12748816410269015,4.9348863889066665,True
80959,rozumivka,Rozumivka,47.771208,35.14889,10.0,2020-02-29,2020-02-29 13:03:54.669699840+00:00,2020,989,gt3r,989_gt3r,510,15.954991622141726,0.02178105125350617,0.014691117802176024,15.919681634615742,15.984523046056609,0.06484141144086664,3.886491266293893,0.2557611370628751,12.0,0.20358757607011527,3.6306518602773337,3.68,3.622554321689778,15.834239436347449,15.883587576070115,15.826141897759893,-0.12075218579427727,-0.07140404607161166,-0.1288497243818334,4.934813972266666,True
80959,rozumivka,Rozumivka,47.771208,35.14889,10.0,2020-02-29,2020-02-29 13:03:54.748299776+00:00,2020,989,gt2r,989_gt2r,206,16.006696102860374,0.025379773256915577,0.01711842253940077,15.926445711623234,22.996077813231686,7.069632101608452,6.683125740780693,2.9612674758059625,12.0,0.20358757607011527,3.630652078610489,3.68,3.6225543398842075,15.834239654680603,15.883587576070115,15.826141915954322,-0.17245644817977102,-0.12310852679025963,-0.1805541869060523,4.934792138951111,True
80959,rozumivka,Rozumivka,47.771208,35.14889,10.0,2020-02-29,2020-02-29 13:03:57.086099968+00:00,2020,989,gt1r,989_gt1r,39,15.969415312874983,0.05652509663496358,0.03812565535880452,15.885621879321867,16.027948059401098,0.14232618007923037,9.407881768839886,9.292483096852061,12.0,0.20358757607011527,3.6306585724999114,3.68,3.6225548810416592,15.834246148570026,15.883587576070115,15.826142457111773,-0.13516916430495662,-0.08582773680486788,-0.14327285576320925,4.934142750008889,True
80959,rozumivka,Rozumivka,47.771208,35.14889,10.0,2020-04-08,2020-04-08 23:28:27.298823424+00:00,2020,205,gt3l,205_gt3l,73,16.181713997515185,0.042722938817798144,0.02881622745028878,16.104325709895896,16.245632797654252,0.14130708775835643,7.843373559294214,6.457395240056746,12.0,0.20358757607011527,3.7084191677560887,3.69,3.7680928120914667,15.912006743826204,15.893587576070114,15.971680388161582,-0.2697072536889813,-0.28812642144507095,-0.21003360935360327,5.525750326826667,True
80959,rozumivka,Rozumivka,47.771208,35.14889,10.0,2020-04-08,2020-04-08 23:28:27.513223168+00:00,2020,205,gt2l,205_gt2l,38,16.084037876796806,0.04329769637390185,0.029203896110820082,16.024020778525067,16.160315422143384,0.13629464361831722,4.501240920929784,2.0385384757275755,12.0,0.20358757607011527,3.7084189692378073,3.69,3.7680928865358223,15.912006545307923,15.893587576070114,15.971680462605937,-0.17203133148888305,-0.19045030072669178,-0.11235741419086942,5.525690771342222,True
80959,rozumivka,Rozumivka,47.771208,35.14889,10.0,2020-04-08,2020-04-08 23:28:27.624223232+00:00,2020,205,gt3r,205_gt3r,345,16.058721944191774,0.029866842928181654,0.02014490956979742,16.020795372408635,16.151507842552146,0.13071247014351073,7.830299506440668,6.549249320228479,12.0,0.20358757607011527,3.7084188664599704,3.69,3.7680929250775113,15.912006442530085,15.893587576070114,15.971680501147626,-0.14671550166168856,-0.1651343681216595,-0.08704144304414818,5.5256599379911115,True
80959,rozumivka,Rozumivka,47.771208,35.14889,10.0,2020-04-08,2020-04-08 23:28:27.850423296+00:00,2020,205,gt2r,205_gt2r,58,16.127613326020203,0.029341705072432583,0.01979070893864332,16.05693547828566,16.16492204154821,0.10798656326254985,4.265059843047771,2.1473032379034436,12.0,0.20358757607011527,3.7084186570154665,3.69,3.7680930036192,15.912006233085581,15.893587576070114,15.971680579689314,-0.2156070929346221,-0.23402574995008862,-0.1559327463308886,5.52559710464,True
80959,rozumivka,Rozumivka,47.771208,35.14889,10.0,2020-04-08,2020-04-08 23:28:28.459623424+00:00,2020,205,gt1r,205_gt1r,109,16.106126852787572,0.02866113332654206,0.019331669584879307,16.054706469490448,16.14405574126241,0.08934927177196172,7.0037545860242005,1.72205150492967,12.0,0.20358757607011527,3.7084180929412742,3.69,3.7680932151470223,15.91200566901139,15.893587576070114,15.971680791217137,-0.1941211837761827,-0.21253927671745743,-0.1344460615704346,5.525427882382222,True
80959,rozumivka,Rozumivka,47.771208,35.14889,10.0,2020-04-08,2020-04-08 23:28:28.542823424+00:00,2020,205,gt1l,205_gt1l,32,16.1307549372613,0.021248672674298294,0.014332033369957031,16.10252298859876,16.193317791518265,0.09079480291950404,9.07728347753029,1.8787070924057718,12.0,0.20358757607011527,3.708418015904237,3.69,3.7680932440359114,15.912005591974351,15.893587576070114,15.971680820106027,-0.21874934528695,-0.23716736119118664,-0.1590741171552743,5.525404771271111,True
80959,rozumivka,Rozumivka,47.771208,35.14889,10.0,2020-07-08,2020-07-08 19:08:12.738452224+00:00,2020,205,gt1l,205_gt1l,46,16.132933949018646,0.04266266592685054,0.028775573942297683,16.087070622852178,16.216131363293485,0.12906074044130733,8.92524993302099,7.439253420982092,12.0,0.20358757607011527,3.703561452987141,3.7,3.691552606839763,15.907149029057257,15.903587576070114,15.895140182909879,-0.22578491996138972,-0.2293463729485321,-0.23779376610876746,2.1368717922844445,True
80959,rozumivka,Rozumivka,47.771208,35.14889,10.0,2020-07-08,2020-07-08 19:08:13.089452288+00:00,2020,205,gt1r,205_gt1r,10,16.1766434240375,0.02289494587571123,0.015442429431884008,16.095977696115582,16.197642133857492,0.10166443774190981,9.201480112905603,7.599844892864022,12.0,0.20358757607011527,3.7035616154871707,3.7,3.6915525255897483,15.907149191557286,15.903587576070114,15.895140101659864,-0.26949423248021454,-0.27305584796738636,-0.2815033223776364,2.136969292302222,True
80959,rozumivka,Rozumivka,47.771208,35.14889,10.0,2020-08-29,2020-08-29 04:23:31.090924800+00:00,2020,989,gt3l,989_gt3l,604,15.88152246443045,0.06509187709901663,0.04390386962027293,15.822653008509194,15.991274236868485,0.1686212283592905,6.9199306290229705,3.160785443482014,12.0,0.20358757607011527,3.583546843408889,3.58,3.5853601009955556,15.787134419479004,15.783587576070115,15.78894767706567,-0.0943880449514456,-0.09793488836033504,-0.09257478736478042,0.6080302986666667,True
80959,rozumivka,Rozumivka,47.771208,35.14889,10.0,2020-08-29,2020-08-29 04:23:31.429424640+00:00,2020,989,gt3r,989_gt3r,156,15.959233824208287,0.05352893987806807,0.036104775312335136,15.913231280582451,16.046008591608427,0.13277731102597556,6.928449124950127,3.0302898883255343,12.0,0.20358757607011527,3.583546294913778,3.58,3.585359787569778,15.787133870983892,15.783587576070115,15.788947363639894,-0.17209995322439475,-0.17564624813817176,-0.17028646056839314,0.6079362709333334,True
80959,rozumivka,Rozumivka,47.771208,35.14889,10.0,2020-08-29,2020-08-29 04:23:33.329624576+00:00,2020,989,gt2l,989_gt2l,97,15.877294382641999,0.022406078641466612,0.015112692999775135,15.857727997850857,15.928682643293051,0.07095464544219432,8.347684757079696,8.156592407181272,12.0,0.20358757607011527,3.583543215886104,3.58,3.585358028125393,15.78713079195622,15.783587576070115,15.788945604195508,-0.09016359068577984,-0.09370680657188402,-0.08834877844649114,0.6074084376177777,True
80959,rozumivka,Rozumivka,47.771208,35.14889,10.0,2020-08-29,2020-08-29 04:23:33.662824704+00:00,2020,989,gt2r,989_gt2r,19,15.920950640389062,0.013319448173080164,0.008983844714069988,15.904677079136388,15.939869294734114,0.03519221559772667,8.233989723861798,8.052508875589172,12.0,0.20358757607011527,3.5835426759784887,3.58,3.5853577196067556,15.787130252048604,15.783587576070115,15.78894529567687,-0.1338203883404585,-0.13736306431894718,-0.1320053447121925,0.6073158820266666,True
80959,rozumivka,Rozumivka,47.771208,35.14889,10.0,2020-10-07,2020-10-07 14:48:00.505705472+00:00,2020,205,gt2l,205_gt2l,20,15.900607076464034,0.01601756162483096,0.010803697305295401,15.878766804251873,18.511844251529855,2.633077447277982,6.1435053752902,5.408212851034635,12.0,0.20358757607011527,3.576168188465541,3.6,3.544833450394785,15.779755764535656,15.803587576070115,15.7484210264649,-0.12085131192837828,-0.0970195003939196,-0.1521860499991341,2.199859526257778,True
80959,rozumivka,Rozumivka,47.771208,35.14889,10.0,2020-10-07,2020-10-07 14:48:00.638905344+00:00,2020,205,gt1l,205_gt1l,74,15.86939590479442,0.03588309328719442,0.02420281484364928,15.814692908106242,15.921214800522106,0.10652189241586463,4.140282280379376,1.0333953091046018,12.0,0.20358757607011527,3.576168589298489,3.6,3.544833481228089,15.779756165368605,15.803587576070115,15.748421057298204,-0.08963973942581482,-0.0658083287243052,-0.12097484749621579,2.1998225262933335,True
80959,rozumivka,Rozumivka,47.771208,35.14889,10.0,2020-10-07,2020-10-07 14:48:00.986305280+00:00,2020,205,gt1r,205_gt1r,20,15.880918247341357,0.015407650619019527,0.010392317967772513,15.853773833094126,15.916247125278868,0.062473292184742846,4.875366351171438,1.120339915501015,12.0,0.20358757607011527,3.576169634714963,3.6,3.5448335616447406,15.779757210785078,15.803587576070115,15.748421137714855,-0.10116103655627917,-0.07733067127124293,-0.1324971096265024,2.199726026311111,True
80959,rozumivka,Rozumivka,47.771208,35.14889,10.0,2021-02-26,2021-02-26 19:43:12.825107200+00:00,2021,989,gt2l,989_gt2l,61,16.15605505250229,0.0200038808703119,0.013492432800696008,16.13063474719199,16.182962009426983,0.052327262234992844,5.176287969037091,0.7878209973897193,12.0,0.20358757607011527,3.84143352433037,3.84,3.8478497135044445,16.045021100400486,16.043587576070117,16.05143728957456,-0.11103395210180267,-0.11246747643217248,-0.1046177629277274,1.7202291964444445,True
80959,rozumivka,Rozumivka,47.771208,35.14889,10.0,2021-02-26,2021-02-26 19:43:12.829755904+00:00,2021,989,gt3l,989_gt3l,18,16.20120092231208,0.026087464431129987,0.017595753696971528,16.152001733855894,16.229874750927873,0.07787301707197969,6.236462163793108,5.222377505381569,12.0,0.20358757607011527,3.841433525406459,3.84,3.847849711890311,16.045021101476575,16.043587576070117,16.05143728796043,-0.1561798208355043,-0.15761334624196266,-0.1497636343516504,1.7202304877511112,True
80959,rozumivka,Rozumivka,47.771208,35.14889,10.0,2021-02-26,2021-02-26 19:43:13.126055936+00:00,2021,989,gt2r,989_gt2r,227,16.172572491420937,0.024998450283110023,0.016861223717192786,16.127816619427335,16.217648026269508,0.08983140684217261,5.066247378343276,0.7038409597538282,12.0,0.20358757607011527,3.8414335939944295,3.84,3.8478496090083554,16.045021170064544,16.043587576070117,16.05143718507847,-0.12755132135639258,-0.12898491535082002,-0.12113530634246672,1.7203127933155555,True
80959,rozumivka,Rozumivka,47.771208,35.14889,10.0,2021-02-26,2021-02-26 19:43:13.158856192+00:00,2021,989,gt3r,989_gt3r,124,16.136903535195017,0.02443769102008223,0.016482996775989633,16.07848202049666,16.16810943279933,0.08962741230266857,6.541881532744937,4.762949753234805,12.0,0.20358757607011527,3.8414336015870814,3.84,3.8478495976193776,16.045021177657198,16.043587576070117,16.051437173689493,-0.09188235753781981,-0.09331595912490087,-0.08546636150552445,1.7203219044977778,True
80959,rozumivka,Rozumivka,47.771208,35.14889,10.0,2021-02-26,2021-02-26 19:43:14.507356160+00:00,2021,989,gt1r,989_gt1r,427,16.10145503706499,0.020745365905305273,0.013992557605089218,16.065904545821667,16.146227008857927,0.08032246303626067,7.645608341857985,3.7393388064487927,12.0,0.20358757607011527,3.8414339137398517,3.84,3.847849129390222,16.04502148980997,16.043587576070117,16.05143670546034,-0.05643354725502192,-0.057867460994874165,-0.05001833160465097,1.7206964878222222,True
80959,rozumivka,Rozumivka,47.771208,35.14889,10.0,2021-02-26,2021-02-26 19:43:14.827856128+00:00,2021,989,gt1l,989_gt1l,108,16.133166315679674,0.013287138497738066,0.008962052136610055,16.115303672870542,16.179264002420506,0.063960329549964,7.871301051957134,5.873029402431294,12.0,0.20358757607011527,3.8414339879296593,3.84,3.847849018105511,16.045021563999775,16.043587576070117,16.051436594175627,-0.08814475167989855,-0.08957873960955709,-0.08172972150404689,1.7207855155911111,True
80959,rozumivka,Rozumivka,47.771208,35.14889,10.0,2021-04-07,2021-04-07 06:07:48.647726592+00:00,2021,205,gt3r,205_gt3r,56,16.346579225669537,0.013115462709657971,0.008846258403924168,16.321547568205595,16.382881048039827,0.06133347983423221,6.185507062346675,3.47129871312963,12.0,0.20358757607011527,3.8413017992405334,3.83,3.8971745501898667,16.04488937531065,16.033587576070115,16.100762126259983,-0.30168985035888696,-0.3129916495994216,-0.2458170994095532,1.1301799240533332,True
80959,rozumivka,Rozumivka,47.771208,35.14889,10.0,2021-04-07,2021-04-07 06:07:48.654826752+00:00,2021,205,gt2l,205_gt2l,151,16.33597149778852,0.04175959023920252,0.02816645773587112,16.29033733049694,16.39280017377779,0.10246284328085054,3.281668863147213,0.6189647061424699,12.0,0.20358757607011527,3.8413018189632,3.83,3.8971745452592,16.044889395033316,16.033587576070115,16.100762121329318,-0.29108210275520463,-0.30238392171840545,-0.2352093764592027,1.13018189632,True
80959,rozumivka,Rozumivka,47.771208,35.14889,10.0,2021-04-07,2021-04-07 06:07:48.980826624+00:00,2021,205,gt2r,205_gt2r,501,16.331971312441347,0.03050705671314762,0.0205767278518465,16.279789091476403,16.37956734342262,0.09977825194621914,3.1413753002364326,0.5288197785779355,12.0,0.20358757607011527,3.8413027245184,3.83,3.8971743188704,16.044890300588516,16.033587576070115,16.100761894940515,-0.2870810118528304,-0.29838373637123183,-0.2312094175008319,1.13027245184,True
80959,rozumivka,Rozumivka,47.771208,35.14889,10.0,2021-04-07,2021-04-07 06:07:49.442126848+00:00,2021,205,gt1l,205_gt1l,56,16.304007902341482,0.019431651743378082,0.01310646954227579,16.273461903646727,16.331911528647982,0.05844962500125561,7.279074630005529,4.123078815481171,12.0,0.20358757607011527,3.841304005907911,3.83,3.8971739985230225,16.04489158197803,16.033587576070115,16.10076157459314,-0.25911632036345367,-0.2704203262713669,-0.20324632774834228,1.1304005907911112,True
80959,rozumivka,Rozumivka,47.771208,35.14889,10.0,2021-04-07,2021-04-07 06:07:49.779526656+00:00,2021,205,gt1r,205_gt1r,224,16.341852277725206,0.02495462558004604,0.016831664359939325,16.30164236691542,16.377759118567454,0.0761167516520338,7.025027198400566,4.033062422050383,12.0,0.20358757607011527,3.8413049431296002,3.83,3.8971737642176003,16.044892519199717,16.033587576070115,16.100761340287715,-0.29695975852548884,-0.3082647016550908,-0.241090937437491,1.13049431296,True
80959,rozumivka,Rozumivka,47.771208,35.14889,10.0,2021-11-26,2021-11-26 06:42:55.680490752+00:00,2021,989,gt2l,989_gt2l,313,16.110473892147382,0.029557958981462504,0.019936570201984694,16.06865074248779,16.191209882836525,0.12255914034873427,4.299800491052253,0.5798867310319323,12.0,0.20358757607011527,3.811652887298489,3.8200000000000003,3.7582113329925333,16.015240463368606,16.023587576070117,15.961798909062649,-0.09523342877877639,-0.08688631607726549,-0.14867498308473337,0.7154668029866667,True
80959,rozumivka,Rozumivka,47.771208,35.14889,10.0,2021-11-26,2021-11-26 06:42:55.741890816+00:00,2021,989,gt1l,989_gt1l,167,16.1694926231026,0.03394852655361052,0.02289796745825612,16.088240573256122,16.2123726696563,0.12413209640017797,6.353198028030903,3.868952855823365,12.0,0.20358757607011527,3.8116526883168005,3.8200000000000003,3.7582112903536,16.015240264386918,16.023587576070117,15.961798866423715,-0.15425235871568077,-0.14590504703248186,-0.2076937566788839,0.71548385856,True
80959,rozumivka,Rozumivka,47.771208,35.14889,10.0,2021-11-26,2021-11-26 06:42:55.763691008+00:00,2021,989,gt3l,989_gt3l,106,16.12847924869896,0.04198578746445612,0.02831902567412392,16.054230258863043,16.185476256202737,0.13124599733969333,7.792133833736476,4.697547935171479,12.0,0.20358757607011527,3.81165261766803,3.8200000000000003,3.758211275214578,16.015240193738148,16.023587576070117,15.961798851284692,-0.1132390549608111,-0.1048916726288418,-0.16668039741426632,0.7154899141688889,True
80959,rozumivka,Rozumivka,47.771208,35.14889,10.0,2021-11-26,2021-11-26 06:42:56.031790848+00:00,2021,989,gt2r,989_gt2r,91,16.14924517072985,0.027070675159076296,0.018258920247589572,16.113284416364138,16.221244223540275,0.10795980717613674,4.0828682738833555,0.6489772651370747,12.0,0.20358757607011527,3.811651748825956,3.8200000000000003,3.758211089034133,16.015239324896072,16.023587576070117,15.961798665104249,-0.1340058458337765,-0.1256575946597316,-0.1874465056255996,0.7155643863466666,True
80959,rozumivka,Rozumivka,47.771208,35.14889,10.0,2021-11-26,2021-11-26 06:42:56.088990976+00:00,2021,989,gt1r,989_gt1r,44,16.192343882720152,0.03145752572939721,0.021217810420475658,16.12314056995726,16.219917373412816,0.09677680345555473,6.417763667116622,3.7567747927828954,12.0,0.20358757607011527,3.811651563455171,3.8200000000000003,3.7582110493118224,16.01523913952529,16.023587576070117,15.961798625381936,-0.1771047431948638,-0.16875630665003527,-0.23054525733821585,0.7155802752711111,True
80959,rozumivka,Rozumivka,47.771208,35.14889,10.0,2021-11-26,2021-11-26 06:42:56.115691008+00:00,2021,989,gt3r,989_gt3r,15,16.1848592141236,0.024112435680784243,0.016263615055162717,16.139030253837035,16.215982303562715,0.07695204972567993,9.45794209414651,8.859634693958588,12.0,0.20358757607011527,3.811651476927289,3.8200000000000003,3.7582110307701333,16.015239052997405,16.023587576070117,15.961798606840249,-0.16962016112619338,-0.16127163805348133,-0.2230606072833492,0.7155876919466667,True
80959,rozumivka,Rozumivka,47.771208,35.14889,10.0,2021-12-25,2021-12-25 05:19:00.109809408+00:00,2021,45,gt2l,45_gt2l,16,16.121395506646287,0.01385132129502336,0.009342588220034642,16.088540125870004,16.189460046976063,0.1009199211060583,4.946896882522715,3.87724026243286,12.0,0.20358757607011527,3.6930966375888,3.68,3.7314651379741335,15.896684213658915,15.883587576070115,15.935052714044248,-0.22471129298737225,-0.23780793057617267,-0.1863427926020389,0.68330283072,True
80959,rozumivka,Rozumivka,47.771208,35.14889,10.0,2022-03-26,2022-03-26 00:58:52.376753408+00:00,2022,45,gt1l,45_gt1l,41,16.01865023250141,0.04871428994239985,0.032857338420612336,15.955786913005372,30.246142234525557,14.290355321520185,6.688483535315131,0.33200686989470346,12.0,0.20358757607011527,3.883458561567763,3.85,3.8974530394120888,16.08704613763788,16.053587576070115,16.101040615482205,0.06839590513646954,0.03493734356870348,0.08239038298079393,5.0187842351644445,True
80959,rozumivka,Rozumivka,47.771208,35.14889,10.0,2022-03-26,2022-03-26 00:58:52.428953088+00:00,2022,45,gt2l,45_gt2l,41,16.152434243792197,0.037527539852252094,0.025311978856233708,16.115402970203935,16.23313556346166,0.117732593257724,6.495302120732894,3.7007969982679247,12.0,0.20358757607011527,3.8834584649016892,3.85,3.8974530756618666,16.087046040971806,16.053587576070115,16.10104065173198,-0.06538820282039026,-0.09884666772208206,-0.0513935920602151,5.018769735253334,True
80959,rozumivka,Rozumivka,47.771208,35.14889,10.0,2022-03-26,2022-03-26 00:58:52.769853184+00:00,2022,45,gt2r,45_gt2r,22,16.108213779604625,0.020851163112205938,0.01406391684352215,16.0806593536087,16.28698951583495,0.20633016222625145,5.774029242938308,3.846932293312444,12.0,0.20358757607011527,3.883457833605215,3.85,3.8974533123980444,16.08704540967533,16.053587576070115,16.10104088846816,-0.021168369929295494,-0.054626203534510864,-0.007172891136466575,5.018675040782222,True
80959,rozumivka,Rozumivka,47.771208,35.14889,10.0,2022-07-05,2022-07-05 08:27:19.931915008+00:00,2022,205,gt3l,205_gt3l,28,16.377640809755864,0.019345415812819032,0.013048304203978844,16.324930172777545,51.44043264654627,35.11550247376873,8.1897387856177,6.509241972639481,12.0,0.20358757607011527,4.003194208038222,3.96,4.039092561071763,16.20678178410834,16.163587576070118,16.24268013714188,-0.1708590256475233,-0.21405323368574614,-0.13496067261398537,3.4555366430577776,True
80959,rozumivka,Rozumivka,47.771208,35.14889,10.0,2022-07-05,2022-07-05 08:27:20.140215040+00:00,2022,205,gt2l,205_gt2l,35,16.40900649315754,0.02946996351823068,0.019877218075158964,16.35317659228792,16.439609734337544,0.08643314204962493,3.8263361327023397,2.025594428384583,12.0,0.20358757607011527,4.003194931302223,3.96,4.039092657506963,16.20678250737234,16.163587576070118,16.24268023357708,-0.20222398578520284,-0.2454189170874237,-0.16632625958046177,3.455594504177778,True
80959,rozumivka,Rozumivka,47.771208,35.14889,10.0,2022-07-05,2022-07-05 08:27:20.261215232+00:00,2022,205,gt3r,205_gt3r,144,16.34929908509149,0.04011906837986103,0.027059940901025925,16.29432628379248,16.38509490921723,0.09076862542475084,8.228958806740286,6.561049015541894,12.0,0.20358757607011527,4.003195351441778,3.96,4.03909271352557,16.206782927511895,16.163587576070118,16.242680289595686,-0.14251615757959613,-0.1857115090213739,-0.10661879549580533,3.4556281153422224,True
80959,rozumivka,Rozumivka,47.771208,35.14889,10.0,2022-07-05,2022-07-05 08:27:20.485414912+00:00,2022,205,gt2r,205_gt2r,134,16.33634894978488,0.019816297826226743,0.013365909770826079,16.301612085722226,16.381526670732224,0.07991458500999826,3.8497799803263937,2.14199847779934,12.0,0.20358757607011527,4.003196129912889,3.96,4.039092817321719,16.206783705983007,16.163587576070118,16.242680393391836,-0.12956524380187417,-0.17276137371476352,-0.09366855639304461,3.455690393031111,True
80959,rozumivka,Rozumivka,47.771208,35.14889,10.0,2022-07-05,2022-07-05 08:27:20.760015104+00:00,2022,205,gt1l,205_gt1l,111,16.391606547268825,0.02449467671740912,0.016521433102258953,16.358422815243912,16.435618557953582,0.07719574270966945,4.42442449734319,2.1209429050100015,12.0,0.20358757607011527,4.0031970833857775,3.96,4.039092944451437,16.206784659455895,16.163587576070118,16.242680520521553,-0.18482188781293019,-0.22801897119870773,-0.1489260267472723,3.4557666708622223,True
80959,rozumivka,Rozumivka,47.771208,35.14889,10.0,2022-07-05,2022-07-05 08:27:21.092715008+00:00,2022,205,gt1r,205_gt1r,389,16.33553947659242,0.024509487996668126,0.016531423173255178,16.296350080664418,16.38328769552612,0.0869376148617036,4.457113193364141,1.7078849514351917,12.0,0.20358757607011527,4.003198238593778,3.96,4.03909309847917,16.206785814663895,16.163587576070118,16.242680674549288,-0.1287536619285241,-0.17195190052230203,-0.09285880204313202,3.455859087502222,True
80959,rozumivka,Rozumivka,47.771208,35.14889,10.0,2022-10-04,2022-10-04 04:07:07.508669184+00:00,2022,205,gt1l,205_gt1l,22,16.575211692656346,0.01162240910561983,0.007839207544597215,16.53155562758522,16.589818655320077,0.058263027734856365,8.904099712698816,8.789073803595286,12.0,0.20358757607011527,4.320734372993245,4.32,4.314067706326578,16.52432194906336,16.523587576070117,16.517655282396696,-0.050889743592986036,-0.05162411658622901,-0.05755641025965019,0.8812475918933333,True
80959,rozumivka,Rozumivka,47.771208,35.14889,10.0,2022-10-04,2022-10-04 04:07:07.843569152+00:00,2022,205,gt1r,205_gt1r,85,16.51870782944924,0.040842055800441264,0.027547589235425107,16.469029117997998,16.570016803071027,0.10098768507302935,9.01252070474353,8.90029112773186,12.0,0.20358757607011527,4.320734295470104,4.32,4.314067628803437,16.52432187154022,16.523587576070117,16.517655204873552,0.005614042090979154,0.004879746620876091,-0.0010526245756885544,0.8811545641244445,True
80959,rozumivka,Rozumivka,47.771208,35.14889,10.0,2022-11-02,2022-11-02 02:43:10.349431040+00:00,2022,645,gt3r,645_gt3r,26,15.265728360760528,0.02949470711721861,0.019893907404032518,15.23877759093017,15.40032051747012,0.16154292653995128,9.560661289442255,9.41429260324695,12.0,0.20358757607011527,3.2382011462284446,3.23,3.216067048742815,15.44178872229856,15.433587576070115,15.41965462481293,0.17606036153803117,0.16785921530958703,0.1539262640524015,3.280458491377778,True
80959,rozumivka,Rozumivka,47.771208,35.14889,10.0,2023-01-02,2023-01-02 23:46:48.715911424+00:00,2023,205,gt1l,205_gt1l,18,15.065765110396258,0.01497925331879626,0.010103367947387198,15.051278469586665,22.701263762053635,7.649985292466971,4.856633419423844,3.509508958522201,12.0,0.20358757607011527,2.7044504971607113,2.69,2.73,14.908038073230825,14.893587576070114,14.933587576070115,-0.1577270371654329,-0.1721775343261438,-0.13217753432614288,5.780198864284444,True
80959,rozumivka,Rozumivka,47.771208,35.14889,10.0,2023-01-02,2023-01-02 23:46:49.001511680+00:00,2023,205,gt1r,205_gt1r,59,15.040349456246915,0.020523934870793632,0.013843204418449773,15.012031178467002,22.670939850744745,7.658908672277743,5.22387071104718,3.590826163292992,12.0,0.20358757607011527,2.7044506954942222,2.69,2.73,14.908038271564337,14.893587576070114,14.933587576070115,-0.1323111846825782,-0.14676188017680047,-0.10676188017679955,5.780278197688889,True
80959,rozumivka,Rozumivka,47.771208,35.14889,10.0,2023-02-23,2023-02-23 09:02:24.671052544+00:00,2023,989,gt3l,989_gt3l,70,14.913607581153668,0.033603412716000605,0.022665191363820725,14.859901969487046,14.967738998673761,0.10783702918671523,7.373560607779593,7.11955725560751,12.0,0.20358757607011527,2.081339546782815,1.98,2.177600466008711,14.28492712285293,14.183587576070115,14.381188042078826,-0.6286804583007388,-0.7300200050835528,-0.5324195390748425,3.0401864034844444,True
80959,rozumivka,Rozumivka,47.771208,35.14889,10.0,2023-02-23,2023-02-23 09:02:25.006252288+00:00,2023,989,gt3r,989_gt3r,13,14.897328797530825,0.03650911837320022,0.024625062979360735,14.83453458830421,14.927694752155297,0.09316016385108661,7.208420901828441,7.037309999234339,12.0,0.20358757607011527,2.081342650484148,1.98,2.1776006987863115,14.284930226554263,14.183587576070115,14.381188274856425,-0.6123985709765627,-0.71374122146071,-0.5161405226743998,3.0402795145244443,True
80961,plavni,Plavni,47.56711,35.326056,0.5,2020-06-28,2020-06-28 07:19:43.988821760+00:00,2020,45,gt1l,45_gt1l,236,16.119704923007426,0.014236331262065784,0.009602273885111146,16.08728443452788,16.14082771458139,0.0535432800535105,0.41802981358177616,0.3745394487972484,12.0,0.1891640086811383,3.648059261846815,3.65,3.6479111072297776,15.837223270527952,15.839164008681138,15.837075115910915,-0.28248165247947377,-0.2805409143262878,-0.28262980709651053,2.3288857838222223,True
80961,plavni,Plavni,47.56711,35.326056,0.5,2020-06-28,2020-06-28 07:19:44.351821824+00:00,2020,45,gt1r,45_gt1r,58,16.16666664975444,0.012844258413836768,0.00866333361246241,16.110923723166017,16.18670188863579,0.0757781654697709,0.3486792777348101,0.2927250716690225,12.0,0.1891640086811383,3.648059177819022,3.65,3.6479112332714667,15.83722318650016,15.839164008681138,15.837075241952604,-0.32944346325428064,-0.32750264107330196,-0.3295914078018356,2.3289866171733333,True
80961,plavni,Plavni,47.56711,35.326056,1.0,2020-06-28,2020-06-28 07:19:43.904821760+00:00,2020,45,gt1l,45_gt1l,555,16.115149708631748,0.020717977966258388,0.013974084693280986,16.00894436975517,16.142162783199343,0.1332184134441725,0.5822064958822764,0.3745394487972484,12.0,0.1891640086811383,3.648059281291259,3.65,3.647911078063111,15.837223289972396,15.839164008681138,15.837075086744248,-0.2779264186593515,-0.27598569995060984,-0.2780746218874999,2.328862450488889,True
80961,plavni,Plavni,47.56711,35.326056,1.0,2020-06-28,2020-06-28 07:19:44.243621888+00:00,2020,45,gt1r,45_gt1r,109,16.15496833119007,0.036022158464730246,0.024296613020862168,16.048383664966696,16.19139170427241,0.1430080393057125,0.5135707005642393,0.2927250716690225,12.0,0.1891640086811383,3.6480592028653036,3.65,3.6479111957020445,15.83722321154644,15.839164008681138,15.837075204383181,-0.3177451196436287,-0.31580432250893153,-0.3178931268068883,2.3289565616355556,True
80961,plavni,Plavni,47.56711,35.326056,2.0,2020-06-28,2020-06-28 07:19:43.759321600+00:00,2020,45,gt1l,45_gt1l,912,16.10703464944497,0.0254239796599676,0.017148239349769057,16.02713411268219,16.139907141070076,0.11277302838788472,0.9358705277612825,0.3745394487972484,12.0,0.1891640086811383,3.6480593149718517,3.65,3.647911027542222,15.837223323652989,15.839164008681138,15.837075036223359,-0.26981132579198075,-0.2678706407638316,-0.26995961322161044,2.3288220337777776,True
80961,plavni,Plavni,47.56711,35.326056,2.0,2020-06-28,2020-06-28 07:19:44.100221952+00:00,2020,45,gt1r,45_gt1r,214,16.105154214255645,0.056112606209346196,0.03784743437835303,16.047816965585763,16.179927512833064,0.13211054724730076,0.9894680228873565,0.2927250716690225,12.0,0.1891640086811383,3.6480592360597335,3.65,3.6479111459104,15.837223244740871,15.839164008681138,15.837075154591536,-0.267930969514774,-0.26599020557450714,-0.2680790596641085,2.32891672832,True
80961,plavni,Plavni,47.56711,35.326056,3.0,2020-06-28,2020-06-28 07:19:43.616421632+00:00,2020,45,gt1l,45_gt1l,1199,16.099634869408032,0.03151902974202956,0.02125929430866691,15.9877620339354,16.137076272220803,0.14931423828540247,1.3057452312516362,0.3745394487972484,12.0,0.1891640086811383,3.6480593480505483,3.65,3.6479109779241776,15.837223356731686,15.839164008681138,15.837074986605314,-0.262411512676346,-0.26047086072689396,-0.2625598828027176,2.3287823393422222,True
80961,plavni,Plavni,47.56711,35.326056,3.0,2020-06-28,2020-06-28 07:19:43.957921792+00:00,2020,45,gt1r,45_gt1r,290,16.102851111028826,0.04306976962974078,0.029050161628045856,16.047279442697317,16.177503320605716,0.1302238779083993,1.381562252372437,0.2927250716690225,12.0,0.1891640086811383,3.648059268999585,3.65,3.6479110965006223,15.837223277680723,15.839164008681138,15.837075105181759,-0.2656278333481037,-0.26368710234768855,-0.2657760058470675,2.328877200497778,True
80961,plavni,Plavni,47.56711,35.326056,3.0,2020-08-06,2020-08-06 17:44:20.655945728+00:00,2020,645,gt2l,645_gt2l,72,15.989807747950335,0.012771971611139755,0.008614576832011167,15.974720756935948,16.01028491431446,0.03556415737851282,2.784745818669043,2.6637772257920953,12.0,0.1891640086811383,3.6187682148399407,3.62,3.6072825592466966,15.807932223521078,15.809164008681138,15.796446567927834,-0.18187552442925714,-0.18064373926919686,-0.19336118002250124,0.7390710960355555,True
80961,plavni,Plavni,47.56711,35.326056,3.0,2020-08-06,2020-08-06 17:44:21.032445952+00:00,2020,645,gt2r,645_gt2r,18,15.966782251416175,0.015431089454008921,0.010408127245385757,15.95060910850722,15.986172002909884,0.03556289440266447,2.836649075026525,2.7536188000796358,12.0,0.1891640086811383,3.6187680405342815,3.62,3.607282646399526,15.807932049215419,15.809164008681138,15.796446655080663,-0.15885020220075674,-0.15761824273503677,-0.1703355963355122,0.7391756794311111,True
80961,plavni,Plavni,47.56711,35.326056,3.0,2020-08-06,2020-08-06 17:44:21.120645888+00:00,2020,645,gt1l,645_gt1l,45,15.989192795743083,0.013890246091328232,0.009368842635456787,15.973770603332218,16.017842858757252,0.0440722554250339,2.3856687014811238,1.8935015558500803,12.0,0.1891640086811383,3.618767999700978,3.62,3.607282666816178,15.807932008382116,15.809164008681138,15.796446675497316,-0.1812607873609675,-0.18002878706194458,-0.19274612024576676,0.7392001794133334,True
80961,plavni,Plavni,47.56711,35.326056,3.0,2020-08-06,2020-08-06 17:44:21.408345856+00:00,2020,645,gt1r,645_gt1r,17,16.028344675273893,0.013929518844090069,0.009395331744293856,16.01812492409899,16.04860976130865,0.030484837209659332,2.1764633385886705,1.5007821461053021,12.0,0.1891640086811383,3.6187678665065484,3.62,3.607282733413393,15.807931875187686,15.809164008681138,15.79644674209453,-0.22041280008620667,-0.21918066659275404,-0.23189793317936314,0.7392800960711111,True
80961,plavni,Plavni,47.56711,35.326056,3.0,2021-06-26,2021-06-26 13:59:05.736419328+00:00,2021,45,gt1l,45_gt1l,85,16.465238419753987,0.02017007445601153,0.01360452883853469,16.439024030552666,16.491812018048357,0.05278798749569091,2.8543009665230565,2.790562298564195,12.0,0.1891640086811383,4.01,4.01,4.012077052826311,16.199164008681137,16.199164008681137,16.20124106150745,-0.2660744110728501,-0.2660744110728501,-0.263997358246538,3.015073216853333,True
80961,plavni,Plavni,47.56711,35.326056,3.0,2021-06-26,2021-06-26 13:59:06.047619328+00:00,2021,45,gt1r,45_gt1r,417,16.413394034751214,0.03216943331545417,0.021697985508872364,16.378269567740833,16.463630626047284,0.08536105830645013,2.7844976626846543,2.7011853702310833,12.0,0.1891640086811383,4.01,4.01,4.01207708884483,16.199164008681137,16.199164008681137,16.20124109752597,-0.21423002607007646,-0.21423002607007646,-0.21215293722524464,3.014986772408889,True
80961,plavni,Plavni,47.56711,35.326056,5.0,2020-06-28,2020-06-28 07:19:43.334321664+00:00,2020,45,gt1l,45_gt1l,1844,16.077171139840843,0.054290029209201895,0.036618123033321126,15.963779803800724,16.13199705728989,0.16821725348916594,2.2387581059050294,0.3745394487972484,12.0,0.1891640086811383,3.6480594133514668,3.65,3.6479108799728,15.837223422032604,15.839164008681138,15.837074888653937,-0.23994771780823854,-0.23800713115970495,-0.24009625118690536,2.32870397824,True
80961,plavni,Plavni,47.56711,35.326056,5.0,2020-06-28,2020-06-28 07:19:43.675121664+00:00,2020,45,gt1r,45_gt1r,449,16.095423821935846,0.030765320586397363,0.020750924447860086,16.04373838747061,16.171982780287742,0.1282443928171304,2.3076806110016523,0.2927250716690225,12.0,0.1891640086811383,3.6480593344625776,3.65,3.6479109983061333,15.837223343143714,15.839164008681138,15.837075006987272,-0.2582004787921317,-0.25625981325470804,-0.2583488149485742,2.3287986449066667,True
80961,plavni,Plavni,47.56711,35.326056,5.0,2020-08-06,2020-08-06 17:44:20.542845952+00:00,2020,645,gt2l,645_gt2l,167,15.996121308189025,0.014329013108563817,0.009664786934145297,15.976401206895535,16.020356833635905,0.043955626740370235,3.3207811926816304,2.6637772257920953,12.0,0.1891640086811383,3.6187682672009482,3.62,3.6072825330661926,15.807932275882086,15.809164008681138,15.796446541747331,-0.18818903230693884,-0.18695729950788653,-0.19967476644169402,0.7390396794311112,True
80961,plavni,Plavni,47.56711,35.326056,5.0,2020-08-06,2020-08-06 17:44:20.862045952+00:00,2020,645,gt2r,645_gt2r,53,15.968050188519847,0.013777123412258977,0.009292542433737339,15.951495626577412,15.994933394353962,0.04343776777655073,3.41049781701845,2.7536188000796358,12.0,0.1891640086811383,3.6187681194231707,3.62,3.6072826069550814,15.807932128104309,15.809164008681138,15.796446615636219,-0.1601180604155381,-0.15888617983870823,-0.17160357288362782,0.7391283460977778,True
80961,plavni,Plavni,47.56711,35.326056,5.0,2020-08-06,2020-08-06 17:44:21.120645888+00:00,2020,645,gt1l,645_gt1l,121,15.986813409010296,0.011628140395763624,0.007843073246839083,15.968981999224628,16.01184452197962,0.042862522754990806,3.4314945756730397,1.8935015558500803,12.0,0.1891640086811383,3.618767999700978,3.62,3.607282666816178,15.807932008382116,15.809164008681138,15.796446675497316,-0.17888140062818003,-0.1776494003291571,-0.19036673351297928,0.7392001794133334,True
80961,plavni,Plavni,47.56711,35.326056,5.0,2020-08-06,2020-08-06 17:44:21.408345856+00:00,2020,645,gt1r,645_gt1r,34,16.028182324978644,0.013104911735382559,0.008839141869271927,16.013819916110553,16.05248998372592,0.03867006761536729,3.1163978285624117,1.5007821461053021,12.0,0.1891640086811383,3.6187678665065484,3.62,3.607282733413393,15.807931875187686,15.809164008681138,15.79644674209453,-0.2202504497909583,-0.21901831629750568,-0.23173558288411478,0.7392800960711111,True
80961,plavni,Plavni,47.56711,35.326056,5.0,2021-03-27,2021-03-27 18:19:14.831415552+00:00,2021,45,gt1l,45_gt1l,32,16.15311955365461,0.020670542056414755,0.013942089610424091,16.095814370515793,16.170469058821762,0.07465468830596933,4.481846180109601,3.3656724367610096,12.0,0.1891640086811383,3.71,3.71,3.7227645334745043,15.899164008681138,15.899164008681138,15.911928542155641,-0.2539555449734703,-0.2539555449734703,-0.2411910114989677,0.32078650432,True
80961,plavni,Plavni,47.56711,35.326056,5.0,2021-03-27,2021-03-27 18:19:15.168515584+00:00,2021,45,gt1r,45_gt1r,98,16.12289278462023,0.022105282640298006,0.014909808876499397,16.092673015508833,16.158565500692408,0.06589248518357493,4.213921296167868,3.0833267806281475,12.0,0.1891640086811383,3.71,3.71,3.722764452049376,15.899164008681138,15.899164008681138,15.911928460730513,-0.22372877593909202,-0.22372877593909202,-0.21096432388971742,0.3208801432177778,True
80961,plavni,Plavni,47.56711,35.326056,5.0,2021-06-26,2021-06-26 13:59:05.259519232+00:00,2021,45,gt2l,45_gt2l,10,16.465607785540087,0.029558708374750713,0.019937075660832804,16.393654889052826,16.492057973985297,0.09840308493247107,4.234279137181187,4.110586179313486,12.0,0.1891640086811383,4.01,4.01,4.01207699762954,16.199164008681137,16.199164008681137,16.20124100631068,-0.2664437768589494,-0.2664437768589494,-0.2643667792294053,3.0152056891022223,True
80961,plavni,Plavni,47.56711,35.326056,5.0,2021-06-26,2021-06-26 13:59:05.306719232+00:00,2021,45,gt1l,45_gt1l,239,16.47520525984,0.015429888317991318,0.010407317090241008,16.445970812310552,16.502488484859512,0.05651767254896001,3.4888404339298846,2.790562298564195,12.0,0.1891640086811383,4.01,4.01,4.012077003092504,16.199164008681137,16.199164008681137,16.201241011773643,-0.2760412511588619,-0.2760412511588619,-0.2739642480663562,3.0151925779911113,True
80961,plavni,Plavni,47.56711,35.326056,5.0,2021-06-26,2021-06-26 13:59:05.638119168+00:00,2021,45,gt1r,45_gt1r,931,16.43089257944647,0.02539610222366266,0.017129436276583476,16.384364128462394,16.472022731210327,0.08765860274793269,3.3798855117331597,2.7011853702310833,12.0,0.1891640086811383,4.01,4.01,4.012077041448978,16.199164008681137,16.199164008681137,16.20124105013012,-0.23172857076533404,-0.23172857076533404,-0.22965152931635302,3.0151005224533334,True
80961,plavni,Plavni,47.56711,35.326056,10.0,2020-03-29,2020-03-29 11:39:51.461949440+00:00,2020,45,gt1l,45_gt1l,94,16.02910882817381,0.015985194126503902,0.010781865726766426,15.999956552233604,16.060585950438153,0.060629398204548934,8.805276394163945,7.683702925607069,12.0,0.1891640086811383,3.606660737464889,3.62,3.6077797541783703,15.795824746146026,15.809164008681138,15.796943762859508,-0.23328408202778483,-0.21994481949267275,-0.23216506531430348,5.335705014044445,True
80961,plavni,Plavni,47.56711,35.326056,10.0,2020-03-29,2020-03-29 11:39:51.650549504+00:00,2020,45,gt2r,45_gt2r,34,16.03114181101263,0.019169737835222123,0.012929811031446192,16.005889694369962,16.0592108536271,0.05332115925713765,7.3971948334109525,5.251198445548254,12.0,0.1891640086811383,3.6066608684371557,3.62,3.607779710520948,15.795824877118294,15.809164008681138,15.796943719202085,-0.23531693389433705,-0.22197780233149267,-0.23419809181054596,5.335652625137778,True
80961,plavni,Plavni,47.56711,35.326056,10.0,2020-03-29,2020-03-29 11:39:51.782949376+00:00,2020,45,gt1r,45_gt1r,372,16.002634613581378,0.019190555268408616,0.012943852197766503,15.971320968962393,16.03501659343049,0.06369562446809773,8.854534127418857,7.549613274855415,12.0,0.1891640086811383,3.606660960381511,3.62,3.6077796798728294,15.795824969062648,15.809164008681138,15.796943688553966,-0.20680964451872974,-0.1934706049002397,-0.2056909250274117,5.335615847395555,True
80961,plavni,Plavni,47.56711,35.326056,10.0,2020-03-29,2020-03-29 11:39:52.873549568+00:00,2020,45,gt2l,45_gt2l,12,15.971869761023706,0.016189452046548702,0.010919635806386552,15.858136655365714,16.021903654995885,0.16376699963017138,8.865206969461527,6.030011424778381,12.0,0.1891640086811383,3.6066617177427553,3.62,3.6077794274190813,15.795825726423892,15.809164008681138,15.79694343610022,-0.17604403459981377,-0.16270575234256768,-0.17492632492348648,5.335312902897778,True
80961,plavni,Plavni,47.56711,35.326056,10.0,2020-06-28,2020-06-28 07:19:43.279321600+00:00,2020,45,gt1l,45_gt1l,1948,16.07368783476575,0.059676712298425055,0.040251391001230985,15.96203433450714,16.131779714810467,0.1697453803033273,2.396376141296236,0.3745394487972484,12.0,0.1891640086811383,3.648059426082963,3.65,3.6479108608755553,15.8372234347641,15.839164008681138,15.837074869556693,-0.23646440000164937,-0.23452382608461164,-0.23661296520905672,2.3286887004444443,True
80961,plavni,Plavni,47.56711,35.326056,10.0,2020-06-28,2020-06-28 07:19:43.643621632+00:00,2020,45,gt1r,45_gt1r,464,16.093821621088154,0.0299038198162713,0.020169850139128087,16.044260212404975,16.171766576777706,0.12750636437273144,2.398386621468067,0.2927250716690225,12.0,0.1891640086811383,3.648059341754252,3.65,3.647910987368622,15.837223350435389,15.839164008681138,15.83707499604976,-0.2565982706527645,-0.2546576124070157,-0.25674662503839407,2.3287898948977777,True
80961,plavni,Plavni,47.56711,35.326056,10.0,2020-08-06,2020-08-06 17:44:19.747545856+00:00,2020,645,gt3l,645_gt3l,548,15.950194037813253,0.022326713321998485,0.015059161825170975,15.911004344085573,15.983594170880243,0.07258982679467074,7.343508103552473,5.871346754714472,12.0,0.1891640086811383,3.6187686353954374,3.62,3.607282348968948,15.807932644076574,15.809164008681138,15.796446357650085,-0.14226139373667834,-0.14103002913211427,-0.15374768016316764,0.7388187627377778,True
80961,plavni,Plavni,47.56711,35.326056,10.0,2020-08-06,2020-08-06 17:44:20.071845888+00:00,2020,645,gt3r,645_gt3r,135,15.9925870893012,0.037181671843420604,0.025078694080278296,15.943832183037426,16.04202555614835,0.09819337311092369,7.425691407121365,5.959985539074107,12.0,0.1891640086811383,3.6187684852565334,3.62,3.6072824240384,15.80793249393767,15.809164008681138,15.796446432719538,-0.18465459536352924,-0.18342308062006119,-0.1961406565816617,0.73890884608,True
80961,plavni,Plavni,47.56711,35.326056,10.0,2020-08-06,2020-08-06 17:44:20.542845952+00:00,2020,645,gt2l,645_gt2l,253,16.00001142823159,0.016416927348424502,0.011073065795510928,15.978585588851903,16.026719468957985,0.048133880106082216,4.4113362530504086,2.6637772257920953,12.0,0.1891640086811383,3.6187682672009482,3.62,3.6072825330661926,15.807932275882086,15.809164008681138,15.796446541747331,-0.19207915234950512,-0.1908474195504528,-0.2035648864842603,0.7390396794311112,True
80961,plavni,Plavni,47.56711,35.326056,10.0,2020-08-06,2020-08-06 17:44:20.862045952+00:00,2020,645,gt2r,645_gt2r,82,15.973603863043293,0.013599161438244021,0.009172508726726036,15.952387497091804,15.995719495489672,0.04333199839786772,4.629514526869708,2.7536188000796358,12.0,0.1891640086811383,3.6187681194231707,3.62,3.6072826069550814,15.807932128104309,15.809164008681138,15.796446615636219,-0.16567173493898402,-0.16443985436215414,-0.17715724740707373,0.7391283460977778,True
80961,plavni,Plavni,47.56711,35.326056,10.0,2020-08-06,2020-08-06 17:44:21.120645888+00:00,2020,645,gt1l,645_gt1l,166,15.98847907002492,0.012883271543383206,0.008689647607839746,15.970248415568438,16.019209755499617,0.04896133993117857,3.932138021805555,1.8935015558500803,12.0,0.1891640086811383,3.618767999700978,3.62,3.607282666816178,15.807932008382116,15.809164008681138,15.796446675497316,-0.18054706164280532,-0.1793150613437824,-0.19203239452760457,0.7392001794133334,True
80961,plavni,Plavni,47.56711,35.326056,10.0,2020-08-06,2020-08-06 17:44:21.408345856+00:00,2020,645,gt1r,645_gt1r,46,16.02761343208173,0.013423015283186719,0.009053699772822554,16.01242331455315,16.051211493120125,0.03878817856697481,3.6951750426271524,1.5007821461053021,12.0,0.1891640086811383,3.6187678665065484,3.62,3.607282733413393,15.807931875187686,15.809164008681138,15.79644674209453,-0.21968155689404334,-0.2184494234005907,-0.2311666899871998,0.7392800960711111,True
80961,plavni,Plavni,47.56711,35.326056,10.0,2020-09-27,2020-09-27 02:59:32.792000256+00:00,2020,45,gt1l,45_gt1l,15,15.633635943360012,0.012102541171968488,0.008163052186677788,15.575322200165148,15.658597545191842,0.08327534502669387,6.164949685349305,5.22715845667074,12.0,0.1891640086811383,3.2933837185180446,3.2800000000000002,3.3300125962961777,15.482547727199181,15.469164008681139,15.519176604977316,-0.15108821616083112,-0.16447193467887367,-0.11445933838269617,2.007557777706667,True
80961,plavni,Plavni,47.56711,35.326056,10.0,2021-02-26,2021-02-26 19:43:10.089056+00:00,2021,989,gt3l,989_gt3l,66,16.16142064219047,0.06612552395060994,0.04460105487023469,16.06906346538328,16.224307617996143,0.1552441526128625,8.932619060219993,8.464497054655075,12.0,0.1891640086811383,3.748567109014815,3.75,3.7519004423481483,15.937731117695952,15.939164008681137,15.941064451029286,-0.22368952449451918,-0.22225663350933367,-0.22035619116118532,1.7194691822222221,True
80961,plavni,Plavni,47.56711,35.326056,10.0,2021-02-26,2021-02-26 19:43:10.391155968+00:00,2021,989,gt3r,989_gt3r,281,16.08611460625355,0.05273298009728635,0.03556790779528285,15.965393448942663,16.145350677486515,0.1799572285438522,8.91096351560424,8.395238380046777,12.0,0.1891640086811383,3.748567039084267,3.75,3.7519003724176003,15.937731047765405,15.939164008681137,15.941064381098737,-0.14838355848814366,-0.14695059757241147,-0.14505022515481159,1.71955309888,True
80961,plavni,Plavni,47.56711,35.326056,10.0,2021-03-27,2021-03-27 18:19:14.598415872+00:00,2021,45,gt1l,45_gt1l,39,16.150823873263796,0.02272299351823181,0.015326449155693922,16.099536530640144,16.185495086921794,0.08595855628164983,4.649150642310091,3.3656724367610096,12.0,0.1891640086811383,3.71,3.71,3.7227645897546204,15.899164008681138,15.899164008681138,15.911928598435757,-0.251659864582658,-0.251659864582658,-0.23889527482803885,0.3207217821866667,True
80961,plavni,Plavni,47.56711,35.326056,10.0,2021-03-27,2021-03-27 18:19:14.917415936+00:00,2021,45,gt1r,45_gt1r,107,16.123631509053997,0.023017193792782963,0.015524884522314153,16.093305807042416,16.15939470637262,0.06608889933020379,4.382511157969652,3.0833267806281475,12.0,0.1891640086811383,3.71,3.71,3.7227645127014646,15.899164008681138,15.899164008681138,15.911928521382602,-0.22446750037285845,-0.22446750037285845,-0.21170298767139428,0.32081039331555555,True
80961,plavni,Plavni,47.56711,35.326056,10.0,2021-06-26,2021-06-26 13:59:05.026519296+00:00,2021,45,gt1l,45_gt1l,318,16.474729430497344,0.01688331361236693,0.011387639020886908,16.44308282791658,16.503608366927832,0.060525539011251794,4.097664106871106,2.790562298564195,12.0,0.1891640086811383,4.01,4.01,4.012076970661956,16.199164008681137,16.199164008681137,16.201240979343094,-0.27556542181620713,-0.27556542181620713,-0.27348845115425036,3.0152704113066666,True
80961,plavni,Plavni,47.56711,35.326056,10.0,2021-06-26,2021-06-26 13:59:05.259519232+00:00,2021,45,gt2l,45_gt2l,10,16.465607785540087,0.029558708374750713,0.019937075660832804,16.393654889052826,16.492057973985297,0.09840308493247107,4.234279137181187,4.110586179313486,12.0,0.1891640086811383,4.01,4.01,4.01207699762954,16.199164008681137,16.199164008681137,16.20124100631068,-0.2664437768589494,-0.2664437768589494,-0.2643667792294053,3.0152056891022223,True
80961,plavni,Plavni,47.56711,35.326056,10.0,2021-06-26,2021-06-26 13:59:05.373519104+00:00,2021,45,gt1r,45_gt1r,1200,16.43255974393561,0.025310267401108127,0.01707154148192913,16.386301398169696,16.47194109969154,0.08563970152184552,3.963325047958452,2.7011853702310833,12.0,0.1891640086811383,4.01,4.01,4.012077010823971,16.199164008681137,16.199164008681137,16.20124101950511,-0.23339573525447221,-0.23339573525447221,-0.23131872443049772,3.015174022471111,True
80961,plavni,Plavni,47.56711,35.326056,10.0,2021-08-05,2021-08-05 00:23:46.641405952+00:00,2021,645,gt2r,645_gt2r,17,16.244538253735282,0.01922864307046887,0.012969542068304918,16.22185957579839,16.310946260298213,0.08908668449982216,6.535542787713724,2.7700880900847413,12.0,0.1891640086811383,3.8023271487990518,3.81,3.809245361599289,15.991491157480189,15.999164008681138,15.998409370280426,-0.25304709625509325,-0.24537424505414407,-0.2461288834548565,4.6037107205688885,True
80961,plavni,Plavni,47.56711,35.326056,10.0,2021-08-05,2021-08-05 00:23:47.263906048+00:00,2021,645,gt3r,645_gt3r,21,16.231157744876516,0.017828613710542555,0.012025235202038687,16.20154206369049,16.257507082818897,0.05596501912840779,8.176321663216138,6.352236009330121,12.0,0.1891640086811383,3.802327436993541,3.81,3.809245577745156,15.991491445674678,15.999164008681138,15.998409586426293,-0.23966629920183813,-0.23199373619537766,-0.23274815845022268,4.603537803875556,True
80961,plavni,Plavni,47.56711,35.326056,10.0,2021-11-03,2021-11-03 20:03:48.936554240+00:00,2021,645,gt1l,645_gt1l,320,15.994526278506742,0.02422376009913987,0.016338702346647693,15.936810199005661,16.029101597279805,0.09229139827414379,8.488833530261237,7.949545695646503,12.0,0.1891640086811383,3.58,3.58,3.5641931639530373,15.769164008681138,15.769164008681138,15.753357172634175,-0.22536226982560414,-0.22536226982560414,-0.2411691058725669,2.063593487288889,True
80961,plavni,Plavni,47.56711,35.326056,10.0,2021-11-03,2021-11-03 20:03:49.318354176+00:00,2021,645,gt1r,645_gt1r,90,16.031139657289756,0.023231202802367276,0.01566923162172351,15.975250659958641,16.05714527476242,0.0818946148037778,8.526627920363918,8.039863652523158,12.0,0.1891640086811383,3.58,3.58,3.5641932081428447,15.769164008681138,15.769164008681138,15.753357216823982,-0.2619756486086189,-0.2619756486086189,-0.27778244046577427,2.0636995428266665,True
80961,plavni,Plavni,47.56711,35.326056,10.0,2021-11-26,2021-11-26 06:42:52.744890624+00:00,2021,989,gt3l,989_gt3l,306,16.041087329976452,0.026440922909863745,0.017834158174736103,15.989266520758491,16.075308782064145,0.08604226130565351,8.218454962818651,7.289819004761953,12.0,0.1891640086811383,3.587617828804978,3.59,3.5809511621383114,15.776781837486116,15.779164008681137,15.77011517081945,-0.26430549249033675,-0.26192332129531515,-0.2709721591570027,0.7146513585066666,True
80961,plavni,Plavni,47.56711,35.326056,10.0,2021-11-26,2021-11-26 06:42:53.085290752+00:00,2021,989,gt3r,989_gt3r,79,16.11556867974672,0.03044105292541207,0.020532208906928417,16.073225872582753,16.153407351368937,0.08018147878618365,8.183444962436717,7.193302611311073,12.0,0.1891640086811383,3.5876175136196737,3.59,3.580950846953008,15.77678152230081,15.779164008681137,15.770114855634146,-0.3387871574459087,-0.3364046710655817,-0.34545382411257286,0.7147459140977778,True
80963,blahovishchenka,Blahovishchenka,47.463877,34.821044,0.5,2020-06-09,2020-06-09 20:32:18.206153728+00:00,2020,1149,gt2l,1149_gt2l,144,15.983688989963934,0.010299477165561859,0.006946902175611669,15.965570093500244,16.00655863325144,0.040988539751197095,0.22489786400792072,0.031988272530137765,12.0,0.18336046021438146,3.6470513411681185,3.65,3.6448076627492743,15.8304118013825,15.833360460214381,15.828168122963655,-0.15327718858143413,-0.1503285297495527,-0.15552086700027878,3.5383905982577777,True
80963,blahovishchenka,Blahovishchenka,47.463877,34.821044,0.5,2020-06-09,2020-06-09 20:32:18.550153472+00:00,2020,1149,gt2r,1149_gt2r,35,15.927634994976078,0.021833018741072345,0.014726169392332622,15.903365831258158,15.990385123301078,0.08701929204291936,0.23594302050600424,0.05707439479810589,12.0,0.18336046021438146,3.647051261538548,3.65,3.644807702564059,15.83041172175293,15.833360460214381,15.82816816277844,-0.09722327322314861,-0.09427453476169667,-0.09946683219763841,3.5384861537422223,True
80963,blahovishchenka,Blahovishchenka,47.463877,34.821044,0.5,2020-12-08,2020-12-08 11:51:56.360146944+00:00,2020,1149,gt1l,1149_gt1l,12,15.733745954531472,0.02740847963159123,0.01848676624281076,15.665371909931784,15.78957098038953,0.12419907045774714,0.23089843520821676,0.0623793751115196,12.0,0.18336046021438146,3.4248880463303113,3.42,3.430777356498489,15.608248506544692,15.60336046021438,15.61413781671287,-0.12549744798677942,-0.1303854943170908,-0.11960813781860224,5.865655596373333,True
80963,blahovishchenka,Blahovishchenka,47.463877,34.821044,1.0,2020-06-09,2020-06-09 20:32:18.135553536+00:00,2020,1149,gt2l,1149_gt2l,268,15.986131903951811,0.011381266138915174,0.0076765588418421515,15.966237027555936,16.01037405937941,0.04413703182347284,0.4673395421302762,0.031988272530137765,12.0,0.18336046021438146,3.6470513575107555,3.65,3.6448076545779555,15.830411817725135,15.833360460214381,15.828168114792337,-0.1557200862266761,-0.15277144373743035,-0.1579637891594743,3.5383709870933333,True
80963,blahovishchenka,Blahovishchenka,47.463877,34.821044,1.0,2020-06-09,2020-06-09 20:32:18.479053568+00:00,2020,1149,gt2r,1149_gt2r,66,15.92508396012925,0.020577963880109424,0.013879646485976949,15.89843633075693,15.976778284658572,0.07834195390164211,0.47755313946999045,0.05707439479810589,12.0,0.18336046021438146,3.647051277996859,3.65,3.644807694334904,15.83041173821124,15.833360460214381,15.828168154549285,-0.09467222191801028,-0.09172349991486861,-0.0969158055799646,3.538466403768889,True
80963,blahovishchenka,Blahovishchenka,47.463877,34.821044,1.0,2020-12-08,2020-12-08 11:51:56.294846976+00:00,2020,1149,gt1l,1149_gt1l,18,15.727685054619,0.018310980413415067,0.012350587085805387,15.60926857807573,15.784158956946218,0.1748903788704883,0.4174674346250687,0.0623793751115196,12.0,0.18336046021438146,3.4248880312145777,3.42,3.4307773489406226,15.60824849142896,15.60336046021438,15.614137809155004,-0.1194365631900407,-0.1243245944046194,-0.1135472454639963,5.865637457493333,True
80963,blahovishchenka,Blahovishchenka,47.463877,34.821044,1.0,2021-06-08,2021-06-08 03:11:41.097489152+00:00,2021,1149,gt3r,1149_gt3r,21,16.334335314802985,0.006895026124549295,0.004650631407358219,16.32120627756308,16.35191440441634,0.03070812685326274,0.8882877076324259,0.8372647200371608,12.0,0.18336046021438146,3.9615043755812147,3.96,3.972418854457274,16.144864835795595,16.14336046021438,16.155779314671655,-0.18947047900739022,-0.1909748545886032,-0.17855600013133,1.8052506974577778,True
80963,blahovishchenka,Blahovishchenka,47.463877,34.821044,1.0,2021-10-28,2021-10-28 08:06:48.933486080+00:00,2021,545,gt2l,545_gt2l,85,15.949005572497136,0.021405366480615483,0.014437721894385191,15.836114625357762,15.977176708465045,0.14106208310728263,0.6470424164867564,0.4829806081420763,12.0,0.18336046021438146,3.5425946605291854,3.54,3.548891990793778,15.725955120743567,15.72336046021438,15.732252451008158,-0.22305045175356852,-0.22564511228275563,-0.21675312148897774,3.113592635022222,True
80963,blahovishchenka,Blahovishchenka,47.463877,34.821044,1.0,2021-10-28,2021-10-28 08:06:49.267186176+00:00,2021,545,gt2r,545_gt2r,22,15.930679585800437,0.012409908680320774,0.008370368730824751,15.884417063441685,15.95221690745321,0.06779984401152461,0.721988566727722,0.5730935383243669,12.0,0.18336046021438146,3.5425947377745777,3.54,3.548892106661867,15.72595519798896,15.72336046021438,15.732252566876248,-0.20472438781147773,-0.20731912558605714,-0.198427018924189,3.1136853294933333,True
80963,blahovishchenka,Blahovishchenka,47.463877,34.821044,2.0,2020-05-01,2020-05-01 10:07:37.151203072+00:00,2020,545,gt3l,545_gt3l,13,15.937367890817399,0.009383291780748707,0.006328943599587689,15.92732725876861,15.950655526586738,0.023328267818127912,1.479232136688276,1.207246722345234,12.0,0.18336046021438146,3.6042724887044146,3.6,3.6090608446289183,15.787632948918795,15.78336046021438,15.792421304843298,-0.14973494189860403,-0.15400743060301814,-0.14494658597410037,5.126986445297778,True
80963,blahovishchenka,Blahovishchenka,47.463877,34.821044,2.0,2020-05-01,2020-05-01 10:07:37.507103232+00:00,2020,545,gt3r,545_gt3r,37,15.936660839125679,0.014079192081944861,0.009496284960167856,15.921983172388343,15.955675049535772,0.033691877147429494,1.4233637091201368,1.159076354592129,12.0,0.18336046021438146,3.604272571088711,3.6,3.609060762244622,15.787633031303091,15.78336046021438,15.792421222459003,-0.14902780782258773,-0.15330037891129855,-0.14423961666667573,5.127085306453333,True
80963,blahovishchenka,Blahovishchenka,47.463877,34.821044,2.0,2020-06-09,2020-06-09 20:32:17.995153664+00:00,2020,1149,gt2l,1149_gt2l,511,15.986631757369395,0.012144383048712386,0.008191274145900707,15.966056949627207,16.012645240915536,0.04658829128832842,0.9550824700471349,0.031988272530137765,12.0,0.18336046021438146,3.6470513900107258,3.65,3.6448076383279706,15.830411850225106,15.833360460214381,15.828168098542351,-0.15621990714428868,-0.15327129715501364,-0.15846365882704383,3.5383319871288887,True
80963,blahovishchenka,Blahovishchenka,47.463877,34.821044,2.0,2020-06-09,2020-06-09 20:32:18.339853568+00:00,2020,1149,gt2r,1149_gt2r,126,15.929866291589764,0.02088089346959257,0.01408396969485537,15.898941680769138,15.970644901519496,0.07170322075035784,0.9635083872562797,0.05707439479810589,12.0,0.18336046021438146,3.6470513102190814,3.65,3.644807678223793,15.830411770433463,15.833360460214381,15.828168138438173,-0.09945452115630182,-0.09650583137538327,-0.1016981531515917,3.5384277371022224,True
80963,blahovishchenka,Blahovishchenka,47.463877,34.821044,2.0,2020-12-08,2020-12-08 11:51:56.149847040+00:00,2020,1149,gt1l,1149_gt1l,37,15.72698251440875,0.04346690705498855,0.029318027151617798,15.596717565401558,15.785060960853437,0.18834339545187895,1.0183158877042533,0.0623793751115196,12.0,0.18336046021438146,3.424887997649778,3.42,3.4307773321582222,15.608248457864159,15.60336046021438,15.614137792372603,-0.11873405654459113,-0.12362205419436911,-0.11284472203614726,5.865597179733333,True
80963,blahovishchenka,Blahovishchenka,47.463877,34.821044,2.0,2020-12-08,2020-12-08 11:51:56.498746880+00:00,2020,1149,gt1r,1149_gt1r,10,15.691883699331406,0.038120260837667744,0.025711763683844424,15.656455098433513,15.737384528445673,0.08092943001216035,1.012652268945042,0.15384933375413873,12.0,0.18336046021438146,3.4248880784136295,3.42,3.4307773725401485,15.608248538628011,15.60336046021438,15.61413783275453,-0.08363516070339472,-0.0885232391170252,-0.07774586657687621,5.865694096355556,True
80963,blahovishchenka,Blahovishchenka,47.463877,34.821044,2.0,2021-06-08,2021-06-08 03:11:40.572089088+00:00,2021,1149,gt3l,1149_gt3l,17,16.327981842530797,0.019667326336949557,0.01326542987788315,16.308066552205105,16.44439074196671,0.13632418976160565,1.1848473530089654,0.7522446151135759,12.0,0.18336046021438146,3.9615044972016,3.96,3.972418915267467,16.144864957415983,16.14336046021438,16.15577937548185,-0.1831168851148135,-0.1846213823164149,-0.17220246704894748,1.80539664192,True
80963,blahovishchenka,Blahovishchenka,47.463877,34.821044,2.0,2021-06-08,2021-06-08 03:11:40.917689344+00:00,2021,1149,gt3r,1149_gt3r,64,16.334140434361792,0.014862731563130614,0.01002477509991273,16.310807090993155,16.352588287297785,0.04178119630462973,1.2642381285186892,0.8372647200371608,12.0,0.18336046021438146,3.9615044172015406,3.96,3.972418875267437,16.144864877415923,16.14336046021438,16.155779335481817,-0.18927555694586928,-0.19077997414741077,-0.1783610988799751,1.8053006418488888,True
80963,blahovishchenka,Blahovishchenka,47.463877,34.821044,2.0,2021-09-06,2021-09-06 22:51:37.146852096+00:00,2021,1149,gt1r,1149_gt1r,21,15.854707129999895,0.026299454964120082,0.017738739352569866,15.815951097835374,15.895643739323901,0.07969264148852773,1.802342311214431,1.6993054178444766,12.0,0.18336046021438146,3.5351164011916447,3.54,3.5326746017874666,15.718476861406025,15.72336046021438,15.716035062001847,-0.1362302685938701,-0.1313466697855148,-0.13867206799804777,5.860318570026666,True
80963,blahovishchenka,Blahovishchenka,47.463877,34.821044,2.0,2021-10-28,2021-10-28 08:06:48.933486080+00:00,2021,545,gt2l,545_gt2l,164,15.954398378234359,0.016546917129797823,0.011160742701873616,15.852495739462697,15.976923876560921,0.12442813709822431,1.0638127509403839,0.4829806081420763,12.0,0.18336046021438146,3.5425946605291854,3.54,3.548891990793778,15.725955120743567,15.72336046021438,15.732252451008158,-0.22844325749079175,-0.23103791801997886,-0.22214592722620097,3.113592635022222,True
80963,blahovishchenka,Blahovishchenka,47.463877,34.821044,2.0,2021-10-28,2021-10-28 08:06:49.267186176+00:00,2021,545,gt2r,545_gt2r,46,15.930023469194792,0.011350536831414933,0.007655832207888125,15.904699238742431,15.94723157138195,0.042532332639519055,1.1298094050129344,0.5730935383243669,12.0,0.18336046021438146,3.5425947377745777,3.54,3.548892106661867,15.72595519798896,15.72336046021438,15.732252566876248,-0.20406827120583237,-0.2066630089804118,-0.19777090231854366,3.1136853294933333,True
80963,blahovishchenka,Blahovishchenka,47.463877,34.821044,3.0,2020-01-31,2020-01-31 14:27:51.641694464+00:00,2020,545,gt1l,545_gt1l,38,15.803712394464892,0.01367176361898862,0.009221478226756119,15.760810843175745,15.8247905823161,0.06397973914035404,2.4129746719707446,2.1223320402258805,12.0,0.18336046021438146,3.4429463792373927,3.44,3.455580431143911,15.626306839451773,15.62336046021438,15.638940891358292,-0.1774055550131184,-0.18035193425051155,-0.16477150310659994,3.5356550848711112,True
80963,blahovishchenka,Blahovishchenka,47.463877,34.821044,3.0,2020-01-31,2020-01-31 14:27:51.975194368+00:00,2020,545,gt1r,545_gt1r,158,15.806193963728692,0.018495386950706755,0.012474967591195707,15.706715734217198,15.831426926354842,0.12471119213764403,2.494264977276812,2.207346966030553,12.0,0.18336046021438146,3.4429463020383406,3.44,3.455580546942489,15.626306762252721,15.62336046021438,15.63894100715687,-0.17988720147597093,-0.1828335035143116,-0.16725295657182215,3.535562446008889,True
80963,blahovishchenka,Blahovishchenka,47.463877,34.821044,3.0,2020-05-01,2020-05-01 10:07:37.151203072+00:00,2020,545,gt3l,545_gt3l,13,15.937367890817399,0.009383291780748707,0.006328943599587689,15.92732725876861,15.950655526586738,0.023328267818127912,1.479232136688276,1.207246722345234,12.0,0.18336046021438146,3.6042724887044146,3.6,3.6090608446289183,15.787632948918795,15.78336046021438,15.792421304843298,-0.14973494189860403,-0.15400743060301814,-0.14494658597410037,5.126986445297778,True
80963,blahovishchenka,Blahovishchenka,47.463877,34.821044,3.0,2020-05-01,2020-05-01 10:07:37.507103232+00:00,2020,545,gt3r,545_gt3r,38,15.936996523086602,0.014391267323966396,0.009706776827172803,15.92199301972093,15.955243976771204,0.033250957050274366,1.4647725303956471,1.159076354592129,12.0,0.18336046021438146,3.604272571088711,3.6,3.609060762244622,15.787633031303091,15.78336046021438,15.792421222459003,-0.14936349178351094,-0.15363606287222176,-0.14457530062759893,5.127085306453333,True
80963,blahovishchenka,Blahovishchenka,47.463877,34.821044,3.0,2020-06-09,2020-06-09 20:32:17.854053376+00:00,2020,1149,gt2l,1149_gt2l,751,15.987804148527328,0.012168292039247547,0.008207400539085086,15.968347834544677,16.01142810639294,0.04308027184826457,1.4480228634894579,0.031988272530137765,12.0,0.18336046021438146,3.6470514226728294,3.65,3.6448076219969185,15.83041188288721,15.833360460214381,15.828168082211299,-0.15739226564011766,-0.15444368831294675,-0.159636066316029,3.5382927926044445,True
80963,blahovishchenka,Blahovishchenka,47.463877,34.821044,3.0,2020-06-09,2020-06-09 20:32:18.197353728+00:00,2020,1149,gt2r,1149_gt2r,187,15.928616793283581,0.018159910486224604,0.012248691815880619,15.899684084357931,15.960589525974488,0.060905441616556644,1.4645916768711735,0.05707439479810589,12.0,0.18336046021438146,3.6470513432051557,3.65,3.6448076617307557,15.830411803419537,15.833360460214381,15.828168121945136,-0.09820498986404402,-0.09525633306919978,-0.10044867133844448,3.5383881538133335,True
80963,blahovishchenka,Blahovishchenka,47.463877,34.821044,3.0,2020-12-08,2020-12-08 11:51:56.012547072+00:00,2020,1149,gt1l,1149_gt1l,56,15.725207503371598,0.052081694760721484,0.03512862185398724,15.600998075088373,15.802417209077074,0.2014191339887006,1.5276046811521575,0.0623793751115196,12.0,0.18336046021438146,3.4248879658673776,3.42,3.4307773162670223,15.608248426081758,15.60336046021438,15.614137776481403,-0.1169590772898399,-0.12184704315721717,-0.11106972689019479,5.865559040853333,True
80963,blahovishchenka,Blahovishchenka,47.463877,34.821044,3.0,2020-12-08,2020-12-08 11:51:56.368346880+00:00,2020,1149,gt1r,1149_gt1r,15,15.707493471664137,0.03423367147645786,0.023090295073828315,15.65724835744231,15.76515746194705,0.10790910450474023,1.5018039395858436,0.15384933375413873,12.0,0.18336046021438146,3.4248880482284445,3.42,3.4307773574475555,15.608248508442825,15.60336046021438,15.614137817661936,-0.09924496322131127,-0.10413301144975584,-0.0933556540022007,5.865657874133333,True
80963,blahovishchenka,Blahovishchenka,47.463877,34.821044,3.0,2021-06-08,2021-06-08 03:11:40.438989056+00:00,2021,1149,gt3l,1149_gt3l,24,16.332224658287082,0.015622278605063778,0.010537082561084432,16.308591834364613,16.347360855178604,0.03876902081399081,1.564286289458136,0.7522446151135759,12.0,0.18336046021438146,3.9615045280117926,3.96,3.9724189306725632,16.144864988226175,16.14336046021438,16.155779390886945,-0.18735967006090704,-0.18886419807270016,-0.17644526740013688,1.8054336141511111,True
80963,blahovishchenka,Blahovishchenka,47.463877,34.821044,3.0,2021-06-08,2021-06-08 03:11:40.619489280+00:00,2021,1149,gt2l,1149_gt2l,22,16.356188573966698,0.01571255992439644,0.010597976476727666,16.325654661806233,16.386989002236028,0.06133434042979502,2.6055987809921195,2.4650649806948253,12.0,0.18336046021438146,3.9615044862293334,3.96,3.9724189097813336,16.144864946443715,16.14336046021438,16.155779369995717,-0.21132362752298306,-0.21282811375231603,-0.20040920397098105,1.8053834752,True
80963,blahovishchenka,Blahovishchenka,47.463877,34.821044,3.0,2021-06-08,2021-06-08 03:11:40.770589184+00:00,2021,1149,gt3r,1149_gt3r,96,16.335066514275784,0.014706020232232412,0.009919074755316615,16.310150006305197,16.354977780735435,0.044827774430238776,1.670469310732827,0.8372647200371608,12.0,0.18336046021438146,3.9615044512525035,3.96,3.9724188922929184,16.144864911466886,16.14336046021438,16.1557793525073,-0.19020160280889797,-0.1917060540614024,-0.17928716176848525,1.8053415030044444,True
80963,blahovishchenka,Blahovishchenka,47.463877,34.821044,3.0,2021-06-08,2021-06-08 03:11:40.934189312+00:00,2021,1149,gt2r,1149_gt2r,72,16.335694545860896,0.014910802293919407,0.010057198363631059,16.30875099082976,16.354073904242906,0.04532291341314476,2.535630614675619,2.377936936753276,12.0,0.18336046021438146,3.961504413382104,3.96,3.972418873357719,16.144864873596486,16.14336046021438,16.1557793335721,-0.19082967226441028,-0.19233408564651455,-0.17991521228879748,1.8052960585244444,True
80963,blahovishchenka,Blahovishchenka,47.463877,34.821044,3.0,2021-09-06,2021-09-06 22:51:36.613551872+00:00,2021,1149,gt1l,1149_gt1l,12,15.83659362774442,0.01594284380931004,0.010753300829158263,15.822978691069563,15.869096434617258,0.046117743547695156,2.1136120299694894,1.6231511883355394,12.0,0.18336046021438146,3.5351165246407703,3.54,3.532674786961156,15.718476984855151,15.72336046021438,15.716035247175537,-0.11811664288926949,-0.11323316753004065,-0.1205583805688839,5.860170431075556,True
80963,blahovishchenka,Blahovishchenka,47.463877,34.821044,3.0,2021-09-06,2021-09-06 22:51:36.943951872+00:00,2021,1149,gt1r,1149_gt1r,48,15.85686248823097,0.025415232170962764,0.01714233924926667,15.816104865415948,15.897010086691315,0.08090522127536737,2.1777523869368633,1.6993054178444766,12.0,0.18336046021438146,3.535116448159289,3.54,3.5326746722389335,15.71847690837367,15.72336046021438,15.716035132453314,-0.1383855798572995,-0.13350202801658995,-0.14082735577765604,5.860262208853333,True
80963,blahovishchenka,Blahovishchenka,47.463877,34.821044,3.0,2021-10-28,2021-10-28 08:06:48.933486080+00:00,2021,545,gt2l,545_gt2l,242,15.956556359173783,0.014409751758097371,0.009719244407188299,15.861439369573763,15.976920254128528,0.11548088455476524,1.5100868868650807,0.4829806081420763,12.0,0.18336046021438146,3.5425946605291854,3.54,3.548891990793778,15.725955120743567,15.72336046021438,15.732252451008158,-0.23060123843021607,-0.23319589895940318,-0.2243039081656253,3.113592635022222,True
80963,blahovishchenka,Blahovishchenka,47.463877,34.821044,3.0,2021-10-28,2021-10-28 08:06:49.267186176+00:00,2021,545,gt2r,545_gt2r,70,15.930023469194792,0.011343142478292519,0.007650844785034749,15.908941611141573,15.94720595183025,0.03826434068867712,1.5773121177940466,0.5730935383243669,12.0,0.18336046021438146,3.5425947377745777,3.54,3.548892106661867,15.72595519798896,15.72336046021438,15.732252566876248,-0.20406827120583237,-0.2066630089804118,-0.19777090231854366,3.1136853294933333,True
80963,blahovishchenka,Blahovishchenka,47.463877,34.821044,5.0,2020-01-31,2020-01-31 14:27:51.641694464+00:00,2020,545,gt1l,545_gt1l,55,15.806589409307477,0.015557128965586788,0.01049313973127397,15.766730838474471,15.829358124408852,0.06262728593438105,2.899998240281015,2.1223320402258805,12.0,0.18336046021438146,3.4429463792373927,3.44,3.455580431143911,15.626306839451773,15.62336046021438,15.638940891358292,-0.180282569855704,-0.18322894909309717,-0.16764851794918556,3.5356550848711112,True
80963,blahovishchenka,Blahovishchenka,47.463877,34.821044,5.0,2020-01-31,2020-01-31 14:27:51.975194368+00:00,2020,545,gt1r,545_gt1r,229,15.810093486476013,0.016662929217374778,0.011238991782931862,15.708867713237687,15.832231026121447,0.12336331288375924,2.948433347592296,2.207346966030553,12.0,0.18336046021438146,3.4429463020383406,3.44,3.455580546942489,15.626306762252721,15.62336046021438,15.63894100715687,-0.18378672422329245,-0.18673302626163313,-0.17115247931914368,3.535562446008889,True
80963,blahovishchenka,Blahovishchenka,47.463877,34.821044,5.0,2020-05-01,2020-05-01 10:07:37.151203072+00:00,2020,545,gt3l,545_gt3l,22,15.939978283112355,0.009374413001641869,0.0063229549451246925,15.928766220554984,15.963508413468055,0.03474219291307179,2.510703832170623,1.207246722345234,12.0,0.18336046021438146,3.6042724887044146,3.6,3.6090608446289183,15.787632948918795,15.78336046021438,15.792421304843298,-0.15234533419356033,-0.15661782289797443,-0.14755697826905667,5.126986445297778,True
80963,blahovishchenka,Blahovishchenka,47.463877,34.821044,5.0,2020-05-01,2020-05-01 10:07:37.507103232+00:00,2020,545,gt3r,545_gt3r,56,15.937404602508892,0.013590593229525659,0.009166729549120234,15.920739195790912,15.958383374407504,0.03764417861659197,2.1919843239121706,1.159076354592129,12.0,0.18336046021438146,3.604272571088711,3.6,3.609060762244622,15.787633031303091,15.78336046021438,15.792421222459003,-0.1497715712058003,-0.15404414229451113,-0.1449833800498883,5.127085306453333,True
80963,blahovishchenka,Blahovishchenka,47.463877,34.821044,5.0,2020-06-09,2020-06-09 20:32:17.572653568+00:00,2020,1149,gt2l,1149_gt2l,1234,15.988180163984268,0.011776634637601993,0.007943231240794546,15.969253187863949,16.010782497008094,0.04152930914414554,2.4500102215063557,0.031988272530137765,12.0,0.18336046021438146,3.647051487811674,3.65,3.6448075894274963,15.830411948026054,15.833360460214381,15.828168049641878,-0.1577682159582139,-0.15481970376988663,-0.16001211434238982,3.538214625991111,True
80963,blahovishchenka,Blahovishchenka,47.463877,34.821044,5.0,2020-06-09,2020-06-09 20:32:17.717453568+00:00,2020,1149,gt3l,1149_gt3l,807,15.933555479676766,0.021602972043650925,0.014571005020673766,15.901436245741252,15.980839202130467,0.07940295638921491,3.9782640132685896,3.2536671200574343,12.0,0.18336046021438146,3.6470514542931554,3.65,3.6448076061867556,15.830411914507536,15.833360460214381,15.828168066401137,-0.10314356516922984,-0.10019501946238485,-0.10538741327562917,3.538254848213333,True
80963,blahovishchenka,Blahovishchenka,47.463877,34.821044,5.0,2020-06-09,2020-06-09 20:32:17.756953600+00:00,2020,1149,gt1l,1149_gt1l,1103,15.913774098447064,0.033316342535233356,0.02247156517957194,15.859849569735859,15.971510418577866,0.111660848842007,3.762947809749778,3.241666815712379,12.0,0.18336046021438146,3.6470514451496294,3.65,3.6448076107585186,15.83041190536401,15.833360460214381,15.8281680709729,-0.08336219308305459,-0.08041363823268277,-0.08560602747416368,3.5382658204444444,True
80963,blahovishchenka,Blahovishchenka,47.463877,34.821044,5.0,2020-06-09,2020-06-09 20:32:17.917153536+00:00,2020,1149,gt2r,1149_gt2r,307,15.92766617629394,0.018480710535491728,0.01246506848475093,15.900267069889393,15.957985390669336,0.057718320779942545,2.4555942204717387,0.05707439479810589,12.0,0.18336046021438146,3.6470514080663112,3.65,3.644807629300178,15.830411868280692,15.833360460214381,15.82816808951456,-0.09725430801324819,-0.09430571607955862,-0.09949808677938066,3.5383103204266666,True
80963,blahovishchenka,Blahovishchenka,47.463877,34.821044,5.0,2020-06-09,2020-06-09 20:32:18.072653568+00:00,2020,1149,gt3r,1149_gt3r,191,16.009681858022446,0.012807473404389622,0.008638522463503051,15.99133087287988,16.0290369218919,0.037706049012021126,4.038757858617268,3.3520647098850858,12.0,0.18336046021438146,3.6470513720709334,3.65,3.6448076472978665,15.830411832285314,15.833360460214381,15.828168107512248,-0.17927002573713224,-0.17632139780806533,-0.1815137505101987,3.53835351488,True
80963,blahovishchenka,Blahovishchenka,47.463877,34.821044,5.0,2020-06-09,2020-06-09 20:32:18.089553664+00:00,2020,1149,gt1r,1149_gt1r,316,15.944650441881523,0.015040452846482226,0.010144646463295715,15.912359912185037,15.972990182905658,0.06063027072062077,3.6759978328227105,3.153972855924151,12.0,0.18336046021438146,3.647051368158874,3.65,3.644807649253896,15.830411828373254,15.833360460214381,15.828168109468276,-0.11423861350826847,-0.11128998166714155,-0.11648233241324668,3.5383582093511112,True
80963,blahovishchenka,Blahovishchenka,47.463877,34.821044,5.0,2020-09-08,2020-09-08 16:12:06.026743296+00:00,2020,1149,gt1l,1149_gt1l,12,15.840352251670051,0.018944990622206025,0.012778221113048716,15.797052453752565,15.874188964980029,0.07713651122746334,4.706573932478796,4.272707163955093,12.0,0.18336046021438146,3.5286694568256003,3.5300000000000002,3.523000697539733,15.712029917039981,15.713360460214382,15.706361157754113,-0.12832233463007015,-0.1269917914556693,-0.1339910939159381,0.79832590464,True
80963,blahovishchenka,Blahovishchenka,47.463877,34.821044,5.0,2020-12-08,2020-12-08 11:51:55.729847040+00:00,2020,1149,gt1l,1149_gt1l,145,15.731825006934326,0.05168447222357893,0.03486069892322874,15.605143960116884,15.83580796111899,0.23066400100210593,3.1827619142220627,0.0623793751115196,12.0,0.18336046021438146,3.4248879004275556,3.42,3.430777283547111,15.608248360641937,15.60336046021438,15.614137743761493,-0.1235766462923884,-0.128464546719945,-0.11768726317283296,5.865480513066666,True
80963,blahovishchenka,Blahovishchenka,47.463877,34.821044,5.0,2020-12-08,2020-12-08 11:51:55.889246976+00:00,2020,1149,gt2l,1149_gt2l,43,15.760061610031002,0.04432684484445482,0.029898047244337533,15.681309337220167,15.833124919243017,0.1518155820228504,4.027555329095239,3.361207406914015,12.0,0.18336046021438146,3.424887937325689,3.42,3.430777301996178,15.60824839754007,15.60336046021438,15.614137762210559,-0.15181321249093216,-0.1567011498166213,-0.145923847820443,5.865524790826667,True
80963,blahovishchenka,Blahovishchenka,47.463877,34.821044,5.0,2020-12-08,2020-12-08 11:51:56.079846912+00:00,2020,1149,gt1r,1149_gt1r,33,15.717297512612358,0.049366731177667204,0.033297404004901665,15.656931053838791,15.780682838672575,0.12375178483378413,2.904287888985789,0.15384933375413873,12.0,0.18336046021438146,3.4248879814460444,3.42,3.4307773240563555,15.608248441660425,15.60336046021438,15.614137784270737,-0.10904907095193295,-0.11393705239797747,-0.10315972834162146,5.865577735253333,True
80963,blahovishchenka,Blahovishchenka,47.463877,34.821044,5.0,2020-12-08,2020-12-08 11:51:56.249347072+00:00,2020,1149,gt2r,1149_gt2r,13,15.693102934781994,0.042795002277009095,0.028864833587622485,15.650370104019569,15.772116228937858,0.12174612491828896,4.1226431698691135,3.4817294602610547,12.0,0.18336046021438146,3.4248880206821926,3.42,3.4307773436744298,15.608248480896574,15.60336046021438,15.614137803888811,-0.0848544538854199,-0.08974247456761297,-0.07896513089318269,5.865624818631111,True
80963,blahovishchenka,Blahovishchenka,47.463877,34.821044,5.0,2021-06-08,2021-06-08 03:11:40.138289152+00:00,2021,1149,gt3l,1149_gt3l,38,16.329647120560914,0.012426591549590128,0.008381621171988485,16.309800572133074,16.356165754444785,0.046365182311710385,2.443101936673225,0.7522446151135759,12.0,0.18336046021438146,3.961504597618252,3.96,3.972418965475793,16.144865057832632,16.14336046021438,16.155779425690174,-0.18478206272828146,-0.18628666034653207,-0.17386769487074005,1.8055171419022222,True
80963,blahovishchenka,Blahovishchenka,47.463877,34.821044,5.0,2021-06-08,2021-06-08 03:11:40.239589120+00:00,2021,1149,gt2l,1149_gt2l,38,16.350622036936095,0.01987300777433149,0.013404160106793128,16.317979775418976,16.382916248866245,0.06493647344726838,3.169855817602742,2.4650649806948253,12.0,0.18336046021438146,3.9615045741691852,3.96,3.9724189537512595,16.144865034383567,16.14336046021438,16.15577941396564,-0.20575700255252727,-0.20726157672171297,-0.19484262297045518,1.8054890030222221,True
80963,blahovishchenka,Blahovishchenka,47.463877,34.821044,5.0,2021-06-08,2021-06-08 03:11:40.480389120+00:00,2021,1149,gt3r,1149_gt3r,152,16.333778973934763,0.015997019625582,0.010789841916620801,16.307638008317106,16.357301607289997,0.04966359897289152,2.513010744705616,0.8372647200371608,12.0,0.18336046021438146,3.9615045184284443,3.96,3.972418925880889,16.144864978642826,16.14336046021438,16.155779386095272,-0.1889139952919372,-0.1904185137203811,-0.17799958783949066,1.8054221141333333,True
80963,blahovishchenka,Blahovishchenka,47.463877,34.821044,5.0,2021-06-08,2021-06-08 03:11:40.570189312+00:00,2021,1149,gt2r,1149_gt2r,120,16.335205960355015,0.015704962640667324,0.010592852179055257,16.307965639982477,16.363794218001637,0.055828578019159636,3.0965323647089624,2.377936936753276,12.0,0.18336046021438146,3.961504497641363,3.96,3.9724189154873484,16.144864957855745,16.14336046021438,16.15577937570173,-0.19034100249927022,-0.19184550014063362,-0.1794265846532852,1.8053971696355555,True
80963,blahovishchenka,Blahovishchenka,47.463877,34.821044,5.0,2021-09-06,2021-09-06 22:51:36.288251904+00:00,2021,1149,gt1l,1149_gt1l,23,15.834685602378443,0.012730037256926799,0.008586292497589909,15.820022702627572,15.866421069115171,0.04639836648759932,2.998372137529284,1.6231511883355394,12.0,0.18336046021438146,3.535116599941689,3.54,3.5326748999125335,15.71847706015607,15.72336046021438,15.716035360126915,-0.1162085422223722,-0.11132514216406264,-0.11865024225152787,5.860080069973334,True
80963,blahovishchenka,Blahovishchenka,47.463877,34.821044,5.0,2021-09-06,2021-09-06 22:51:36.629051904+00:00,2021,1149,gt1r,1149_gt1r,90,15.851775631680834,0.025459717994767945,0.01717234452635097,15.81577501961454,15.890796612877473,0.07502159326293345,3.0204217217031033,1.6993054178444766,12.0,0.18336046021438146,3.5351165210528,3.54,3.5326747815792,15.71847698126718,15.72336046021438,15.71603524179358,-0.13329865041365352,-0.12841517146645387,-0.13574038988725334,5.86017473664,True
80963,blahovishchenka,Blahovishchenka,47.463877,34.821044,5.0,2021-10-28,2021-10-28 08:06:48.513286144+00:00,2021,545,gt3l,545_gt3l,414,15.925937043828116,0.016159644581087793,0.010899530946369751,15.868785073003414,15.950491521910605,0.08170644890719103,4.2281010366991865,3.693903236121287,12.0,0.18336046021438146,3.5425945632606815,3.54,3.5488918448910223,15.725955023475063,15.72336046021438,15.732252305105403,-0.1999820203530529,-0.20257658361373565,-0.19368473872271252,3.1134759128177776,True
80963,blahovishchenka,Blahovishchenka,47.463877,34.821044,5.0,2021-10-28,2021-10-28 08:06:48.875286016+00:00,2021,545,gt3r,545_gt3r,122,15.961616748063822,0.021269097801642566,0.014345809929611875,15.92914398636957,15.993335836505576,0.06419185013600526,4.313917702028585,3.7838511173651277,12.0,0.18336046021438146,3.5425946470569483,3.54,3.5488919705854225,15.725955107271329,15.72336046021438,15.732252430799804,-0.2356616407924932,-0.23825628784944186,-0.22936431726401807,3.1135764683377776,True
80963,blahovishchenka,Blahovishchenka,47.463877,34.821044,5.0,2021-10-28,2021-10-28 08:06:48.933486080+00:00,2021,545,gt2l,545_gt2l,342,15.957283875130535,0.012716171878286888,0.008576940427820645,15.881751025339637,15.976296926981552,0.09454590164191501,2.231163301431237,0.4829806081420763,12.0,0.18336046021438146,3.5425946605291854,3.54,3.548891990793778,15.725955120743567,15.72336046021438,15.732252451008158,-0.23132875438696843,-0.23392341491615554,-0.22503142412237764,3.113592635022222,True
80963,blahovishchenka,Blahovishchenka,47.463877,34.821044,5.0,2021-10-28,2021-10-28 08:06:49.171886080+00:00,2021,545,gt1l,545_gt1l,199,15.938031146968143,0.013591480504830698,0.009167328008114595,15.91527257460048,15.957877633672384,0.04260505907190293,3.9087414611644213,2.933371622505989,12.0,0.18336046021438146,3.5425947157143707,3.54,3.548892073571556,15.725955175928751,15.72336046021438,15.732252533785937,-0.21207597103939158,-0.2146706867537631,-0.20577861318220592,3.1136588572444444,True
80963,blahovishchenka,Blahovishchenka,47.463877,34.821044,5.0,2021-10-28,2021-10-28 08:06:49.267186176+00:00,2021,545,gt2r,545_gt2r,101,15.931922455064289,0.010146780625083215,0.006843909770054779,15.914544514643822,15.950360774359233,0.03581625971541058,2.3081127930667145,0.5730935383243669,12.0,0.18336046021438146,3.5425947377745777,3.54,3.548892106661867,15.72595519798896,15.72336046021438,15.732252566876248,-0.20596725707532926,-0.20856199484990867,-0.19966988818804055,3.1136853294933333,True
80963,blahovishchenka,Blahovishchenka,47.463877,34.821044,5.0,2021-10-28,2021-10-28 08:06:49.501085952+00:00,2021,545,gt1r,545_gt1r,50,15.97576417235197,0.013705295010731602,0.00924409484063915,15.958702565703978,15.995897360246952,0.03719479454297314,3.811143947381796,2.816965095308202,12.0,0.18336046021438146,3.5425947919180447,3.54,3.5488921878770667,15.725955252132426,15.72336046021438,15.732252648091448,-0.24980892021954482,-0.25240371213759083,-0.2435115242605228,3.1137503016533334,True
80963,blahovishchenka,Blahovishchenka,47.463877,34.821044,10.0,2020-01-09,2020-01-09 03:48:45.531901952+00:00,2020,205,gt3l,205_gt3l,38,15.65813554817186,0.028160180663223313,0.018993781642535623,15.591285775131208,15.6866195145567,0.09533373942549161,8.135266757277241,6.546671586030724,12.0,0.18336046021438146,3.4218227935412147,3.42,3.432578063437274,15.605183253755595,15.60336046021438,15.615938523651655,-0.05295229441626503,-0.054775087957478874,-0.04219702452020435,2.1873522494577777,True
80963,blahovishchenka,Blahovishchenka,47.463877,34.821044,10.0,2020-01-09,2020-01-09 03:48:45.851002112+00:00,2020,205,gt3r,205_gt3r,181,15.738291072254984,0.020578994914458706,0.013880341909118243,15.677930619446322,15.771895040831577,0.09396442138525529,8.03458820452849,6.451400414108524,12.0,0.18336046021438146,3.421822719675437,3.42,3.4325780265043853,15.605183179889817,15.60336046021438,15.615938486718766,-0.1331078923651674,-0.13493061204060375,-0.12235258553621797,2.1872636105244445,True
80963,blahovishchenka,Blahovishchenka,47.463877,34.821044,10.0,2020-01-31,2020-01-31 14:27:50.765394432+00:00,2020,545,gt2l,545_gt2l,126,15.780511546350388,0.016685162447474554,0.011253987891187478,15.754684566455888,15.80311024115031,0.04842567469442294,7.113307107725434,5.329477426002916,12.0,0.18336046021438146,3.4429465820846223,3.44,3.4555801268730666,15.626307042299004,15.62336046021438,15.638940587087447,-0.15420450405138375,-0.15715108613600748,-0.14157095926294083,3.535898501546667,True
80963,blahovishchenka,Blahovishchenka,47.463877,34.821044,10.0,2020-01-31,2020-01-31 14:27:51.097894400+00:00,2020,545,gt2r,545_gt2r,415,15.845226341292285,0.01743370444962058,0.011758872554715083,15.815584985521292,15.87444954418115,0.058864558659857735,7.192357842030588,5.418333882167879,12.0,0.18336046021438146,3.442946505117037,3.44,3.4555802423244444,15.626306965331418,15.62336046021438,15.638940702538825,-0.2189193759608674,-0.22186588107790506,-0.20628563875346018,3.5358061404444445,True
80963,blahovishchenka,Blahovishchenka,47.463877,34.821044,10.0,2020-01-31,2020-01-31 14:27:51.109594624+00:00,2020,545,gt3l,545_gt3l,79,15.748729725525969,0.01892475096603283,0.012764569651984914,15.72045268646153,15.774183419547098,0.05373073308556897,9.026368031973862,8.538856507405713,12.0,0.18336046021438146,3.442946502408652,3.44,3.455580246387022,15.626306962623033,15.62336046021438,15.638940706601403,-0.12242276290293574,-0.12536926531158876,-0.10978901892456605,3.535802890382222,True
80963,blahovishchenka,Blahovishchenka,47.463877,34.821044,10.0,2020-01-31,2020-01-31 14:27:51.461994496+00:00,2020,545,gt3r,545_gt3r,320,15.77130112379647,0.018017010353210638,0.01215230699663472,15.7378028311651,15.803162854293822,0.06536002312872213,9.08564304429598,8.625044295974929,12.0,0.18336046021438146,3.4429464208346072,3.44,3.455580368748089,15.626306881048988,15.62336046021438,15.63894082896247,-0.1449942427474813,-0.14794066358208902,-0.13236029483399925,3.5357050015288887,True
80963,blahovishchenka,Blahovishchenka,47.463877,34.821044,10.0,2020-01-31,2020-01-31 14:27:51.641694464+00:00,2020,545,gt1l,545_gt1l,92,15.808988907729947,0.016035939484558514,0.010816093001860594,15.775221271903934,15.834558654346417,0.05933738244248232,4.735543871429701,2.1223320402258805,12.0,0.18336046021438146,3.4429463792373927,3.44,3.455580431143911,15.626306839451773,15.62336046021438,15.638940891358292,-0.18268206827817401,-0.18562844751556717,-0.17004801637165556,3.5356550848711112,True
80963,blahovishchenka,Blahovishchenka,47.463877,34.821044,10.0,2020-01-31,2020-01-31 14:27:51.975194368+00:00,2020,545,gt1r,545_gt1r,378,15.810401104053119,0.016254551757997653,0.010963544960203464,15.71478349358678,15.83603098002718,0.12124748644040118,4.7380656857048695,2.207346966030553,12.0,0.18336046021438146,3.4429463020383406,3.44,3.455580546942489,15.626306762252721,15.62336046021438,15.63894100715687,-0.18409434180039774,-0.18704064383873842,-0.17146009689624897,3.535562446008889,True
80963,blahovishchenka,Blahovishchenka,47.463877,34.821044,10.0,2020-05-01,2020-05-01 10:07:37.151203072+00:00,2020,545,gt3l,545_gt3l,107,15.938263208113714,0.028186479253345838,0.019011519798560528,15.89056662441582,15.967611736202146,0.077045111786326,7.34169907279507,1.207246722345234,12.0,0.18336046021438146,3.6042724887044146,3.6,3.6090608446289183,15.787632948918795,15.78336046021438,15.792421304843298,-0.15063025919491935,-0.15490274789933345,-0.14584190327041568,5.126986445297778,True
80963,blahovishchenka,Blahovishchenka,47.463877,34.821044,10.0,2020-05-01,2020-05-01 10:07:37.507103232+00:00,2020,545,gt3r,545_gt3r,407,15.926833519033835,0.027686906371611347,0.01867456250614552,15.864152396049274,15.957983515981974,0.09383111993269999,7.792429748756293,1.159076354592129,12.0,0.18336046021438146,3.604272571088711,3.6,3.609060762244622,15.787633031303091,15.78336046021438,15.792421222459003,-0.13920048773074356,-0.14347305881945438,-0.13441229657483156,5.127085306453333,True
80963,blahovishchenka,Blahovishchenka,47.463877,34.821044,10.0,2020-05-01,2020-05-01 10:07:37.560203264+00:00,2020,545,gt2l,545_gt2l,17,15.943941675697744,0.013756604288109067,0.009278702474105671,15.925618416825833,15.961572721700325,0.03595430487449214,9.03629924368612,5.368109953669306,12.0,0.18336046021438146,3.6042725833803853,3.6,3.609060749952948,15.787633043594766,15.78336046021438,15.79242121016733,-0.15630863210297719,-0.16058121548336324,-0.15152046553041387,5.127100056462222,True
80963,blahovishchenka,Blahovishchenka,47.463877,34.821044,10.0,2020-05-01,2020-05-01 10:07:37.726303232+00:00,2020,545,gt1l,545_gt1l,19,16.00353419905332,0.012553567415101167,0.008467265219952225,15.980682789475935,16.02580997361144,0.04512718413550587,9.470972694664528,8.659563929416047,12.0,0.18336046021438146,3.604272621829452,3.6,3.6090607115038815,15.787633082043833,15.78336046021438,15.792421171718262,-0.2159011170094871,-0.22017373883893931,-0.21111302733505788,5.127146195342222,True
80963,blahovishchenka,Blahovishchenka,47.463877,34.821044,10.0,2020-05-01,2020-05-01 10:07:37.859103232+00:00,2020,545,gt2r,545_gt2r,65,15.972986709656794,0.014007213757659768,0.00944773624555495,15.95109650174647,15.994818758141323,0.04372225639485272,8.80581922180463,5.1216392529553625,12.0,0.18336046021438146,3.6042726525701925,3.6,3.6090606807631405,15.787633112784572,15.78336046021438,15.79242114097752,-0.18535359687222197,-0.1896262494424139,-0.18056556867927398,5.1271830842311115,True
80963,blahovishchenka,Blahovishchenka,47.463877,34.821044,10.0,2020-05-01,2020-05-01 10:07:38.001203200+00:00,2020,545,gt1r,545_gt1r,83,15.93283020070075,0.01708996638331368,0.011527024405310726,15.901054794134014,15.960296393171898,0.059241599037884285,9.3565638963558,8.35779376878066,12.0,0.18336046021438146,3.6042726854637035,3.6,3.6090606478696294,15.787633145678084,15.78336046021438,15.79242110808401,-0.1451970550226651,-0.14946974048636896,-0.14040909261673917,5.127222556444444,True
80963,blahovishchenka,Blahovishchenka,47.463877,34.821044,10.0,2020-06-09,2020-06-09 20:32:16.869153536+00:00,2020,1149,gt2l,1149_gt2l,2458,15.98929848799681,0.011022875772883045,0.007434827851668047,15.9702031860145,16.010345016695744,0.04014183068124488,4.959861987536132,0.031988272530137765,12.0,0.18336046021438146,3.6470516506589035,3.65,3.6448075080038813,15.830412110873285,15.833360460214381,15.828167968218262,-0.15888637712352605,-0.1559380277824296,-0.1611305197785491,3.5380192093155554,True
80963,blahovishchenka,Blahovishchenka,47.463877,34.821044,10.0,2020-06-09,2020-06-09 20:32:16.926553600+00:00,2020,1149,gt3l,1149_gt3l,2313,15.947229160736693,0.03094787894895565,0.020874058376470828,15.909193874422218,16.001031780488223,0.0918379060660044,6.256867461886939,3.2536671200574343,12.0,0.18336046021438146,3.647051637371852,3.65,3.6448075146474075,15.830412097586233,15.833360460214381,15.828167974861788,-0.11681706315046014,-0.11386870052231224,-0.1190611858749051,3.538035153777778,True
80963,blahovishchenka,Blahovishchenka,47.463877,34.821044,10.0,2020-06-09,2020-06-09 20:32:16.961453568+00:00,2020,1149,gt1l,1149_gt1l,2372,15.912882406765895,0.02995904854415523,0.020207101405743444,15.857985780591713,15.966126540416871,0.10814075982515803,5.718626345562965,3.241666815712379,12.0,0.18336046021438146,3.6470516292931556,3.65,3.6448075186867555,15.830412089507536,15.833360460214381,15.828167978901137,-0.08247031725835896,-0.07952194655151423,-0.08471442786475869,3.5380448482133335,True
80963,blahovishchenka,Blahovishchenka,47.463877,34.821044,10.0,2020-06-09,2020-06-09 20:32:17.212953600+00:00,2020,1149,gt2r,1149_gt2r,609,15.927791540318875,0.015404567821890017,0.010390238649595318,15.902982191071287,15.956840945489052,0.05385875441776555,4.953755275397492,0.05707439479810589,12.0,0.18336046021438146,3.6470515710755556,3.65,3.6448075477955557,15.830412031289937,15.833360460214381,15.828168008009936,-0.09737950902893822,-0.09443108010449386,-0.09962353230893939,3.538114709333333,True
80963,blahovishchenka,Blahovishchenka,47.463877,34.821044,10.0,2020-06-09,2020-06-09 20:32:17.274353408+00:00,2020,1149,gt3r,1149_gt3r,557,16.01719846447616,0.01861110668893091,0.012553019485316952,15.992151600197998,16.061985885376952,0.0698342851789544,6.273146681974534,3.3520647098850858,12.0,0.18336046021438146,3.647051556862637,3.65,3.6448075549020147,15.830412017077018,15.833360460214381,15.828168015116395,-0.1867864473991414,-0.1838380042617782,-0.18903044935976432,3.5381317648355557,True
80963,blahovishchenka,Blahovishchenka,47.463877,34.821044,10.0,2020-06-09,2020-06-09 20:32:17.299453440+00:00,2020,1149,gt1r,1149_gt1r,647,15.947650430165325,0.019197808676880302,0.012948744554755365,15.911064305523576,15.978872257880425,0.06780795235684955,5.596425870581981,3.153972855924151,12.0,0.18336046021438146,3.6470515510524444,3.65,3.6448075578071113,15.830412011266825,15.833360460214381,15.828168018021492,-0.11723841889850029,-0.11428996995094387,-0.11948241214383337,3.538138737066667,True
80963,blahovishchenka,Blahovishchenka,47.463877,34.821044,10.0,2020-07-08,2020-07-08 19:08:18.341952256+00:00,2020,205,gt3l,205_gt3l,126,15.970407812227869,0.04343774306417756,0.029298356309306328,15.907958818383694,16.034828724882942,0.12686990649924823,9.350188825332978,8.957267291592204,12.0,0.18336046021438146,3.6864359527998816,3.69,3.665775654866637,15.869796413014262,15.87336046021438,15.849136115081018,-0.10061139921360684,-0.09704735201348846,-0.1212716971468506,2.138428320071111,True
80963,blahovishchenka,Blahovishchenka,47.463877,34.821044,10.0,2020-07-08,2020-07-08 19:08:18.671352320+00:00,2020,205,gt3r,205_gt3r,32,15.999728939712776,0.018822350848080486,0.012695501718656743,15.963243589573382,16.031411000457247,0.06816741088386458,9.272880254628062,8.866333646367973,12.0,0.18336046021438146,3.6864358002998516,3.69,3.6657756167416298,15.869796260514232,15.87336046021438,15.849136076956011,-0.12993267919854468,-0.1263684794983959,-0.1505928627567652,2.138519820088889,True
80963,blahovishchenka,Blahovishchenka,47.463877,34.821044,10.0,2020-09-08,2020-09-08 16:12:05.160743424+00:00,2020,1149,gt1l,1149_gt1l,55,15.84051566307732,0.019972982438079247,0.013471592093672768,15.799191196535347,15.874544912988005,0.07535371645265876,6.613026748004034,4.272707163955093,12.0,0.18336046021438146,3.5286690558997336,3.5300000000000002,3.5230005973082665,15.712029516114114,15.713360460214382,15.706361057522647,-0.12848614696320482,-0.12715520286293724,-0.13415460555467185,0.79856646016,True
80963,blahovishchenka,Blahovishchenka,47.463877,34.821044,10.0,2020-09-08,2020-09-08 16:12:05.529143552+00:00,2020,1149,gt1r,1149_gt1r,11,15.840165597960162,0.023319748514769426,0.015728954886530033,15.815246014473061,15.868036214897867,0.05279020042480553,6.5246383511087345,4.673198178855731,12.0,0.18336046021438146,3.5286692264553485,3.5300000000000002,3.5230006399471705,15.71202968666973,15.713360460214382,15.706361100161551,-0.1281359112904319,-0.12680513774578017,-0.1338044977986108,0.7984641267911111,True
80963,blahovishchenka,Blahovishchenka,47.463877,34.821044,10.0,2020-12-08,2020-12-08 11:51:55.028946944+00:00,2020,1149,gt1l,1149_gt1l,257,15.730406602850763,0.04253668488771787,0.028690600895533436,15.632492397711248,15.803007932881666,0.17051553517041818,4.796328349053221,0.0623793751115196,12.0,0.18336046021438146,3.424887738182163,3.42,3.430777202424415,15.608248198396543,15.60336046021438,15.614137662638797,-0.1221584044542201,-0.1270461426363827,-0.11626894021196676,5.865285818595556,True
80963,blahovishchenka,Blahovishchenka,47.463877,34.821044,10.0,2020-12-08,2020-12-08 11:51:55.096646912+00:00,2020,1149,gt2l,1149_gt2l,113,15.755511406559542,0.041492389085594134,0.02798623302684078,15.692492447563952,15.826243994457032,0.13375154689308033,6.086355474137629,3.361207406914015,12.0,0.18336046021438146,3.4248877538534517,3.42,3.4307772102600596,15.608248214067832,15.60336046021438,15.61413767047444,-0.14726319249171027,-0.15215094634516113,-0.14137373608510195,5.865304624142222,True
80963,blahovishchenka,Blahovishchenka,47.463877,34.821044,10.0,2020-12-08,2020-12-08 11:51:55.325146880+00:00,2020,1149,gt3l,1149_gt3l,82,15.744088780034645,0.048896831168571055,0.032980460790888344,15.662070560525741,15.817221495942979,0.1551509354172378,8.191757363091487,6.883760876710891,12.0,0.18336046021438146,3.424887806746963,3.42,3.430777236706815,15.608248266961343,15.60336046021438,15.614137696921196,-0.13584051307330114,-0.1407283198202638,-0.12995108311344872,5.865368096355556,True
80963,blahovishchenka,Blahovishchenka,47.463877,34.821044,10.0,2020-12-08,2020-12-08 11:51:55.378646784+00:00,2020,1149,gt1r,1149_gt1r,62,15.723084387273124,0.04380626193604606,0.02954691888307437,15.658360150666818,15.77940124784935,0.1210410971825322,4.782151548015914,0.15384933375413873,12.0,0.18336046021438146,3.4248878191312,3.42,3.4307772428989334,15.608248279345581,15.60336046021438,15.614137703113315,-0.11483610792754284,-0.11972392705874313,-0.10894668415980924,5.86538295744,True
80963,blahovishchenka,Blahovishchenka,47.463877,34.821044,10.0,2020-12-08,2020-12-08 11:51:55.439947008+00:00,2020,1149,gt2r,1149_gt2r,36,15.69520530604046,0.020413366210256356,0.013768626878629675,15.65075354156999,15.747687351756666,0.09693381018667502,6.198037875820442,3.4817294602610547,12.0,0.18336046021438146,3.424887833321067,3.42,3.430777249993867,15.608248293535448,15.60336046021438,15.614137710208247,-0.08695701250501209,-0.09184484582607944,-0.0810675958322129,5.86539998528,True
80963,blahovishchenka,Blahovishchenka,47.463877,34.821044,10.0,2020-12-08,2020-12-08 11:51:55.694846976+00:00,2020,1149,gt3r,1149_gt3r,21,15.738570993464407,0.02536179641457208,0.017106297325355513,15.681702152177898,15.819812142670926,0.13810999049302808,8.287057539064376,6.993978425422094,12.0,0.18336046021438146,3.424887892325689,3.42,3.4307772794961777,15.60824835254007,15.60336046021438,15.614137739710559,-0.1303226409243372,-0.1352105332500262,-0.12443325375384795,5.865470790826667,True
80963,blahovishchenka,Blahovishchenka,47.463877,34.821044,10.0,2020-12-30,2020-12-30 22:31:02.940213248+00:00,2020,105,gt3l,105_gt3l,50,15.905812493071613,0.027407063914979858,0.01848581135503835,15.863677023843332,15.948562627522627,0.08488560367929487,9.545811860289634,9.215251863312984,12.0,0.18336046021438146,3.5162354305061925,3.52,3.5047843819197633,15.699595890720573,15.70336046021438,15.688144842134143,-0.20621660235103967,-0.20245203285723257,-0.21766765093746976,4.517483392568889,True
80963,blahovishchenka,Blahovishchenka,47.463877,34.821044,10.0,2020-12-30,2020-12-30 22:31:03.283713024+00:00,2020,105,gt3r,105_gt3r,13,15.855325476336727,0.023468915362199774,0.015829566546742058,15.808918526376873,15.891531374375313,0.08261284799844049,9.488713306649144,9.127001569551545,12.0,0.18336046021438146,3.5162353509923556,3.52,3.5047843421628446,15.699595811206736,15.70336046021438,15.688144802377225,-0.1557296651299911,-0.1519650161223467,-0.16718067395950165,4.517578809173333,True
80963,blahovishchenka,Blahovishchenka,47.463877,34.821044,10.0,2021-03-09,2021-03-09 07:31:49.197663232+00:00,2021,1149,gt1l,1149_gt1l,16,16.140248197049416,0.04069524730413612,0.027448568261254636,16.103317230729743,16.329277088248865,0.22595985751912195,9.44846701613828,9.110487715047679,12.0,0.18336046021438146,3.7687247227631406,3.77,3.768970971951763,15.952085182977521,15.95336046021438,15.952331432166144,-0.18816301407189506,-0.18688773683503612,-0.1879167648832727,1.5303326842311111,True
80963,blahovishchenka,Blahovishchenka,47.463877,34.821044,10.0,2021-03-09,2021-03-09 07:31:49.550863360+00:00,2021,1149,gt1r,1149_gt1r,62,16.138900825469793,0.014823254247650967,0.009998148015412767,16.113451053813122,16.17015489557577,0.056703841762647755,9.519646525820926,9.194778172696264,12.0,0.18336046021438146,3.768724641003852,3.77,3.7689710128314076,15.952085101218232,15.95336046021438,15.952331473045788,-0.18681572425156112,-0.18554036525541306,-0.18656935242400507,1.5304307953777778,True
80963,blahovishchenka,Blahovishchenka,47.463877,34.821044,10.0,2021-05-28,2021-05-28 15:23:01.160598528+00:00,2021,989,gt1l,989_gt1l,18,16.292507464208384,0.020062674882727814,0.013532088818783095,16.243808743558034,16.31302180061445,0.069213057056416,9.607778658821385,9.41110639046223,12.0,0.18336046021438146,3.937306092869689,3.94,3.9379795696522666,16.12066655308407,16.123360460214382,16.121340029866648,-0.17184091112431332,-0.16914700399400218,-0.17116743434173642,1.6163442781866666,True
80963,blahovishchenka,Blahovishchenka,47.463877,34.821044,10.0,2021-05-28,2021-05-28 15:23:01.527498496+00:00,2021,989,gt1r,989_gt1r,73,16.271576713287708,0.025274981690059036,0.017047741595884958,16.238294858818904,16.313140949223307,0.07484609040440304,9.668330629440625,9.498580647609355,12.0,0.18336046021438146,3.937306262730785,3.94,3.937979697048089,16.120666722945167,16.123360460214382,16.12134015726247,-0.15090999034254082,-0.14821625307332553,-0.1502365560252379,1.6162423615288888,True
80963,blahovishchenka,Blahovishchenka,47.463877,34.821044,10.0,2021-06-08,2021-06-08 03:11:39.436789248+00:00,2021,1149,gt3l,1149_gt3l,69,16.329163612684468,0.01736116506815907,0.011709945412221145,16.30309883092854,16.3536589380032,0.0505601070746593,4.759276634365369,0.7522446151135759,12.0,0.18336046021438146,3.961504760002489,3.96,3.9724190466679112,16.14486522021687,16.14336046021438,16.155779506882293,-0.18429839246759627,-0.18580315247008627,-0.17338410580217456,1.8057120029866667,True
80963,blahovishchenka,Blahovishchenka,47.463877,34.821044,10.0,2021-06-08,2021-06-08 03:11:39.495689216+00:00,2021,1149,gt2l,1149_gt2l,70,16.350836879963843,0.019638232472739867,0.013245806335316246,16.317268944201032,16.380560482970417,0.0632915387693842,5.146979501638077,2.4650649806948253,12.0,0.18336046021438146,3.961504746368237,3.96,3.9724190398507853,16.14486520658262,16.14336046021438,16.155779500065165,-0.20597167338122446,-0.20747641974946163,-0.1950573798986781,1.8056956418844445,True
80963,blahovishchenka,Blahovishchenka,47.463877,34.821044,10.0,2021-06-08,2021-06-08 03:11:39.709689088+00:00,2021,1149,gt1l,1149_gt1l,96,16.383561052219196,0.016150329835083403,0.01089324823626292,16.352571045837202,16.40865203852221,0.05608099268500766,7.03142313122142,5.676115744896448,12.0,0.18336046021438146,3.9615046968312297,3.96,3.9724190150822816,16.14486515704561,16.14336046021438,16.15577947529666,-0.23869589517358492,-0.2402005920048147,-0.22778157692253487,1.8056361974755555,True
80963,blahovishchenka,Blahovishchenka,47.463877,34.821044,10.0,2021-06-08,2021-06-08 03:11:39.769989376+00:00,2021,1149,gt3r,1149_gt3r,276,16.333719700641634,0.015939142651288686,0.010750804432273497,16.307737041706122,16.35635121841496,0.048614176708838386,4.793069499240866,0.8372647200371608,12.0,0.18336046021438146,3.9615046828728295,3.96,3.9724190081030817,16.144865143087213,16.14336046021438,16.155779468317462,-0.18885455755442138,-0.19035924042725227,-0.1779402323241719,1.8056194473955556,True
80963,blahovishchenka,Blahovishchenka,47.463877,34.821044,10.0,2021-06-08,2021-06-08 03:11:39.823189248+00:00,2021,1149,gt2r,1149_gt2r,218,16.33396160964468,0.018287059052253574,0.01233445234874786,16.30233624438285,16.369156206509942,0.06681996212709151,5.100398366595154,2.377936936753276,12.0,0.18336046021438146,3.9615046705580443,3.96,3.972419001945689,16.144865130772427,16.14336046021438,16.15577946216007,-0.18909647887225134,-0.1906011494302966,-0.17818214748460903,1.8056046696533334,True
80963,blahovishchenka,Blahovishchenka,47.463877,34.821044,10.0,2021-06-08,2021-06-08 03:11:40.041889280+00:00,2021,1149,gt1r,1149_gt1r,381,16.32408870207665,0.020776511877426695,0.014013565275480033,16.289461811330927,16.357445561152122,0.06798374982119526,6.968212617286187,5.58945096632583,12.0,0.18336046021438146,3.961504619933037,3.96,3.972418976633185,16.14486508014742,16.14336046021438,16.155779436847567,-0.17922362192923202,-0.1807282418622691,-0.16830926522908385,1.8055439196444445,True
80963,blahovishchenka,Blahovishchenka,47.463877,34.821044,10.0,2021-09-06,2021-09-06 22:51:35.576651776+00:00,2021,1149,gt1l,1149_gt1l,50,15.842042830844798,0.01784592876821284,0.012036914048437097,15.817632268290126,15.869242230276981,0.051609961986855524,5.4310861474649945,1.6231511883355394,12.0,0.18336046021438146,3.535116764663941,3.54,3.5326751469959112,15.718477224878322,15.72336046021438,15.716035607210292,-0.12356560596647626,-0.11868237063041853,-0.126007223634506,5.859882403271111,True
80963,blahovishchenka,Blahovishchenka,47.463877,34.821044,10.0,2021-09-06,2021-09-06 22:51:35.721051904+00:00,2021,1149,gt2l,1149_gt2l,33,15.842126630434137,0.020981304912353522,0.014151696285143345,15.820523304898481,15.868204885998214,0.04768158109973264,7.351294516407979,5.168549293853752,12.0,0.18336046021438146,3.535116731237985,3.54,3.532675096856978,15.718477191452365,15.72336046021438,15.716035557071358,-0.12364943898177216,-0.11876617021975733,-0.12609107336277958,5.859922514417778,True
80963,blahovishchenka,Blahovishchenka,47.463877,34.821044,10.0,2021-09-06,2021-09-06 22:51:35.903852032+00:00,2021,1149,gt1r,1149_gt1r,199,15.85464385571317,0.021262194308366598,0.014341153587189126,15.820328443739738,15.886069407558654,0.06574096381891614,5.516429680311873,1.6993054178444766,12.0,0.18336046021438146,3.5351166889231407,3.54,3.5326750333847112,15.718477149137522,15.72336046021438,15.716035493599092,-0.1361667065756489,-0.13128339549879087,-0.1386083621140788,5.859973292231111,True
80963,blahovishchenka,Blahovishchenka,47.463877,34.821044,10.0,2021-09-06,2021-09-06 22:51:36.048551680+00:00,2021,1149,gt2r,1149_gt2r,107,15.884670155410909,0.015980126349753754,0.010778447558177362,15.851031573368056,15.907850692693653,0.056819119325597356,7.423575321585732,5.2500740054542145,12.0,0.18336046021438146,3.535116655427852,3.54,3.532674983141778,15.718477115642234,15.72336046021438,15.716035443356159,-0.16619303976867528,-0.16130969519652893,-0.16863471205475022,5.8600134865777775,True
80963,blahovishchenka,Blahovishchenka,47.463877,34.821044,10.0,2021-09-06,2021-09-06 22:51:36.079651840+00:00,2021,1149,gt3l,1149_gt3l,19,15.87851628059586,0.01977591759857352,0.01333867368040842,15.847569567301496,15.915885375537433,0.06831580823593697,9.074075551169882,8.366124227621395,12.0,0.18336046021438146,3.535116648228741,3.54,3.5326749723431115,15.718477108443121,15.72336046021438,15.716035432557492,-0.16003917215273944,-0.15515582038148068,-0.16248084803836882,5.860022125511111,True
80963,blahovishchenka,Blahovishchenka,47.463877,34.821044,10.0,2021-09-06,2021-09-06 22:51:36.441651712+00:00,2021,1149,gt3r,1149_gt3r,78,15.882612279414014,0.023248350250448992,0.015680797417003234,15.860665632659785,15.92044544776475,0.05977981510496555,9.077729012854038,8.405520781649793,12.0,0.18336046021438146,3.535116564432474,3.54,3.5326748466487112,15.718477024646855,15.72336046021438,15.716035306863091,-0.1641352547671584,-0.15925181919963372,-0.16657697255092252,5.860122681031111,True
80963,blahovishchenka,Blahovishchenka,47.463877,34.821044,10.0,2021-10-28,2021-10-28 08:06:48.048186112+00:00,2021,545,gt3l,545_gt3l,865,15.931199645428215,0.01541035813849924,0.010394144164642682,15.88387420201501,15.95522637166355,0.07135216964853974,5.586517822076302,3.693903236121287,12.0,0.18336046021438146,3.5425944555986373,3.54,3.548891683397956,15.725954915813018,15.72336046021438,15.732252143612337,-0.20524472961519713,-0.20783918521383526,-0.19894750181587817,3.1133467183644443,True
80963,blahovishchenka,Blahovishchenka,47.463877,34.821044,10.0,2021-10-28,2021-10-28 08:06:48.380985856+00:00,2021,545,gt3r,545_gt3r,237,15.975940365742765,0.021985259150122442,0.01482885414145585,15.939091600374397,16.00399974310136,0.06490814272696355,5.521651597339878,3.7838511173651277,12.0,0.18336046021438146,3.542594532635615,3.54,3.5488917989534223,15.725954992849996,15.72336046021438,15.732252259167803,-0.24998537289276967,-0.2525799055283855,-0.24368810657496276,3.113439162737778,True
80963,blahovishchenka,Blahovishchenka,47.463877,34.821044,10.0,2021-10-28,2021-10-28 08:06:48.933486080+00:00,2021,545,gt2l,545_gt2l,525,15.959439166018292,0.01305960314027562,0.00880858164054743,15.922968937601844,15.978881493634303,0.05591255603245848,4.016058083409006,0.4829806081420763,12.0,0.18336046021438146,3.5425946605291854,3.54,3.548891990793778,15.725955120743567,15.72336046021438,15.732252451008158,-0.2334840452747251,-0.23607870580391221,-0.22718671501013432,3.113592635022222,True
80963,blahovishchenka,Blahovishchenka,47.463877,34.821044,10.0,2021-10-28,2021-10-28 08:06:49.171886080+00:00,2021,545,gt1l,545_gt1l,672,15.934626188496864,0.014496590838579298,0.009777816564534803,15.906306965307051,15.956972467793356,0.050665502486305414,6.4635207775818015,2.933371622505989,12.0,0.18336046021438146,3.5425947157143707,3.54,3.548892073571556,15.725955175928751,15.72336046021438,15.732252533785937,-0.2086710125681126,-0.21126572828248413,-0.20237365471092694,3.1136588572444444,True
80963,blahovishchenka,Blahovishchenka,47.463877,34.821044,10.0,2021-10-28,2021-10-28 08:06:49.267186176+00:00,2021,545,gt2r,545_gt2r,158,15.935755862572204,0.011784127952972366,0.007948285412769707,15.91539510544335,15.95298657858581,0.037591473142459364,4.142709769285815,0.5730935383243669,12.0,0.18336046021438146,3.5425947377745777,3.54,3.548892106661867,15.72595519798896,15.72336046021438,15.732252566876248,-0.20980066458324487,-0.21239540235782428,-0.20350329569595615,3.1136853294933333,True
80963,blahovishchenka,Blahovishchenka,47.463877,34.821044,10.0,2021-10-28,2021-10-28 08:06:49.501085952+00:00,2021,545,gt1r,545_gt1r,164,15.978140234900646,0.012108450974096123,0.008167038293603213,15.956305547440252,15.997708959290465,0.041403411850213345,6.387810595276895,2.816965095308202,12.0,0.18336046021438146,3.5425947919180447,3.54,3.5488921878770667,15.725955252132426,15.72336046021438,15.732252648091448,-0.2521849827682203,-0.25477977468626634,-0.2458875868091983,3.1137503016533334,True
80964,nikopol,Nikopol,47.554451,34.375355,0.5,2020-09-02,2020-09-02 04:15:08.675069184+00:00,2020,1049,gt3l,1049_gt3l,46,15.906009406797722,0.02676877162761007,0.01805528910536225,15.876294874446833,15.938869473192542,0.0625745987457087,0.411541254977228,0.3476281373670738,12.0,0.1715111918592864,3.54,3.54,3.54,15.711511191859286,15.711511191859286,15.711511191859286,-0.19449821493843622,-0.19449821493843622,-0.19449821493843622,0.74759025856,True
80964,nikopol,Nikopol,47.554451,34.375355,1.0,2020-09-02,2020-09-02 04:15:08.595269120+00:00,2020,1049,gt3l,1049_gt3l,69,15.908095456840119,0.024705879983784717,0.016663887753800566,15.879394158384569,15.937871558300849,0.05847739991627954,0.5094718369523925,0.3476281373670738,12.0,0.1715111918592864,3.54,3.54,3.54,15.711511191859286,15.711511191859286,15.711511191859286,-0.19658426498083337,-0.19658426498083337,-0.19658426498083337,0.7476124252444445,True
80964,nikopol,Nikopol,47.554451,34.375355,1.0,2020-09-02,2020-09-02 04:15:08.939568896+00:00,2020,1049,gt3r,1049_gt3r,11,15.94071935801491,0.013825634382174969,0.009325262634678921,15.87547209487486,15.98515261442943,0.10968051955456914,0.510818484383135,0.2591316476087279,12.0,0.1715111918592864,3.54,3.54,3.54,15.711511191859286,15.711511191859286,15.711511191859286,-0.22920816615562423,-0.22920816615562423,-0.22920816615562423,0.7475167864177777,True
80964,nikopol,Nikopol,47.554451,34.375355,1.0,2021-11-30,2021-11-30 06:34:34.238373120+00:00,2021,1049,gt1l,1049_gt1l,25,16.046470756381794,0.01999891030401344,0.013489080199658332,16.00508587629435,16.094832444541858,0.08974656824750937,0.787119067020408,0.6921021651799608,12.0,0.1715111918592864,3.688559556685333,3.69,3.681426592780889,15.86007074854462,15.861511191859286,15.852937784640176,-0.18640000783717348,-0.18495956452250795,-0.1935329717416181,0.5761773258666667,True
80964,nikopol,Nikopol,47.554451,34.375355,2.0,2020-03-04,2020-03-04 12:55:31.237073408+00:00,2020,1049,gt2l,1049_gt2l,81,15.943966689158202,0.012151824782139822,0.008196293526332,15.924289656422452,15.9699261910017,0.04563653457924843,1.3842625669210624,1.123309628339867,12.0,0.1715111918592864,3.58,3.58,3.5812188931797926,15.751511191859286,15.751511191859286,15.75273008503908,-0.19245549729891565,-0.19245549729891565,-0.1912366041191227,5.074656368497778,True
80964,nikopol,Nikopol,47.554451,34.375355,2.0,2020-03-04,2020-03-04 12:55:31.570873600+00:00,2020,1049,gt2r,1049_gt2r,285,15.973503463570346,0.012685972452476069,0.008556571194169749,15.94851458670891,15.993215554725296,0.0447009680163859,1.3344000528711002,1.037050577525302,12.0,0.1715111918592864,3.58,3.58,3.581218931814074,15.751511191859286,15.751511191859286,15.752730123673361,-0.22199227171105917,-0.22199227171105917,-0.22077333989698467,5.074563646222222,True
80964,nikopol,Nikopol,47.554451,34.375355,2.0,2020-09-02,2020-09-02 04:15:08.452169216+00:00,2020,1049,gt3l,1049_gt3l,99,15.905144264962097,0.023118340810269464,0.015593107250957416,15.878709320337114,15.934165880129502,0.05545655979238795,0.7992363135309977,0.3476281373670738,12.0,0.1715111918592864,3.54,3.54,3.54,15.711511191859286,15.711511191859286,15.711511191859286,-0.19363307310281108,-0.19363307310281108,-0.19363307310281108,0.7476521752177778,True
80964,nikopol,Nikopol,47.554451,34.375355,2.0,2020-09-02,2020-09-02 04:15:08.789269248+00:00,2020,1049,gt3r,1049_gt3r,19,15.952888776258188,0.024723023810066195,0.016675451106209493,15.920209695279157,15.98352439632418,0.06331470104502301,0.9325994089208083,0.2591316476087279,12.0,0.1715111918592864,3.54,3.54,3.54,15.711511191859286,15.711511191859286,15.711511191859286,-0.24137758439890256,-0.24137758439890256,-0.24137758439890256,0.74755853632,True
80964,nikopol,Nikopol,47.554451,34.375355,2.0,2021-04-11,2021-04-11 05:59:33.016430080+00:00,2021,265,gt1l,265_gt1l,13,16.229488404079138,0.02032315218835156,0.013707778354479672,16.195087163426827,16.249548707844482,0.054461544417655716,1.4321531515058712,1.1687389680100646,12.0,0.1715111918592864,3.8291729128634073,3.83,3.833759369295111,16.000684104722694,16.001511191859286,16.005270561154397,-0.22880429935644386,-0.22797721221985157,-0.224217842924741,0.9925045639111111,True
80964,nikopol,Nikopol,47.554451,34.375355,2.0,2021-04-11,2021-04-11 05:59:33.354430208+00:00,2021,265,gt1r,265_gt1r,51,16.240240290197946,0.015109237925101115,0.010191041363214026,16.20994149505421,16.262945139282856,0.053003644228645896,1.3532654307791234,1.0815699947781336,12.0,0.1715111918592864,3.829172834622637,3.83,3.8337592519339556,16.000684026481924,16.001511191859286,16.00527044379324,-0.2395562637160218,-0.23872909833865918,-0.23496984640470586,0.9925984528355556,True
80964,nikopol,Nikopol,47.554451,34.375355,2.0,2021-11-30,2021-11-30 06:34:34.081873152+00:00,2021,1049,gt1l,1049_gt1l,45,16.042889670410904,0.029309746527444176,0.01976915319536232,15.993521785365424,16.092927202301947,0.0994054169365235,1.0845126878867848,0.6921021651799608,12.0,0.1715111918592864,3.6885596653658665,3.69,3.6814266108943112,15.860070857225153,15.861511191859286,15.852937802753598,-0.18281881318575088,-0.18137847855161837,-0.18995186765730665,0.5761338536533334,True
80964,nikopol,Nikopol,47.554451,34.375355,2.0,2021-11-30,2021-11-30 06:34:34.420573184+00:00,2021,1049,gt1r,1049_gt1r,12,16.037563983001505,0.031111723033748154,0.020984569697658273,15.996764157721088,16.10413619859108,0.10737204086998986,1.0761249742850378,0.6259448119017906,12.0,0.1715111918592864,3.688559430157511,3.69,3.681426571692919,15.860070622016798,15.861511191859286,15.852937763552205,-0.17749336098470714,-0.17605279114221872,-0.18462621944929936,0.5762279369955555,True
80964,nikopol,Nikopol,47.554451,34.375355,3.0,2020-03-04,2020-03-04 12:55:31.078473216+00:00,2020,1049,gt2l,1049_gt2l,124,15.943517483309487,0.012235700942362303,0.008252867221342441,15.918788828157192,15.96658948993263,0.04780066177543851,1.7673607682918537,1.123309628339867,12.0,0.1715111918592864,3.58,3.58,3.581218874823289,15.751511191859286,15.751511191859286,15.752730066682576,-0.1920062914502001,-0.1920062914502001,-0.190787416626911,5.074700424106667,True
80964,nikopol,Nikopol,47.554451,34.375355,3.0,2020-03-04,2020-03-04 12:55:31.151973376+00:00,2020,1049,gt3l,1049_gt3l,41,15.92139477934995,0.015132109838554423,0.010206468257489831,15.900245525091822,15.93684828462711,0.03660275953528824,2.6364347305132503,2.3225005900836964,12.0,0.1715111918592864,3.58,3.58,3.581218883330252,15.751511191859286,15.751511191859286,15.752730075189538,-0.1698835874906628,-0.1698835874906628,-0.16866470416041146,5.074680007395555,True
80964,nikopol,Nikopol,47.554451,34.375355,3.0,2020-03-04,2020-03-04 12:55:31.415673600+00:00,2020,1049,gt2r,1049_gt2r,437,15.972299331624448,0.014027771459409874,0.009461602225421473,15.948387903898961,15.993418069018153,0.04503016511919178,1.7404343771410307,1.037050577525302,12.0,0.1715111918592864,3.58,3.58,3.581218913851111,15.751511191859286,15.751511191859286,15.752730105710397,-0.22078813976516187,-0.22078813976516187,-0.2195692259140518,5.074606757333333,True
80964,nikopol,Nikopol,47.554451,34.375355,3.0,2020-03-04,2020-03-04 12:55:31.503573504+00:00,2020,1049,gt3r,1049_gt3r,159,15.931364597383947,0.01995676142553209,0.013460651170600357,15.899745779337984,15.962131493896177,0.06238571455819297,2.665334138069545,2.383386216465988,12.0,0.1715111918592864,3.58,3.58,3.581218924024711,15.751511191859286,15.751511191859286,15.752730115883997,-0.17985340552466056,-0.17985340552466056,-0.17863448149994987,5.0745823406933335,True
80964,nikopol,Nikopol,47.554451,34.375355,3.0,2020-09-02,2020-09-02 04:15:08.311969024+00:00,2020,1049,gt3l,1049_gt3l,124,15.902278761756852,0.02216027947911729,0.014946903736083428,15.871513611353773,15.933252058433222,0.06173844707944909,1.1339825857484807,0.3476281373670738,12.0,0.1715111918592864,3.54,3.54,3.54,15.711511191859286,15.711511191859286,15.711511191859286,-0.1907675698975666,-0.1907675698975666,-0.1907675698975666,0.7476911197155556,True
80964,nikopol,Nikopol,47.554451,34.375355,3.0,2020-09-02,2020-09-02 04:15:08.667469312+00:00,2020,1049,gt3r,1049_gt3r,25,15.947974976654212,0.018000156508604193,0.012140939234186021,15.904345878387636,15.982393807731448,0.07804792934381233,1.3028823558571632,0.2591316476087279,12.0,0.1715111918592864,3.54,3.54,3.54,15.711511191859286,15.711511191859286,15.711511191859286,-0.23646378479492647,-0.23646378479492647,-0.23646378479492647,0.7475923696355555,True
80964,nikopol,Nikopol,47.554451,34.375355,3.0,2021-04-11,2021-04-11 05:59:32.851130112+00:00,2021,265,gt2l,265_gt2l,19,16.2044362621482,0.02613412079023733,0.017627222980060253,16.170492806588495,16.24425837517385,0.07376556858535466,2.293254551508261,2.061521850966161,12.0,0.1715111918592864,3.829172951127289,3.83,3.8337594266909334,16.000684142986575,16.001511191859286,16.00527061855022,-0.20375211916162428,-0.20292507028891293,-0.19916564359797917,0.9924586472533333,True
80964,nikopol,Nikopol,47.554451,34.375355,3.0,2021-04-11,2021-04-11 05:59:33.016430080+00:00,2021,265,gt1l,265_gt1l,18,16.229860527072045,0.015116942859649533,0.010196238270369307,16.195183738205166,16.249046764682564,0.053863026477397824,1.7276630604815448,1.1687389680100646,12.0,0.1715111918592864,3.8291729128634073,3.83,3.833759369295111,16.000684104722694,16.001511191859286,16.005270561154397,-0.22917642234935087,-0.22834933521275858,-0.22458996591764802,0.9925045639111111,True
80964,nikopol,Nikopol,47.554451,34.375355,3.0,2021-04-11,2021-04-11 05:59:33.179130112+00:00,2021,265,gt2r,265_gt2r,61,16.21079125447579,0.01625432836160467,0.010963394281400696,16.18631974647021,16.23363915578247,0.04731940931225864,2.369325868587118,2.1448575590557146,12.0,0.1715111918592864,3.829172875201363,3.83,3.8337593128020444,16.00068406706065,16.001511191859286,16.00527050466133,-0.21010718741514012,-0.20928006261650367,-0.2055207498144611,0.9925497583644445,True
80964,nikopol,Nikopol,47.554451,34.375355,3.0,2021-04-11,2021-04-11 05:59:33.354430208+00:00,2021,265,gt1r,265_gt1r,72,16.23675869729675,0.01838285060309944,0.012399062864629329,16.20597056260338,16.26173272974338,0.055762167139999264,1.6793862406282478,1.0815699947781336,12.0,0.1715111918592864,3.829172834622637,3.83,3.8337592519339556,16.000684026481924,16.001511191859286,16.00527044379324,-0.23607467081482625,-0.23524750543746364,-0.23148825350351032,0.9925984528355556,True
80964,nikopol,Nikopol,47.554451,34.375355,3.0,2021-08-31,2021-08-31 10:54:36.970271488+00:00,2021,1049,gt3l,1049_gt3l,15,15.91221539323869,0.0175795602154647,0.011857250920993323,15.890540445859205,15.938536148604735,0.047995702745529556,2.8447773726313885,2.7650760376814185,12.0,0.1715111918592864,3.5949252245998813,3.59,3.599204054366726,15.766436416459168,15.761511191859286,15.770715246226013,-0.14577897677952123,-0.1507042013794031,-0.14150014701267644,5.910269519857778,True
80964,nikopol,Nikopol,47.554451,34.375355,3.0,2021-08-31,2021-08-31 10:54:37.269171456+00:00,2021,1049,gt3r,1049_gt3r,66,15.892466262977994,0.01657236220543614,0.011177905170265845,15.860076026305531,15.921940979691723,0.061864953386191246,2.796203217367908,2.682548176916395,12.0,0.1715111918592864,3.594925293789689,3.59,3.5992040197718222,15.766436485648976,15.761511191859286,15.770715211631108,-0.126029777329018,-0.13095507111870752,-0.12175105134688557,5.910352547626666,True
80964,nikopol,Nikopol,47.554451,34.375355,3.0,2021-11-30,2021-11-30 06:34:33.934273280+00:00,2021,1049,gt1l,1049_gt1l,55,16.04014500704849,0.031007326507178346,0.020914155205165486,15.9929667622566,16.091291396413006,0.09832463415640547,1.324558832565939,0.6921021651799608,12.0,0.1715111918592864,3.6885597678657778,3.69,3.6814266279776295,15.860070959725064,15.861511191859286,15.852937819836916,-0.18007404732342636,-0.17863381518920463,-0.18720718721157503,0.5760928536888889,True
80964,nikopol,Nikopol,47.554451,34.375355,3.0,2021-11-30,2021-11-30 06:34:34.092873216+00:00,2021,1049,gt2l,1049_gt2l,42,16.056301261633852,0.035069369818485664,0.023653965883235983,16.006192015453074,16.093897293896283,0.08770527844320952,2.640874500202496,2.5139045955399957,12.0,0.1715111918592864,3.6885596577269335,3.69,3.681426609621156,15.86007084958622,15.861511191859286,15.852937801480442,-0.19623041204763148,-0.19479006977456592,-0.20336346015341,0.5761369092266667,True
80964,nikopol,Nikopol,47.554451,34.375355,3.0,2021-11-30,2021-11-30 06:34:34.376973056+00:00,2021,1049,gt1r,1049_gt1r,13,16.03683427069377,0.026227886448322742,0.017690467049995107,15.997910425536604,16.10145309815518,0.10354267261857508,1.1654652198214355,0.6259448119017906,12.0,0.1715111918592864,3.6885594604353775,3.69,3.68142657673923,15.860070652294665,15.861511191859286,15.852937768598517,-0.17676361839910548,-0.1753230788344844,-0.1838965020952532,0.5762158258488889,True
80964,nikopol,Nikopol,47.554451,34.375355,3.0,2021-11-30,2021-11-30 06:34:34.457073152+00:00,2021,1049,gt2r,1049_gt2r,15,16.13871722530531,0.02981728229745758,0.0201114813823402,16.10571303747435,16.248961513426476,0.1432484759521273,2.6848263361585127,2.5884885265529967,12.0,0.1715111918592864,3.688559404810311,3.69,3.6814265674683853,15.860070596669598,15.861511191859286,15.852937759327672,-0.27864662863571255,-0.27720603344602424,-0.2857794659776385,0.5762380758755555,True
80964,nikopol,Nikopol,47.554451,34.375355,5.0,2020-03-04,2020-03-04 12:55:30.784473344+00:00,2020,1049,gt2l,1049_gt2l,203,15.944033283609961,0.01192216249392608,0.00804138843513158,15.922270985076661,15.965572240229928,0.04330125515326699,2.637681915476464,1.123309628339867,12.0,0.1715111918592864,3.58,3.58,3.581218840795526,15.751511191859286,15.751511191859286,15.752730032654812,-0.19252209175067492,-0.19252209175067492,-0.19130325095514955,5.074782090737778,True
80964,nikopol,Nikopol,47.554451,34.375355,5.0,2020-03-04,2020-03-04 12:55:30.815473408+00:00,2020,1049,gt3l,1049_gt3l,101,15.924693896511055,0.014811621271403085,0.00999030168042836,15.90041729228549,15.946944716626977,0.04652742434148749,3.3418620923773483,2.3225005900836964,12.0,0.1715111918592864,3.58,3.58,3.5812188443834962,15.751511191859286,15.751511191859286,15.752730036242783,-0.17318270465176866,-0.17318270465176866,-0.17196386026827248,5.074773479608889,True
80964,nikopol,Nikopol,47.554451,34.375355,5.0,2020-03-04,2020-03-04 12:55:31.123773440+00:00,2020,1049,gt2r,1049_gt2r,709,15.972638214821451,0.014559210059363179,0.009820052650319155,15.948206148391996,15.997976242320208,0.04977009392821152,2.6096815659171124,1.037050577525302,12.0,0.1715111918592864,3.58,3.58,3.5812188800663702,15.751511191859286,15.751511191859286,15.752730071925656,-0.2211270229621647,-0.2211270229621647,-0.21990814289579497,5.074687840711111,True
80964,nikopol,Nikopol,47.554451,34.375355,5.0,2020-03-04,2020-03-04 12:55:31.134373376+00:00,2020,1049,gt1l,1049_gt1l,219,15.937626332056098,0.014273673348297135,0.00962746077721377,15.90438133653271,15.960610491560002,0.05622915502729242,4.5564700002435075,4.329408960785564,12.0,0.1715111918592864,3.58,3.58,3.5812188812932146,15.751511191859286,15.751511191859286,15.7527300731525,-0.18611514019681152,-0.18611514019681152,-0.1848962589035974,5.074684896284444,True
80964,nikopol,Nikopol,47.554451,34.375355,5.0,2020-03-04,2020-03-04 12:55:31.162173440+00:00,2020,1049,gt3r,1049_gt3r,410,15.94057614896086,0.017931336681881047,0.012094520896992478,15.908419523882454,15.967702469794487,0.05928294591203276,3.3810970318530593,2.383386216465988,12.0,0.1715111918592864,3.58,3.58,3.581218884510815,15.751511191859286,15.751511191859286,15.752730076370101,-0.18906495710157323,-0.18906495710157323,-0.1878460725907587,5.074677174044444,True
80964,nikopol,Nikopol,47.554451,34.375355,5.0,2020-03-04,2020-03-04 12:55:31.455573504+00:00,2020,1049,gt1r,1049_gt1r,896,15.911945718950102,0.023681649189688767,0.01597305354761147,15.870643145906747,15.943997032005058,0.07335388609831028,4.487334612712748,4.244856828293459,12.0,0.1715111918592864,3.58,3.58,3.5812189184691556,15.751511191859286,15.751511191859286,15.752730110328441,-0.16043452709081585,-0.16043452709081585,-0.15921560862166118,5.074595674026667,True
80964,nikopol,Nikopol,47.554451,34.375355,5.0,2020-08-10,2020-08-10 17:36:01.879791616+00:00,2020,705,gt3l,705_gt3l,507,15.94226692316484,0.01958424524626115,0.013209392449926582,15.869808865698209,15.966851650432131,0.09704278473392236,4.567091498620104,4.422951848160097,12.0,0.1715111918592864,3.609499564863052,3.61,3.61,15.781010756722338,15.781511191859286,15.781511191859286,-0.1612561664425023,-0.16075573130555476,-0.16075573130555476,0.6005221643377778,True
80964,nikopol,Nikopol,47.554451,34.375355,5.0,2020-08-10,2020-08-10 17:36:02.232391936+00:00,2020,705,gt3r,705_gt3r,118,16.031223675248654,0.014034497884698424,0.009466139137122909,16.013287750834472,16.05073616461327,0.037448413778797374,4.498913062137621,4.331921157084243,12.0,0.1715111918592864,3.6094994832426073,3.61,3.61,15.781010675101895,15.781511191859286,15.781511191859286,-0.2502130001467595,-0.24971248338936824,-0.24971248338936824,0.6006201088711111,True
80964,nikopol,Nikopol,47.554451,34.375355,5.0,2020-09-02,2020-09-02 04:15:08.025268992+00:00,2020,1049,gt3l,1049_gt3l,172,15.902455413242414,0.020798713882190192,0.014028540322534866,15.870034814489967,15.930337837904418,0.06030302341445015,1.947667778736544,0.3476281373670738,12.0,0.1715111918592864,3.54,3.54,3.54,15.711511191859286,15.711511191859286,15.711511191859286,-0.19094422138312872,-0.19094422138312872,-0.19094422138312872,0.7477707586133333,True
80964,nikopol,Nikopol,47.554451,34.375355,5.0,2020-09-02,2020-09-02 04:15:08.253569024+00:00,2020,1049,gt2l,1049_gt2l,173,15.911262940613835,0.01450220981301094,0.00978160651086668,15.889466003224019,15.933024897708119,0.04355889448410011,3.9457405968339203,3.555220059404641,12.0,0.1715111918592864,3.54,3.54,3.54,15.711511191859286,15.711511191859286,15.711511191859286,-0.19975174875454904,-0.19975174875454904,-0.19975174875454904,0.7477073419377778,True
80964,nikopol,Nikopol,47.554451,34.375355,5.0,2020-09-02,2020-09-02 04:15:08.377869056+00:00,2020,1049,gt3r,1049_gt3r,37,15.945625698985324,0.018342800114417638,0.01237204918010093,15.91254958550415,15.981537590462759,0.06898800495860868,2.1738992111076003,0.2591316476087279,12.0,0.1715111918592864,3.54,3.54,3.54,15.711511191859286,15.711511191859286,15.711511191859286,-0.23411450712603887,-0.23411450712603887,-0.23411450712603887,0.7476728141511111,True
80964,nikopol,Nikopol,47.554451,34.375355,5.0,2020-09-02,2020-09-02 04:15:08.585369088+00:00,2020,1049,gt2r,1049_gt2r,57,15.940034516189467,0.012648480345337,0.00853128311435114,15.920760761549486,15.972967290282387,0.05220652873290099,3.883957702667594,3.4633468668105567,12.0,0.1715111918592864,3.54,3.54,3.54,15.711511191859286,15.711511191859286,15.711511191859286,-0.2285233243301814,-0.2285233243301814,-0.2285233243301814,0.7476151752533333,True
80964,nikopol,Nikopol,47.554451,34.375355,5.0,2021-03-31,2021-03-31 18:10:55.521118976+00:00,2021,105,gt1l,105_gt1l,54,16.213752125436038,0.029499337709922215,0.019897030696022,16.168336586426246,16.254343112728005,0.08600652630175887,4.300009891250795,2.9858647923084276,12.0,0.1715111918592864,3.8119701486661928,3.81,3.817651740999763,15.98348134052548,15.981511191859287,15.989162932859049,-0.23027078491055875,-0.23224093357675102,-0.22458919257698895,1.1820891997155556,True
80964,nikopol,Nikopol,47.554451,34.375355,5.0,2021-03-31,2021-03-31 18:10:55.871318784+00:00,2021,105,gt1r,105_gt1r,226,16.17899139908336,0.03093769445069973,0.020867189026507305,16.13258880617792,16.237959091708774,0.10537028553085293,4.236591849490417,3.0238449562197087,12.0,0.1715111918592864,3.8119703107957332,3.81,3.8176518220645335,15.98348150265502,15.981511191859287,15.98916301392382,-0.19550989642833905,-0.19748020722407134,-0.18982838515953837,1.18218647744,True
80964,nikopol,Nikopol,47.554451,34.375355,5.0,2021-04-11,2021-04-11 05:59:32.851130112+00:00,2021,265,gt2l,265_gt2l,33,16.191447809428297,0.022677494224855394,0.015295760302748818,16.16605711968893,16.234231504917272,0.06817438522834252,3.0085559810379157,2.061521850966161,12.0,0.1715111918592864,3.829172951127289,3.83,3.8337594266909334,16.000684142986575,16.001511191859286,16.00527061855022,-0.19076366644172182,-0.18993661756901048,-0.18617719087807671,0.9924586472533333,True
80964,nikopol,Nikopol,47.554451,34.375355,5.0,2021-04-11,2021-04-11 05:59:33.016430080+00:00,2021,265,gt1l,265_gt1l,28,16.22635609285411,0.02285031270153262,0.015412324768334429,16.196829323144637,16.247614382965708,0.05078505982107018,2.46988984317474,1.1687389680100646,12.0,0.1715111918592864,3.8291729128634073,3.83,3.833759369295111,16.000684104722694,16.001511191859286,16.005270561154397,-0.22567198813141687,-0.22484490099482457,-0.221085531699714,0.9925045639111111,True
80964,nikopol,Nikopol,47.554451,34.375355,5.0,2021-04-11,2021-04-11 05:59:33.179130112+00:00,2021,265,gt2r,265_gt2r,104,16.207689574162433,0.020352443624648955,0.013727535157594062,16.170966613327927,16.232491743788604,0.061525130460676536,3.0160205420883086,2.1448575590557146,12.0,0.1715111918592864,3.829172875201363,3.83,3.8337593128020444,16.00068406706065,16.001511191859286,16.00527050466133,-0.20700550710178334,-0.2061783823031469,-0.20241906950110433,0.9925497583644445,True
80964,nikopol,Nikopol,47.554451,34.375355,5.0,2021-04-11,2021-04-11 05:59:33.354430208+00:00,2021,265,gt1r,265_gt1r,115,16.238348408833353,0.01954747256937916,0.013184589619168463,16.210449772955407,16.2656841988825,0.055234425927093156,2.5168703839407627,1.0815699947781336,12.0,0.1715111918592864,3.829172834622637,3.83,3.8337592519339556,16.000684026481924,16.001511191859286,16.00527044379324,-0.23766438235142928,-0.23683721697406668,-0.23307796504011336,0.9925984528355556,True
80964,nikopol,Nikopol,47.554451,34.375355,5.0,2021-08-31,2021-08-31 10:54:36.539271424+00:00,2021,1049,gt3l,1049_gt3l,38,15.914361902310038,0.019865908740926662,0.013399371874360355,15.88581005950804,15.945882682776173,0.06007262326813212,3.342227000427011,2.7650760376814185,12.0,0.1715111918592864,3.5949251248313483,3.59,3.5992041042509926,15.766436316690635,15.761511191859286,15.770715296110279,-0.1479255856194026,-0.1528507104507515,-0.14364660619975922,5.910149797617778,True
80964,nikopol,Nikopol,47.554451,34.375355,5.0,2021-08-31,2021-08-31 10:54:36.862771456+00:00,2021,1049,gt3r,1049_gt3r,145,15.891741823879094,0.01666071160675473,0.011237496025060523,15.86006109483249,15.925839241032936,0.06577814620044542,3.292085829492868,2.682548176916395,12.0,0.1715111918592864,3.5949251997156146,3.59,3.599204066808859,15.766436391574901,15.761511191859286,15.770715258668146,-0.12530543230419333,-0.1302306320198081,-0.12102656521094879,5.910239658737778,True
80964,nikopol,Nikopol,47.554451,34.375355,5.0,2021-11-30,2021-11-30 06:34:33.726873088+00:00,2021,1049,gt2l,1049_gt2l,79,16.05472452104957,0.03521566494102613,0.023752640591546026,16.003005473157753,16.093021259372534,0.09001578621478146,3.2202334251117493,2.5139045955399957,12.0,0.1715111918592864,3.6885599118936887,3.69,3.6814266519822816,15.860071103752976,15.861511191859286,15.852937843841568,-0.19465341729659613,-0.19321332919028578,-0.2017866772080037,0.5760352425244445,True
80964,nikopol,Nikopol,47.554451,34.375355,5.0,2021-11-30,2021-11-30 06:34:33.831173120+00:00,2021,1049,gt1l,1049_gt1l,59,16.039832334917307,0.03445146484537807,0.023237194688640272,15.993114610402486,16.09063707405743,0.09752246365494344,1.4651677412208866,0.6921021651799608,12.0,0.1715111918592864,3.688559839463111,3.69,3.6814266399105184,15.860071031322397,15.861511191859286,15.852937831769806,-0.17976130359491016,-0.17832114305802094,-0.1868945031475011,0.5760642147555556,True
80964,nikopol,Nikopol,47.554451,34.375355,5.0,2021-11-30,2021-11-30 06:34:34.086373120+00:00,2021,1049,gt2r,1049_gt2r,27,16.1165157283327,0.03959070938008575,0.0267035676379912,16.071928857497593,16.167971778446883,0.09604292094929079,3.221031449570943,2.5884885265529967,12.0,0.1715111918592864,3.688559662240889,3.69,3.6814266103734816,15.860070854100176,15.861511191859286,15.852937802232768,-0.2564448742325247,-0.2550045364734146,-0.26357792609993247,0.5761351036444444,True
80964,nikopol,Nikopol,47.554451,34.375355,5.0,2021-11-30,2021-11-30 06:34:34.376973056+00:00,2021,1049,gt1r,1049_gt1r,13,16.03683427069377,0.026227886448322742,0.017690467049995107,15.997910425536604,16.10145309815518,0.10354267261857508,1.1654652198214355,0.6259448119017906,12.0,0.1715111918592864,3.6885594604353775,3.69,3.68142657673923,15.860070652294665,15.861511191859286,15.852937768598517,-0.17676361839910548,-0.1753230788344844,-0.1838965020952532,0.5762158258488889,True
80964,nikopol,Nikopol,47.554451,34.375355,10.0,2020-03-04,2020-03-04 12:55:30.225473280+00:00,2020,1049,gt1l,1049_gt1l,456,15.945974786296008,0.017344730707149838,0.011698860587582516,15.912653369583133,15.974004771962782,0.061351402379649755,5.840426779669309,4.329408960785564,12.0,0.1715111918592864,3.58,3.58,3.5812187760964447,15.751511191859286,15.751511191859286,15.752729967955732,-0.194463594436721,-0.194463594436721,-0.19324481834027551,5.074937368533333,True
80964,nikopol,Nikopol,47.554451,34.375355,10.0,2020-03-04,2020-03-04 12:55:30.401273600+00:00,2020,1049,gt2l,1049_gt2l,302,15.941863409214054,0.013557538862261295,0.009144434683840075,15.918035445205037,15.965600063837966,0.04756461863292927,3.797894527085464,1.123309628339867,12.0,0.1715111918592864,3.58,3.58,3.5812187964437037,15.751511191859286,15.751511191859286,15.75272998830299,-0.19035221735476782,-0.19035221735476782,-0.18913342091106422,5.0748885351111115,True
80964,nikopol,Nikopol,47.554451,34.375355,10.0,2020-03-04,2020-03-04 12:55:30.554373376+00:00,2020,1049,gt1r,1049_gt1r,1804,15.92458215777613,0.026124149123178144,0.017620497182772255,15.87875283967388,15.963926429853428,0.08517359017954895,5.780358389122019,4.244856828293459,12.0,0.1715111918592864,3.58,3.58,3.5812188141635852,15.751511191859286,15.751511191859286,15.75273000602287,-0.17307096591684434,-0.17307096591684434,-0.17185215175326007,5.074846007395555,True
80964,nikopol,Nikopol,47.554451,34.375355,10.0,2020-03-04,2020-03-04 12:55:30.559873280+00:00,2020,1049,gt3l,1049_gt3l,125,15.9284056141789,0.017088096282932605,0.011525763039884396,15.901525325120938,15.954780347531411,0.05325502241047353,3.8276540549761524,2.3225005900836964,12.0,0.1715111918592864,3.58,3.58,3.581218814800148,15.751511191859286,15.751511191859286,15.752730006659435,-0.17689442231961294,-0.17689442231961294,-0.1756756075194641,5.074844479644445,True
80964,nikopol,Nikopol,47.554451,34.375355,10.0,2020-03-04,2020-03-04 12:55:30.752173312+00:00,2020,1049,gt2r,1049_gt2r,1048,15.971708317837576,0.014920756757755341,0.01006391255750394,15.94504547994499,15.996303993003039,0.051258513058048294,3.7432984765373942,1.037050577525302,12.0,0.1715111918592864,3.58,3.58,3.5812188370570963,15.751511191859286,15.751511191859286,15.752730028916384,-0.22019712597828978,-0.22019712597828978,-0.21897828892119264,5.074791062968889,True
80964,nikopol,Nikopol,47.554451,34.375355,10.0,2020-03-04,2020-03-04 12:55:30.896873472+00:00,2020,1049,gt3r,1049_gt3r,508,15.942825345469648,0.01870006753294914,0.012613022752562486,15.911881809075775,15.970963759298362,0.059081950222587665,3.8634674436922087,2.383386216465988,12.0,0.1715111918592864,3.58,3.58,3.5812188538048,15.751511191859286,15.751511191859286,15.752730045664086,-0.19131415361036197,-0.19131415361036197,-0.19009529980556295,5.07475086848,True
80964,nikopol,Nikopol,47.554451,34.375355,10.0,2020-04-02,2020-04-02 11:31:33.461515264+00:00,2020,105,gt1l,105_gt1l,81,16.06043585431039,0.016570755981927775,0.011176821787351798,16.024612689124385,16.09489743583397,0.07028474670958573,6.652861046275043,5.348900460539634,12.0,0.1715111918592864,3.6345616987233185,3.63,3.64,15.806072890582605,15.801511191859285,15.811511191859287,-0.254362963727786,-0.2589246624511059,-0.24892466245110434,5.474038467982222,True
80964,nikopol,Nikopol,47.554451,34.375355,10.0,2020-04-02,2020-04-02 11:31:33.692615168+00:00,2020,105,gt2l,105_gt2l,69,15.985727457654974,0.015506136274219814,0.010458745632146105,15.959858202766139,16.013273455258513,0.053415252492374776,9.037957116415942,8.56157676695641,12.0,0.1715111918592864,3.6345616452279703,3.63,3.64,15.806072837087257,15.801511191859285,15.811511191859287,-0.17965462056771742,-0.18421626579568873,-0.17421626579568716,5.473974273564444,True
80964,nikopol,Nikopol,47.554451,34.375355,10.0,2020-04-02,2020-04-02 11:31:33.801415168+00:00,2020,105,gt1r,105_gt1r,280,16.025722521274727,0.02237052750682378,0.015088714087969635,15.989981741704115,16.06413858824444,0.0741568465403244,6.685462395472514,5.4391252382013935,12.0,0.1715111918592864,3.6345616200427853,3.63,3.64,15.806072811902071,15.801511191859285,15.811511191859287,-0.21964970937265527,-0.22421132941544109,-0.21421132941543952,5.473944051342222,True
80964,nikopol,Nikopol,47.554451,34.375355,10.0,2020-04-02,2020-04-02 11:31:34.053715200+00:00,2020,105,gt2r,105_gt2r,201,16.04316820352115,0.018630446491353255,0.012566064003340927,16.014851706960417,16.07242443868281,0.057572731722391524,9.09560474389972,8.650351320673751,12.0,0.1715111918592864,3.63456156164,3.63,3.64,15.806072753499286,15.801511191859285,15.811511191859287,-0.23709545002186516,-0.24165701166186615,-0.2316570116618646,5.473873968,True
80964,nikopol,Nikopol,47.554451,34.375355,10.0,2020-04-12,2020-04-12 23:20:12.642385920+00:00,2020,265,gt2l,265_gt2l,82,16.0620607919466,0.011762980420979412,0.007934021597854723,16.042122460868345,16.08330310677376,0.04118064590541337,9.501307580258587,9.33830795572193,12.0,0.1715111918592864,3.699438591488,3.69,3.7,15.870949783347287,15.861511191859286,15.871511191859286,-0.19111100859931263,-0.2005496000873137,-0.19054960008731392,5.6631548928,True
80964,nikopol,Nikopol,47.554451,34.375355,10.0,2020-04-12,2020-04-12 23:20:12.737186048+00:00,2020,265,gt1l,265_gt1l,68,16.0362897662823,0.013717410511513465,0.009252266633962947,16.016274566095596,16.06162216855806,0.0453476024624635,7.208319429656103,6.128966822862865,12.0,0.1715111918592864,3.6994385475990517,3.69,3.7,15.870949739458338,15.861511191859286,15.871511191859286,-0.16534002682396398,-0.1747785744230157,-0.1647785744230159,5.663128559431111,True
80964,nikopol,Nikopol,47.554451,34.375355,10.0,2020-04-12,2020-04-12 23:20:12.985986048+00:00,2020,265,gt2r,265_gt2r,284,16.038010848191192,0.013585275630038094,0.009163142877403274,16.016859736389573,16.06198268021391,0.04512294382433524,9.572546050867146,9.42189373430544,12.0,0.1715111918592864,3.6994384324138667,3.69,3.7,15.870949624273154,15.861511191859286,15.871511191859286,-0.16706122391803824,-0.1764996563319059,-0.1664996563319061,5.66305944832,True
80964,nikopol,Nikopol,47.554451,34.375355,10.0,2020-04-12,2020-04-12 23:20:13.061785856+00:00,2020,265,gt1r,265_gt1r,272,16.0624549949829,0.016721790704843507,0.011278693312318566,16.031042811073913,16.09045333481479,0.05941052374087619,7.269366461773487,6.212986575691248,12.0,0.1715111918592864,3.6994383973213627,3.69,3.7,15.870949589180649,15.861511191859286,15.871511191859286,-0.19150540580225162,-0.20094380312361437,-0.19094380312361459,5.663038392817778,True
80964,nikopol,Nikopol,47.554451,34.375355,10.0,2020-06-03,2020-06-03 08:35:21.271470080+00:00,2020,1049,gt3l,1049_gt3l,263,15.95323452229244,0.01786123446311721,0.012047237598217464,15.925924310994635,15.983068959249623,0.05714464825498844,8.129721852318871,7.611124230272234,12.0,0.1715111918592864,3.596071719499852,3.62,3.580513447406222,15.767582911359138,15.791511191859287,15.752024639265509,-0.18565161093330218,-0.16172333043315312,-0.201209883026932,3.5892420750222223,True
80964,nikopol,Nikopol,47.554451,34.375355,10.0,2020-06-03,2020-06-03 08:35:21.599470080+00:00,2020,1049,gt3r,1049_gt3r,69,15.979221193087621,0.016716001401414157,0.011274788480651665,15.953201524627099,16.002137655196616,0.04893613056951729,7.994196368330652,7.513011600062346,12.0,0.1715111918592864,3.5960711120924445,3.62,3.5805133335173336,15.76758230395173,15.791511191859287,15.752024525376621,-0.2116388891358909,-0.18771000122833392,-0.22719666771100044,3.5893331861333335,True
80964,nikopol,Nikopol,47.554451,34.375355,10.0,2020-08-10,2020-08-10 17:36:01.259791872+00:00,2020,705,gt3l,705_gt3l,1033,15.94226692316484,0.019350620364306657,0.013051814625864466,15.893085670430997,15.968781331587806,0.07569566115680892,5.493999100136132,4.422951848160097,12.0,0.1715111918592864,3.609499708381511,3.61,3.61,15.781010900240798,15.781511191859286,15.781511191859286,-0.16125602292404295,-0.16075573130555476,-0.16075573130555476,0.6003499421866667,True
80964,nikopol,Nikopol,47.554451,34.375355,10.0,2020-08-10,2020-08-10 17:36:01.278491904+00:00,2020,705,gt2l,705_gt2l,2097,15.95447122867635,0.03585388317473336,0.024183112892711023,15.911952985123353,16.00630940098901,0.0943564158656578,8.344036617169497,7.631021881600595,12.0,0.1715111918592864,3.6094997040528,3.61,3.61,15.781010895912086,15.781511191859286,15.781511191859286,-0.17346033276426454,-0.17296003681706473,-0.17296003681706473,0.60035513664,True
80964,nikopol,Nikopol,47.554451,34.375355,10.0,2020-08-10,2020-08-10 17:36:01.591991808+00:00,2020,705,gt3r,705_gt3r,239,16.03251562566699,0.015106515595166473,0.010189205176828864,16.004617165715132,16.052281099436865,0.04766393372173283,5.445734239860683,4.331921157084243,12.0,0.1715111918592864,3.6094996314833776,3.61,3.61,15.781010823342664,15.781511191859286,15.781511191859286,-0.2515048023243249,-0.25100443380770265,-0.25100443380770265,0.6004422199466667,True
80964,nikopol,Nikopol,47.554451,34.375355,10.0,2020-08-10,2020-08-10 17:36:01.606291712+00:00,2020,705,gt2r,705_gt2r,541,15.958356681071187,0.03113886307295008,0.021002875403311805,15.923959845408149,16.01121526045457,0.08725541504642109,8.263069151136468,7.5373059938248295,12.0,0.1715111918592864,3.609499628173215,3.61,3.61,15.7810108200325,15.781511191859286,15.781511191859286,-0.17734586103868644,-0.17684548921190135,-0.17684548921190135,0.6004461921422222,True
80964,nikopol,Nikopol,47.554451,34.375355,10.0,2020-09-02,2020-09-02 04:15:07.427069184+00:00,2020,1049,gt2l,1049_gt2l,345,15.92117134836732,0.021738667465224643,0.01466253032862852,15.888605040172937,15.953868186249663,0.06526314607672568,5.9442109523011455,3.555220059404641,12.0,0.1715111918592864,3.54,3.54,3.54,15.711511191859286,15.711511191859286,15.711511191859286,-0.2096601565080345,-0.2096601565080345,-0.2096601565080345,0.7479369252266667,True
80964,nikopol,Nikopol,47.554451,34.375355,10.0,2020-09-02,2020-09-02 04:15:07.723769088+00:00,2020,1049,gt1l,1049_gt1l,476,15.891223862492977,0.029306365160467404,0.01976687249458209,15.839580906218393,15.927471719836575,0.0878908136181824,7.774841695787027,6.7564093516644705,12.0,0.1715111918592864,3.54,3.54,3.54,15.711511191859286,15.711511191859286,15.711511191859286,-0.17971267063369112,-0.17971267063369112,-0.17971267063369112,0.7478545085866667,True
80964,nikopol,Nikopol,47.554451,34.375355,10.0,2020-09-02,2020-09-02 04:15:07.788169216+00:00,2020,1049,gt2r,1049_gt2r,106,15.94699341972768,0.017211996592199345,0.011609332653581106,15.923782024938454,15.975949792958147,0.05216776801969303,5.6788110341692475,3.4633468668105567,12.0,0.1715111918592864,3.54,3.54,3.54,15.711511191859286,15.711511191859286,15.711511191859286,-0.23548222786839368,-0.23548222786839368,-0.23548222786839368,0.7478366196622223,True
80964,nikopol,Nikopol,47.554451,34.375355,10.0,2020-09-02,2020-09-02 04:15:07.825369088+00:00,2020,1049,gt3l,1049_gt3l,287,15.897184541874914,0.026333038118077745,0.01776139087958839,15.849876616606792,15.934164050850223,0.08428743424343033,3.5636643168800406,0.3476281373670738,12.0,0.1715111918592864,3.54,3.54,3.54,15.711511191859286,15.711511191859286,15.711511191859286,-0.18567335001562846,-0.18567335001562846,-0.18567335001562846,0.7478262863644445,True
80964,nikopol,Nikopol,47.554451,34.375355,10.0,2020-09-02,2020-09-02 04:15:08.060769024+00:00,2020,1049,gt1r,1049_gt1r,120,15.920881509733693,0.018731105430750926,0.01263395752782337,15.891331371658215,15.95458172129969,0.06325034964147491,7.6942657707798965,6.670931542565787,12.0,0.1715111918592864,3.54,3.54,3.54,15.711511191859286,15.711511191859286,15.711511191859286,-0.20937031787440752,-0.20937031787440752,-0.20937031787440752,0.7477608974933333,True
80964,nikopol,Nikopol,47.554451,34.375355,10.0,2020-09-02,2020-09-02 04:15:08.210269184+00:00,2020,1049,gt3r,1049_gt3r,53,15.952167903875434,0.02365425841539531,0.015954578723455626,15.91738504256997,15.996538537820381,0.07915349525041115,3.2639657692630726,0.2591316476087279,12.0,0.1715111918592864,3.54,3.54,3.54,15.711511191859286,15.711511191859286,15.711511191859286,-0.2406567120161487,-0.2406567120161487,-0.2406567120161487,0.7477193696711111,True
80964,nikopol,Nikopol,47.554451,34.375355,10.0,2020-10-01,2020-10-01 02:51:05.068742400+00:00,2020,105,gt1l,105_gt1l,274,15.8216541770959,0.027569632072903225,0.018595462075342795,15.772666651693642,15.858208213410476,0.08554156171683402,8.439597738085544,7.7665343226259065,12.0,0.1715111918592864,3.53148592016,3.5100000000000002,3.5402476533600002,15.702997112019286,15.681511191859286,15.711758845219286,-0.11865706507661322,-0.14014298523661317,-0.10989533187661316,2.148592016,True
80964,nikopol,Nikopol,47.554451,34.375355,10.0,2020-10-01,2020-10-01 02:51:05.432842496+00:00,2020,105,gt1r,105_gt1r,63,15.88017793869232,0.022561143717705033,0.015217282960815481,15.832897084333254,15.91035503772828,0.07745795339502592,8.479501413741685,7.854043562898812,12.0,0.1715111918592864,3.5314849087708446,3.5100000000000002,3.540247484795141,15.70299610063013,15.681511191859286,15.711758676654428,-0.17718183806218946,-0.19866674683303387,-0.16841926203789193,2.1484908770844444,True
80964,nikopol,Nikopol,47.554451,34.375355,10.0,2021-03-31,2021-03-31 18:10:55.092418816+00:00,2021,105,gt2l,105_gt2l,400,16.148567773244135,0.020774077181639202,0.014011923095669232,16.11785849902766,16.21192712425819,0.0940686252305305,7.3095574125740495,6.144053944772024,12.0,0.1715111918592864,3.8119699501938964,3.81,3.817651641763615,15.983481142053183,15.981511191859287,15.9891628336229,-0.16508663119095246,-0.16705658138484836,-0.15940493962123448,1.1819701163377778,True
80964,nikopol,Nikopol,47.554451,34.375355,10.0,2021-03-31,2021-03-31 18:10:55.165618944+00:00,2021,105,gt1l,105_gt1l,143,16.222664419349115,0.024192374225442317,0.016317532864860596,16.175399601840464,16.25742160955011,0.08202200770964652,5.364047028115368,2.9858647923084276,12.0,0.1715111918592864,3.8119699840828445,3.81,3.817651658708089,15.983481175942131,15.981511191859287,15.989162850567375,-0.23918324340698405,-0.24115322748982848,-0.23350156878174033,1.1819904497066667,True
80964,nikopol,Nikopol,47.554451,34.375355,10.0,2021-03-31,2021-03-31 18:10:55.433818880+00:00,2021,105,gt2r,105_gt2r,1520,16.170629305935137,0.02015346676403892,0.013593327103762931,16.137650989241056,16.22225036550552,0.0845993762644639,7.26168159447003,6.234845911693667,12.0,0.1715111918592864,3.8119701082494815,3.81,3.8176517207914076,15.983481300108767,15.981511191859287,15.989162912650693,-0.18714800582636926,-0.18911811407584977,-0.18146639328444358,1.1820649496888889,True
80964,nikopol,Nikopol,47.554451,34.375355,10.0,2021-03-31,2021-03-31 18:10:55.487019008+00:00,2021,105,gt1r,105_gt1r,578,16.177097038201875,0.027469624986817442,0.018528008219895753,16.128037985286284,16.22444883059881,0.0964108453125263,5.3207675547617805,3.0238449562197087,12.0,0.1715111918592864,3.8119701328791704,3.81,3.817651733106252,15.983481324738458,15.981511191859287,15.98916292496554,-0.19361571346341755,-0.19558584634258835,-0.18793411323633613,1.1820797275022221,True
80964,nikopol,Nikopol,47.554451,34.375355,10.0,2021-03-31,2021-03-31 18:10:55.560018944+00:00,2021,105,gt3l,105_gt3l,417,16.120164484412857,0.01928821160734461,0.013009720495983146,16.082901626978032,16.158980627617535,0.07607900063950268,9.57915731357666,9.35750564141107,12.0,0.1715111918592864,3.811970166675437,3.81,3.8176517500043854,15.983481358534723,15.981511191859287,15.989162941863672,-0.13668312587813425,-0.1386532925535704,-0.1310015425491855,1.1821000052622221,True
80964,nikopol,Nikopol,47.554451,34.375355,10.0,2021-03-31,2021-03-31 18:10:55.936518912+00:00,2021,105,gt3r,105_gt3r,1585,16.095435779853354,0.020420370344198448,0.013773351102251752,16.05786189167231,16.128148747063857,0.07028685539154722,9.631175118838504,9.447270165066177,12.0,0.1715111918592864,3.8119703409809778,3.81,3.8176518371571557,15.983481532840264,15.981511191859287,15.989163029016442,-0.11195424701308987,-0.11392458799406668,-0.10627275083691146,1.1822045885866668,True
80964,nikopol,Nikopol,47.554451,34.375355,10.0,2021-04-11,2021-04-11 05:59:32.700930048+00:00,2021,265,gt3l,265_gt3l,67,16.192218292315868,0.017417174274745536,0.011747723104509333,16.1640406066645,16.22268996396464,0.05864935730014054,6.688100755482367,5.270824317151977,12.0,0.1715111918592864,3.829172985895822,3.83,3.8337594788437332,16.000684177755108,16.001511191859286,16.00527067070302,-0.19153411456075986,-0.19070710045658146,-0.18694762161284828,0.9924169250133333,True
80964,nikopol,Nikopol,47.554451,34.375355,10.0,2021-04-11,2021-04-11 05:59:32.851130112+00:00,2021,265,gt2l,265_gt2l,62,16.190920701009073,0.02124909166559694,0.01433231597571627,16.166861589953946,16.227288520385947,0.06042693043200131,5.095638039278816,2.061521850966161,12.0,0.1715111918592864,3.829172951127289,3.83,3.8337594266909334,16.000684142986575,16.001511191859286,16.00527061855022,-0.19023655802249806,-0.18940950914978671,-0.18565008245885295,0.9924586472533333,True
80964,nikopol,Nikopol,47.554451,34.375355,10.0,2021-04-11,2021-04-11 05:59:33.016430080+00:00,2021,265,gt1l,265_gt1l,35,16.229488404079138,0.023758886659259362,0.016025149507122194,16.198416963217102,16.249347930579717,0.050930967362614155,3.1454771218698614,1.1687389680100646,12.0,0.1715111918592864,3.8291729128634073,3.83,3.833759369295111,16.000684104722694,16.001511191859286,16.005270561154397,-0.22880429935644386,-0.22797721221985157,-0.224217842924741,0.9925045639111111,True
80964,nikopol,Nikopol,47.554451,34.375355,10.0,2021-04-11,2021-04-11 05:59:33.037730048+00:00,2021,265,gt3r,265_gt3r,269,16.160997135197672,0.01791095737506061,0.012080775242857555,16.107765472268596,16.192159524542365,0.08439405227376895,6.734303834498663,5.358370957779188,12.0,0.1715111918592864,3.8291729079328594,3.83,3.833759361899289,16.000684099792146,16.001511191859286,16.005270553758574,-0.160313035405526,-0.15948594333838528,-0.15572658143909734,0.9925104805688889,True
80964,nikopol,Nikopol,47.554451,34.375355,10.0,2021-04-11,2021-04-11 05:59:33.179130112+00:00,2021,265,gt2r,265_gt2r,196,16.21071751797531,0.01947656056619537,0.013136760128285019,16.176240123605375,16.23721461344008,0.06097448983470599,5.113344587141058,2.1448575590557146,12.0,0.1715111918592864,3.829172875201363,3.83,3.8337593128020444,16.00068406706065,16.001511191859286,16.00527050466133,-0.2100334509146613,-0.20920632611602485,-0.2054470133139823,0.9925497583644445,True
80964,nikopol,Nikopol,47.554451,34.375355,10.0,2021-04-11,2021-04-11 05:59:33.354430208+00:00,2021,265,gt1r,265_gt1r,145,16.241367018329356,0.019651927286970086,0.013255043360967278,16.2128271236542,16.275176569038123,0.06234944538392284,3.2004643410222684,1.0815699947781336,12.0,0.1715111918592864,3.829172834622637,3.83,3.8337592519339556,16.000684026481924,16.001511191859286,16.00527044379324,-0.24068299184743225,-0.23985582647006964,-0.23609657453611632,0.9925984528355556,True
80964,nikopol,Nikopol,47.554451,34.375355,10.0,2021-07-11,2021-07-11 01:39:22.562008832+00:00,2021,265,gt2l,265_gt2l,52,16.273999268489234,0.01711950683255307,0.011546949165353482,16.247778541318148,16.296539238540717,0.04876069722256915,9.525138406711092,9.322174406474069,12.0,0.1715111918592864,3.9172135560205628,3.92,3.92,16.088724747879848,16.091511191859286,16.091511191859286,-0.18527452060938643,-0.18248807662994793,-0.18248807662994793,3.3437327753244444,True
80964,nikopol,Nikopol,47.554451,34.375355,10.0,2021-07-11,2021-07-11 01:39:22.657108992+00:00,2021,265,gt1l,265_gt1l,73,16.29790641012372,0.02955487103407856,0.019934487410008472,16.232538591048595,16.337479381378735,0.10494079033014003,7.199985800477488,6.113622947381767,12.0,0.1715111918592864,3.917213578034489,3.92,3.92,16.088724769893773,16.091511191859286,16.091511191859286,-0.20918164022994645,-0.20639521826443286,-0.20639521826443286,3.3437063586133333,True
80964,nikopol,Nikopol,47.554451,34.375355,10.0,2021-07-11,2021-07-11 01:39:22.908709120+00:00,2021,265,gt2r,265_gt2r,176,16.31209593873716,0.014310905506011906,0.009652573523547758,16.277007307894472,16.335845326897832,0.05883801900336039,9.592867333674185,9.413342189101305,12.0,0.1715111918592864,3.9172136362752594,3.92,3.92,16.088724828134545,16.091511191859286,16.091511191859286,-0.2233711106026135,-0.2205847468778721,-0.2205847468778721,3.3436364696888887,True
80964,nikopol,Nikopol,47.554451,34.375355,10.0,2021-07-11,2021-07-11 01:39:22.988308992+00:00,2021,265,gt1r,265_gt1r,296,16.266891458297046,0.02183295609472922,0.014726127137953071,16.196951837917247,16.298958729535208,0.10200689161796106,7.2532276922957415,6.2022955961980255,12.0,0.1715111918592864,3.9172136547011553,3.92,3.92,16.088724846560442,16.091511191859286,16.091511191859286,-0.17816661173660364,-0.1753802664377595,-0.1753802664377595,3.3436143586133333,True
80964,nikopol,Nikopol,47.554451,34.375355,10.0,2021-08-09,2021-08-09 00:15:26.721197056+00:00,2021,705,gt3l,705_gt3l,45,16.13555098894291,0.01980394578639635,0.013357578434099793,16.099757330088494,16.163253141190552,0.06349581110205804,7.975082238091126,6.849023828390096,12.0,0.1715111918592864,3.7779042957421036,3.77,3.7872854812043855,15.94941548760139,15.941511191859286,15.958796673063672,-0.18613550134151957,-0.19403979708362407,-0.17675431587923818,4.7425774452622225,True
80964,nikopol,Nikopol,47.554451,34.375355,10.0,2021-08-09,2021-08-09 00:15:27.056997120+00:00,2021,705,gt3r,705_gt3r,197,16.133949870261986,0.02125634876972629,0.014337210825392077,16.085179981456747,16.17500533272033,0.08982535126358115,7.966335426399073,6.756279663702066,12.0,0.1715111918592864,3.777904140279111,3.77,3.787285403472889,15.949415332138397,15.941511191859286,15.958796595332176,-0.18453453812358944,-0.19243867840270035,-0.17515327492981037,4.7424841674666665,True
80964,nikopol,Nikopol,47.554451,34.375355,10.0,2021-08-09,2021-08-09 00:15:27.984797184+00:00,2021,705,gt2r,705_gt2r,11,16.11441186416218,0.019082481815321142,0.012870957652314274,16.09369054231027,16.12961950199311,0.03592895968283827,9.97713132974834,9.967752576672314,12.0,0.1715111918592864,3.7779037107420446,3.77,3.787285188704356,15.949414902601331,15.941511191859286,15.958796380563642,-0.1649969615608473,-0.17290067230289274,-0.15561548359853639,4.742226445226667,True
80964,nikopol,Nikopol,47.554451,34.375355,10.0,2021-08-31,2021-08-31 10:54:35.943371520+00:00,2021,1049,gt3l,1049_gt3l,61,15.920496812133134,0.021378308908741615,0.014419471812182394,15.888334249473282,15.953242228317375,0.0649079788440936,4.698393777793459,2.7650760376814185,12.0,0.1715111918592864,3.5949249868915554,3.59,3.599204173220889,15.766436178750842,15.761511191859286,15.770715365080175,-0.1540606333822918,-0.15898562027384777,-0.14978144705295904,5.9099842698666665,True
80964,nikopol,Nikopol,47.554451,34.375355,10.0,2021-08-31,2021-08-31 10:54:36.023571456+00:00,2021,1049,gt2l,1049_gt2l,59,15.916963249694412,0.01871302941310434,0.012621765420952613,15.883403745188195,15.944669299918084,0.06126555472988926,7.1780650224261375,5.9720390336369755,12.0,0.1715111918592864,3.5949250054563557,3.59,3.599204163938489,15.766436197315642,15.761511191859286,15.770715355797774,-0.15052705237877007,-0.1554520578351255,-0.1462478938966374,5.910006547626667,True
80964,nikopol,Nikopol,47.554451,34.375355,10.0,2021-08-31,2021-08-31 10:54:36.296271360+00:00,2021,1049,gt3r,1049_gt3r,226,15.893995547532628,0.018386897595551524,0.01240179252364193,15.865732477118016,15.929546047648605,0.06381357053058956,4.577648180538028,2.682548176916395,12.0,0.1715111918592864,3.5949250685813334,3.59,3.5992041323760002,15.766436260440619,15.761511191859286,15.770715324235287,-0.1275592870920086,-0.13248435567334127,-0.1232802232973409,5.9100822976,True
80964,nikopol,Nikopol,47.554451,34.375355,10.0,2021-08-31,2021-08-31 10:54:36.338671360+00:00,2021,1049,gt2r,1049_gt2r,178,15.93818798772802,0.01840209029884717,0.012412039861626312,15.902102182433415,15.96992888949344,0.06782670706002492,7.07059512474758,5.884311351885126,12.0,0.1715111918592864,3.594925078396148,3.59,3.599204127468593,15.766436270255435,15.761511191859286,15.770715319327879,-0.17175171747258489,-0.1766767958687332,-0.16747266840014063,5.910094075377778,True
80964,nikopol,Nikopol,47.554451,34.375355,10.0,2021-08-31,2021-08-31 10:54:36.606271488+00:00,2021,1049,gt1l,1049_gt1l,41,15.943766822249291,0.019208453932248182,0.012955924681133268,15.903034849144895,15.970360784520366,0.0673259353754716,9.520599919915904,9.182519000693818,12.0,0.1715111918592864,3.594925140340622,3.59,3.5992040964963556,15.766436332199909,15.761511191859286,15.770715288355643,-0.17733049004938195,-0.1822556303900047,-0.17305153389364847,5.910168408746666,True
80964,nikopol,Nikopol,47.554451,34.375355,10.0,2021-08-31,2021-08-31 10:54:36.902671616+00:00,2021,1049,gt1r,1049_gt1r,172,15.91815989509575,0.013543349301847125,0.009134863956459682,15.89166359607326,15.94329362752789,0.0516300314546303,9.45456774541115,9.08930962597849,12.0,0.1715111918592864,3.594925208951763,3.59,3.5992040621907853,15.766436400811049,15.761511191859286,15.770715254050073,-0.15172349428470078,-0.1566487032364634,-0.14744464104567712,5.910250742115555,True
80964,nikopol,Nikopol,47.554451,34.375355,10.0,2021-11-30,2021-11-30 06:34:33.341873152+00:00,2021,1049,gt3l,1049_gt3l,259,16.03369210950502,0.0295215648599683,0.019912022703337584,15.98703322660281,16.08141514472294,0.09438191812012953,6.751676979297877,5.717564511305232,12.0,0.1715111918592864,3.6885601792547553,3.69,3.6814266965424594,15.860071371114042,15.861511191859286,15.852937888401746,-0.17362073839097647,-0.17218091764573273,-0.18075422110327288,0.5759282980977778,True
80964,nikopol,Nikopol,47.554451,34.375355,10.0,2021-11-30,2021-11-30 06:34:33.399572992+00:00,2021,1049,gt2l,1049_gt2l,89,16.052593810364836,0.033425634166294196,0.0225452813748106,16.00408093455342,16.09198347364029,0.08790253908686907,3.553210492201934,2.5139045955399957,12.0,0.1715111918592864,3.688560139185422,3.69,3.6814266898642374,15.86007133104471,15.861511191859286,15.852937881723523,-0.192522479320127,-0.19108261850555053,-0.1996559286413131,0.5759443258311111,True
80964,nikopol,Nikopol,47.554451,34.375355,10.0,2021-11-30,2021-11-30 06:34:33.440573184+00:00,2021,1049,gt1l,1049_gt1l,60,16.039628348208428,0.0336542288743066,0.02269946639303022,15.993151572438958,16.090473493468537,0.09732192102957882,1.547768652154615,0.6921021651799608,12.0,0.1715111918592864,3.6885601107130666,3.69,3.6814266851188444,15.860071302572353,15.861511191859286,15.85293787697813,-0.17955704563607533,-0.17811715634914194,-0.18669047123029792,0.5759557147733333,True
80964,nikopol,Nikopol,47.554451,34.375355,10.0,2021-11-30,2021-11-30 06:34:33.681773312+00:00,2021,1049,gt3r,1049_gt3r,64,16.137592347138387,0.03171967151762924,0.021394625332273876,16.063009217080722,16.177786832304204,0.11477761522348118,6.839200233155937,5.794074849801369,12.0,0.1715111918592864,3.6885599432129776,3.69,3.681426657202163,15.860071135072264,15.861511191859286,15.85293784906145,-0.277521212066123,-0.27608115527910115,-0.28465449807693766,0.5760227148088889,True
80964,nikopol,Nikopol,47.554451,34.375355,10.0,2021-11-30,2021-11-30 06:34:33.750073088+00:00,2021,1049,gt2r,1049_gt2r,28,16.114675335380618,0.04060139633001561,0.027385266646442474,16.072505445147275,16.167851148156604,0.09534570300932899,3.3560951501714404,2.5884885265529967,12.0,0.1715111918592864,3.6885598957825776,3.69,3.6814266492970966,15.860071087641865,15.861511191859286,15.852937841156383,-0.2546042477387527,-0.25316414352133165,-0.261737494224235,0.5760416869688889,True
80964,nikopol,Nikopol,47.554451,34.375355,10.0,2021-11-30,2021-11-30 06:34:34.376973056+00:00,2021,1049,gt1r,1049_gt1r,13,16.03683427069377,0.026227886448322742,0.017690467049995107,15.997910425536604,16.10145309815518,0.10354267261857508,1.1654652198214355,0.6259448119017906,12.0,0.1715111918592864,3.6885594604353775,3.69,3.68142657673923,15.860070652294665,15.861511191859286,15.852937768598517,-0.17676361839910548,-0.1753230788344844,-0.1838965020952532,0.5762158258488889,True
80971,velyka_lepetykha,Velyka Lepetykha,47.175331,33.931094,2.0,2020-07-06,2020-07-06 07:02:55.480419584+00:00,2020,165,gt3l,165_gt3l,12,16.046621871822744,0.020758982282720193,0.014001741725833128,16.019204241185637,16.063811530248163,0.04460728906252598,1.9822470865645159,1.9733272625015927,12.0,0.17922703147663743,3.723170851463348,3.73,3.71,15.902397882939985,15.909227031476638,15.889227031476638,-0.144223988882759,-0.13739484034610605,-0.15739484034610562,2.0487445609955555,True
80971,velyka_lepetykha,Velyka Lepetykha,47.175331,33.931094,2.0,2020-09-12,2020-09-12 16:03:51.385491712+00:00,2020,1209,gt2l,1209_gt2l,17,15.920033899257291,0.011074020605300931,0.00746932456852889,15.897948706360909,15.939286760721096,0.041338054360187115,1.9817253514454005,1.9726376885575057,12.0,0.17922703147663743,3.503898859384593,3.5,3.527056552605126,15.68312589086123,15.679227031476637,15.706283584081763,-0.2369080083960604,-0.24080686778065363,-0.21375031517552756,0.9357262523022222,True
80971,velyka_lepetykha,Velyka Lepetykha,47.175331,33.931094,3.0,2020-07-06,2020-07-06 07:02:55.329919488+00:00,2020,165,gt3l,165_gt3l,70,16.04624453547939,0.023646621772258125,0.015949427878226174,16.003405380413643,16.07630302717769,0.07289764676404786,2.2592587536574307,1.9733272625015927,12.0,0.17922703147663743,3.723170990815289,3.73,3.71,15.902398022291926,15.909227031476638,15.889227031476638,-0.14384651318746222,-0.1370175040027508,-0.15701750400275039,2.0487027554133332,True
80971,velyka_lepetykha,Velyka Lepetykha,47.175331,33.931094,3.0,2020-07-06,2020-07-06 07:02:55.683919360+00:00,2020,165,gt3r,165_gt3r,21,16.091705338839777,0.01515533452118301,0.01022213309131459,16.05956830653671,16.120082891603882,0.06051458506717111,2.217410517384523,1.888940906841095,12.0,0.17922703147663743,3.72317066303763,3.73,3.71,15.902397694514267,15.909227031476638,15.889227031476638,-0.18930764432550973,-0.18247830736313908,-0.20247830736313865,2.048801088711111,True
80971,velyka_lepetykha,Velyka Lepetykha,47.175331,33.931094,3.0,2020-09-12,2020-09-12 16:03:51.116591616+00:00,2020,1209,gt2l,1209_gt2l,110,15.912955708657151,0.013997881249721402,0.00944144155518778,15.890478271606616,15.937295034260748,0.046816762654131594,2.317261464437246,1.9726376885575057,12.0,0.17922703147663743,3.5038991706115556,3.5,3.5270565837278225,15.683126202088193,15.679227031476637,15.70628361520446,-0.22982950656895795,-0.2337286771805136,-0.20667209345269022,0.9358009467733334,True
80971,velyka_lepetykha,Velyka Lepetykha,47.175331,33.931094,3.0,2020-09-12,2020-09-12 16:03:51.469391616+00:00,2020,1209,gt2r,1209_gt2r,34,15.893785563618662,0.015465010320906362,0.010431006556661515,15.872709091475384,15.915665098672221,0.04295600719683712,2.406141793852482,2.0616234739019323,12.0,0.17922703147663743,3.5038987622782223,3.5,3.527056542894489,15.68312579375486,15.679227031476637,15.706283574371126,-0.21065976986380264,-0.21455853214202492,-0.18750198924753647,0.9357029467733333,True
80971,velyka_lepetykha,Velyka Lepetykha,47.175331,33.931094,3.0,2021-10-03,2021-10-03 09:22:20.291975424+00:00,2021,165,gt1l,165_gt1l,34,15.815568038971197,0.02029601011084112,0.013689471274005882,15.78009977340799,15.853348066512943,0.07324829310495318,2.5323645244545774,2.322759204660849,12.0,0.17922703147663743,3.505425655578311,3.52,3.5,15.684652687054948,15.699227031476637,15.679227031476637,-0.13091535191624892,-0.11634100749455989,-0.13634100749455946,4.372303326506667,True
80971,velyka_lepetykha,Velyka Lepetykha,47.175331,33.931094,5.0,2020-07-06,2020-07-06 07:02:55.329919488+00:00,2020,165,gt3l,165_gt3l,118,16.043566232439087,0.025267576275960154,0.017042746712505163,16.005562558428107,16.078839952696264,0.07327739426815683,2.9546248573601597,1.9733272625015927,12.0,0.17922703147663743,3.723170990815289,3.73,3.71,15.902398022291926,15.909227031476638,15.889227031476638,-0.14116821014716052,-0.1343392009624491,-0.15433920096244869,2.0487027554133332,True
80971,velyka_lepetykha,Velyka Lepetykha,47.175331,33.931094,5.0,2020-07-06,2020-07-06 07:02:55.683919360+00:00,2020,165,gt3r,165_gt3r,35,16.09295011667644,0.017041468254076337,0.011494312865288236,16.059482267767592,16.120480642129436,0.0609983743618443,2.9206707280996995,1.888940906841095,12.0,0.17922703147663743,3.72317066303763,3.73,3.71,15.902397694514267,15.909227031476638,15.889227031476638,-0.19055242216217394,-0.1837230851998033,-0.20372308519980287,2.048801088711111,True
80971,velyka_lepetykha,Velyka Lepetykha,47.175331,33.931094,5.0,2020-09-12,2020-09-12 16:03:50.767691520+00:00,2020,1209,gt1l,1209_gt1l,72,15.913613199154634,0.016953177480442064,0.01143476155432488,15.890641465985023,15.937336714139857,0.04669524815483328,4.015022485567253,3.107745281666501,12.0,0.17922703147663743,3.503899574431111,3.5,3.527056624109778,15.683126605907749,15.679227031476637,15.706283655586416,-0.23048659324688536,-0.23438616767799658,-0.20732954356821764,0.9358978634666667,True
80971,velyka_lepetykha,Velyka Lepetykha,47.175331,33.931094,5.0,2020-09-12,2020-09-12 16:03:50.790791424+00:00,2020,1209,gt2l,1209_gt2l,162,15.9128198897728,0.014199246327659851,0.009577260439538549,15.885104882212904,15.93598484827577,0.050879966062867155,2.847545628326558,1.9726376885575057,12.0,0.17922703147663743,3.503899547695111,3.5,3.527056621436178,15.683126579171748,15.679227031476637,15.706283652912814,-0.2296933106010517,-0.23359285829616283,-0.20653623685998568,0.9358914468266667,True
80971,velyka_lepetykha,Velyka Lepetykha,47.175331,33.931094,5.0,2020-09-12,2020-09-12 16:03:51.121191680+00:00,2020,1209,gt1r,1209_gt1r,18,15.885587862200353,0.009915758000838774,0.00668808714477187,15.865495516420957,15.901560767986984,0.036065251566027356,3.912696551934762,2.9742959072096986,12.0,0.17922703147663743,3.5038991652874074,3.5,3.5270565831954075,15.683126196764045,15.679227031476637,15.706283614672044,-0.20246166543630828,-0.2063608307237157,-0.1793042475283091,0.9357996689777778,True
80971,velyka_lepetykha,Velyka Lepetykha,47.175331,33.931094,5.0,2020-09-12,2020-09-12 16:03:51.152791808+00:00,2020,1209,gt2r,1209_gt2r,50,15.893785563618662,0.01472212380162809,0.00992993646406859,15.873398298375752,15.918259001492034,0.04486070311628154,2.905009629897279,2.0616234739019323,12.0,0.17922703147663743,3.503899128713185,3.5,3.5270565795379856,15.683126160189822,15.679227031476637,15.706283611014623,-0.21065940342884026,-0.21455853214202492,-0.18750195260403935,0.9357908911644445,True
80971,velyka_lepetykha,Velyka Lepetykha,47.175331,33.931094,5.0,2021-03-13,2021-03-13 07:23:34.877965568+00:00,2021,1209,gt1l,1209_gt1l,21,15.984766909440133,0.025332620059776774,0.017086618143650867,15.953937669887186,16.03575050900115,0.0818128391139652,4.055965761054253,3.6405322000566898,12.0,0.17922703147663743,3.62,3.62,3.627603686833452,15.799227031476638,15.799227031476638,15.80683071831009,-0.18553987796349425,-0.18553987796349425,-0.17793619113004233,1.3930216571022223,True
80971,velyka_lepetykha,Velyka Lepetykha,47.175331,33.931094,5.0,2021-03-13,2021-03-13 07:23:35.220065536+00:00,2021,1209,gt1r,1209_gt1r,78,15.961310801107416,0.020170823784143817,0.013605034253435733,15.927759581219942,15.998636543608823,0.07087696238888164,4.122001879379602,3.7343700881328,12.0,0.17922703147663743,3.62,3.62,3.627603409669126,15.799227031476638,15.799227031476638,15.806830441145763,-0.16208376963077775,-0.16208376963077775,-0.15448035996165288,1.3931166848711112,True
80971,velyka_lepetykha,Velyka Lepetykha,47.175331,33.931094,5.0,2021-10-03,2021-10-03 09:22:20.291975424+00:00,2021,165,gt1l,165_gt1l,55,15.821959068834765,0.02572584968873211,0.017351847894733652,15.790118577590283,15.867678068851125,0.0775594912608426,3.2821136329773806,2.322759204660849,12.0,0.17922703147663743,3.505425655578311,3.52,3.5,15.684652687054948,15.699227031476637,15.679227031476637,-0.13730638177981724,-0.12273203735812821,-0.14273203735812778,4.372303326506667,True
80971,velyka_lepetykha,Velyka Lepetykha,47.175331,33.931094,5.0,2021-10-03,2021-10-03 09:22:20.650875392+00:00,2021,165,gt1r,165_gt1r,11,15.915033447320443,0.013081926236906499,0.008823638362947861,15.890866484639686,15.928894665117493,0.03802818047780754,3.4308716444201646,2.3143955857654457,12.0,0.17922703147663743,3.505425323263526,3.52,3.5,15.684652354740164,15.699227031476637,15.679227031476637,-0.23038109258027895,-0.21580641584380622,-0.2358064158438058,4.372403020942222,True
80971,velyka_lepetykha,Velyka Lepetykha,47.175331,33.931094,10.0,2020-04-06,2020-04-06 11:23:09.519580928+00:00,2020,165,gt3l,165_gt3l,56,16.01957625020984,0.01708831133056319,0.011525908087524073,15.993455891407201,16.03732662910646,0.0438707376992582,9.485149851944742,9.295127340263274,12.0,0.17922703147663743,3.688713407795437,3.67,3.6949707867945185,15.867940439272074,15.849227031476637,15.874197818271156,-0.15163581093776735,-0.17034921873320386,-0.14537843193868483,5.614022338631111,True
80971,velyka_lepetykha,Velyka Lepetykha,47.175331,33.931094,10.0,2020-04-06,2020-04-06 11:23:09.819181056+00:00,2020,165,gt3r,165_gt3r,275,15.953923652100613,0.018799397979582848,0.012680020220951604,15.863714389122205,15.985606215509181,0.12189182638697638,9.455585484846594,9.199154021319794,12.0,0.17922703147663743,3.688713130387911,3.67,3.694970960174222,15.867940161864547,15.849227031476637,15.87419799165086,-0.08598349023606566,-0.10469662062397589,-0.07972566044975338,5.613939116373333,True
80971,velyka_lepetykha,Velyka Lepetykha,47.175331,33.931094,10.0,2020-07-06,2020-07-06 07:02:54.790619648+00:00,2020,165,gt1l,165_gt1l,174,16.04802699768478,0.017413200670567612,0.011745042945209505,16.020542959579828,16.078504331081078,0.057961371501249914,8.811719715155615,8.395489402397455,12.0,0.17922703147663743,3.7231714901669926,3.73,3.71,15.90239852164363,15.909227031476638,15.889227031476638,-0.14562847604114992,-0.1387999662081416,-0.15879996620814119,2.048552949902222,True
80971,velyka_lepetykha,Velyka Lepetykha,47.175331,33.931094,10.0,2020-07-06,2020-07-06 07:02:55.040519424+00:00,2020,165,gt2l,165_gt2l,121,16.055655588046886,0.020395380466386462,0.01375649566058712,16.025275973517555,16.09196136592953,0.06668539241197635,5.699256013243512,5.1845896105547675,12.0,0.17922703147663743,3.723171258778311,3.73,3.71,15.902398290254949,15.909227031476638,15.889227031476638,-0.15325729779193686,-0.1464285565702479,-0.16642855657024747,2.0486223665066667,True
80971,velyka_lepetykha,Velyka Lepetykha,47.175331,33.931094,10.0,2020-07-06,2020-07-06 07:02:55.126819584+00:00,2020,165,gt1r,165_gt1r,52,16.065652232970095,0.015481306043763483,0.010441997871147635,16.046226409081903,16.092745119547086,0.04651871046518252,8.745688845264665,8.312295533870264,12.0,0.17922703147663743,3.7231711788707553,3.73,3.71,15.902398210347393,15.909227031476638,15.889227031476638,-0.16325402262270217,-0.15642520149345707,-0.17642520149345664,2.048646338773333,True
80971,velyka_lepetykha,Velyka Lepetykha,47.175331,33.931094,10.0,2020-07-06,2020-07-06 07:02:55.329919488+00:00,2020,165,gt3l,165_gt3l,172,16.047122020472255,0.026999367061644186,0.018210823594795755,16.008523575667056,16.08851079188751,0.07998721622045579,4.0631881294910634,1.9733272625015927,12.0,0.17922703147663743,3.723170990815289,3.73,3.71,15.902398022291926,15.909227031476638,15.889227031476638,-0.14472399818032855,-0.13789498899561714,-0.15789498899561671,2.0487027554133332,True
80971,velyka_lepetykha,Velyka Lepetykha,47.175331,33.931094,10.0,2020-07-06,2020-07-06 07:02:55.490919680+00:00,2020,165,gt2r,165_gt2r,40,16.059830684430615,0.018206581093620833,0.012280170709308535,16.038039796345135,16.09240618044094,0.054366384095803966,5.523695836920468,5.098490711348341,12.0,0.17922703147663743,3.723170841741037,3.73,3.71,15.902397873217675,15.909227031476638,15.889227031476638,-0.1574328112129404,-0.15060365295397737,-0.17060365295397695,2.048747477688889,True
80971,velyka_lepetykha,Velyka Lepetykha,47.175331,33.931094,10.0,2020-07-06,2020-07-06 07:02:55.683919360+00:00,2020,165,gt3r,165_gt3r,54,16.094443853905076,0.020399376721202074,0.013759191097532764,16.061675707824087,16.12690359650285,0.06522788867876272,4.219251332577212,1.888940906841095,12.0,0.17922703147663743,3.72317066303763,3.73,3.71,15.902397694514267,15.909227031476638,15.889227031476638,-0.19204615939080938,-0.18521682242843873,-0.2052168224284383,2.048801088711111,True
80971,velyka_lepetykha,Velyka Lepetykha,47.175331,33.931094,10.0,2020-09-12,2020-09-12 16:03:50.052991744+00:00,2020,1209,gt1l,1209_gt1l,241,15.90864524589438,0.014738356277614639,0.009940885119124943,15.886359304161171,15.932600118156977,0.04624081399580504,6.449929178927879,3.107745281666501,12.0,0.17922703147663743,3.503900401629926,3.5,3.5270567068296597,15.683127433106563,15.679227031476637,15.706283738306297,-0.22551781278781746,-0.22941821441774302,-0.20236150758808336,0.9360963911822222,True
80971,velyka_lepetykha,Velyka Lepetykha,47.175331,33.931094,10.0,2020-09-12,2020-09-12 16:03:50.053191680+00:00,2020,1209,gt2l,1209_gt2l,295,15.912813889533773,0.014494988251282377,0.009776735634211775,15.89043784277856,15.935816826494776,0.045378983716215515,4.961096369341018,1.9726376885575057,12.0,0.17922703147663743,3.5039004013985187,3.5,3.5270567068065186,15.683127432875155,15.679227031476637,15.706283738283156,-0.22968645665861764,-0.23358685805713542,-0.20653015125061636,0.9360963356444445,True
80971,velyka_lepetykha,Velyka Lepetykha,47.175331,33.931094,10.0,2020-09-12,2020-09-12 16:03:50.221191680+00:00,2020,1209,gt3l,1209_gt3l,257,15.933760403798647,0.019591318394473884,0.01321416322303648,15.896741123156252,15.96233245462685,0.06559133147059804,5.830758430345602,5.186283301735579,12.0,0.17922703147663743,3.503900206954074,3.5,3.5270566873620743,15.683127238430712,15.679227031476637,15.706283718838712,-0.250633165367935,-0.25453337232201,-0.22747668495993523,0.9360496689777777,True
80971,velyka_lepetykha,Velyka Lepetykha,47.175331,33.931094,10.0,2020-09-12,2020-09-12 16:03:50.397091584+00:00,2020,1209,gt2r,1209_gt2r,95,15.894644194666135,0.014594963589135843,0.009844168075769488,15.873597046093964,15.917770615970866,0.04417356987690191,5.1344266969031604,2.0616234739019323,12.0,0.17922703147663743,3.503900003366222,3.5,3.527056667003289,15.68312703484286,15.679227031476637,15.706283698479927,-0.21151715982327524,-0.21541716318949788,-0.18836049618620798,0.9360008078933333,True
80971,velyka_lepetykha,Velyka Lepetykha,47.175331,33.931094,10.0,2020-09-12,2020-09-12 16:03:50.407291648+00:00,2020,1209,gt1r,1209_gt1r,58,15.889564086771857,0.014183466706622736,0.009566617230960972,15.864245481718969,15.914947461623463,0.050701979904493655,6.340874989980505,2.9742959072096986,12.0,0.17922703147663743,3.5038999915605924,3.5,3.5270566658227263,15.68312702303723,15.679227031476637,15.706283697299364,-0.20643706373462756,-0.21033705529521995,-0.18328038947249325,0.9359979745422222,True
80971,velyka_lepetykha,Velyka Lepetykha,47.175331,33.931094,10.0,2020-09-12,2020-09-12 16:03:50.566991616+00:00,2020,1209,gt3r,1209_gt3r,64,15.922512670018845,0.017295971483426834,0.011665972941742098,15.895954568078295,15.9502596137297,0.05430504565140559,5.960685219817773,5.273822722548976,12.0,0.17922703147663743,3.5038998067226665,3.5,3.5270566473389335,15.683126838199303,15.679227031476637,15.706283678815572,-0.23938583181954165,-0.24328563854220775,-0.21622899120327332,0.93595361344,True
80971,velyka_lepetykha,Velyka Lepetykha,47.175331,33.931094,10.0,2020-10-05,2020-10-05 02:42:40.935680256+00:00,2020,165,gt3l,165_gt3l,230,15.95492226670589,0.017403131045720402,0.011738251076298667,15.910792185782993,15.978805476000533,0.06801329021753943,7.854553807338403,6.863709030884712,12.0,0.17922703147663743,3.5128352826672002,3.5300000000000002,3.5021392137778666,15.692062314143838,15.709227031476638,15.681366245254504,-0.2628599525620512,-0.24569523522925074,-0.2735560214513857,2.288628977706667,True
80971,velyka_lepetykha,Velyka Lepetykha,47.175331,33.931094,10.0,2020-10-05,2020-10-05 02:42:41.320180224+00:00,2020,165,gt3r,165_gt3r,61,15.970044682597162,0.020968018488950902,0.014142734715331784,15.93895457901904,15.994998077776152,0.056043498757112786,7.846292472638857,6.77465994322771,12.0,0.17922703147663743,3.5128360837088004,3.5300000000000002,3.5021393472848,15.692063115185437,15.709227031476638,15.681366378761437,-0.2779815674117252,-0.260817651120524,-0.28867830383572546,2.28852217216,True
80971,velyka_lepetykha,Velyka Lepetykha,47.175331,33.931094,10.0,2021-03-13,2021-03-13 07:23:34.781365760+00:00,2021,1209,gt1l,1209_gt1l,24,15.985589673603844,0.025578250759145053,0.017252293780618544,15.955641400138628,16.034877158927607,0.07923575878897893,4.198078786910312,3.6405322000566898,12.0,0.17922703147663743,3.62,3.62,3.6276037650971853,15.799227031476638,15.799227031476638,15.806830796573822,-0.18636264212720555,-0.18636264212720555,-0.17875887703002213,1.3929948238222223,True
80971,velyka_lepetykha,Velyka Lepetykha,47.175331,33.931094,10.0,2021-03-13,2021-03-13 07:23:35.071565568+00:00,2021,1209,gt2l,1209_gt2l,11,15.928808124495625,0.02622273529303342,0.01768699264335183,15.87559456626857,15.957443816034681,0.08184924976611185,6.917339394516092,6.85035107795271,12.0,0.17922703147663743,3.62,3.62,3.6276035299816,15.799227031476638,15.799227031476638,15.806830561458238,-0.12958109301898624,-0.12958109301898624,-0.12197756303738672,1.39307543488,True
80971,velyka_lepetykha,Velyka Lepetykha,47.175331,33.931094,10.0,2021-03-13,2021-03-13 07:23:35.096565504+00:00,2021,1209,gt1r,1209_gt1r,88,15.95912007024694,0.02128950301544309,0.014359573057765473,15.925603217465564,15.998276208191204,0.07267299072563915,4.252973410071544,3.7343700881328,12.0,0.17922703147663743,3.62,3.62,3.6276035097270225,15.799227031476638,15.799227031476638,15.80683054120366,-0.15989303877030103,-0.15989303877030103,-0.15228952904327997,1.3930823793066667,True
80971,velyka_lepetykha,Velyka Lepetykha,47.175331,33.931094,10.0,2021-03-13,2021-03-13 07:23:35.386765568+00:00,2021,1209,gt2r,1209_gt2r,64,15.961521697244393,0.03424245515966238,0.023096219586983935,15.912339029582348,16.00286335915366,0.09052432957131273,7.481380346179496,6.944520505853325,12.0,0.17922703147663743,3.62,3.62,3.62760327461123,15.799227031476638,15.799227031476638,15.806830306087868,-0.16229466576775486,-0.16229466576775486,-0.15469139115652553,1.3931629904355556,True
80971,velyka_lepetykha,Velyka Lepetykha,47.175331,33.931094,10.0,2021-05-14,2021-05-14 04:27:23.103676928+00:00,2021,769,gt1l,769_gt1l,117,15.954084596265101,0.02030792203848512,0.013697505759129314,15.919961088668288,15.982215757947447,0.06225466927915946,8.86381901821416,8.518594693130416,12.0,0.17922703147663743,3.45,3.45,3.4462136814066966,15.629227031476637,15.629227031476637,15.625440712883334,-0.3248575647884646,-0.3248575647884646,-0.3286438833817673,0.5435823119644444,True
80971,velyka_lepetykha,Velyka Lepetykha,47.175331,33.931094,10.0,2021-05-14,2021-05-14 04:27:23.450377216+00:00,2021,769,gt1r,769_gt1r,432,15.867509793645574,0.022463787491976823,0.015151617086184288,15.832469899711679,15.900737063499532,0.06826716378785314,8.985889340504379,8.603999020899675,12.0,0.17922703147663743,3.45,3.45,3.446213761661393,15.629227031476637,15.629227031476637,15.625440793138031,-0.23828276216893762,-0.23828276216893762,-0.2420690005075432,0.5434860063288889,True
80971,velyka_lepetykha,Velyka Lepetykha,47.175331,33.931094,10.0,2021-10-03,2021-10-03 09:22:20.291975424+00:00,2021,165,gt1l,165_gt1l,82,15.823548520456448,0.02645460719651117,0.01784338809962982,15.78562220738362,15.874249250252202,0.08862704286858225,4.422182271276665,2.322759204660849,12.0,0.17922703147663743,3.505425655578311,3.52,3.5,15.684652687054948,15.699227031476637,15.679227031476637,-0.13889583340150047,-0.12432148897981143,-0.144321488979811,4.372303326506667,True
80971,velyka_lepetykha,Velyka Lepetykha,47.175331,33.931094,10.0,2021-10-03,2021-10-03 09:22:20.650875392+00:00,2021,165,gt1r,165_gt1r,17,15.921609359490827,0.01736745253713626,0.011714186251946757,15.889688164884214,15.947995286011546,0.058307121127331385,4.545574368254968,2.3143955857654457,12.0,0.17922703147663743,3.505425323263526,3.52,3.5,15.684652354740164,15.699227031476637,15.679227031476637,-0.2369570047506624,-0.22238232801418967,-0.24238232801418924,4.372403020942222,True
80971,velyka_lepetykha,Velyka Lepetykha,47.175331,33.931094,10.0,2021-10-03,2021-10-03 09:22:20.923175424+00:00,2021,165,gt2l,165_gt2l,56,15.85733498117596,0.0218906546714487,0.014765044294785312,15.820732357697754,15.895780545477773,0.07504818778001976,7.529600833324058,3.123544109139307,12.0,0.17922703147663743,3.5054250711338666,3.52,3.5,15.684652102610505,15.699227031476637,15.679227031476637,-0.17268287856545506,-0.15810794969932296,-0.17810794969932253,4.37247865984,True
80971,velyka_lepetykha,Velyka Lepetykha,47.175331,33.931094,10.0,2021-10-03,2021-10-03 09:22:21.178575616+00:00,2021,165,gt3l,165_gt3l,55,15.853350016342915,0.024646959605703556,0.016624146503239956,15.809371430200327,15.89445914754092,0.08508771734059195,8.127958145130206,6.4376408922817605,12.0,0.17922703147663743,3.5054248346522074,3.52,3.5,15.684651866128844,15.699227031476637,15.679227031476637,-0.16869815021407142,-0.1541229848662784,-0.17412298486627797,4.372549604337777,True
80971,velyka_lepetykha,Velyka Lepetykha,47.175331,33.931094,10.0,2021-10-03,2021-10-03 09:22:21.547275520+00:00,2021,165,gt3r,165_gt3r,13,15.88712126456938,0.01368620805901678,0.009231220868080925,15.847551489029879,15.931312782004508,0.08376129297462853,8.268852278985873,6.634671733990944,12.0,0.17922703147663743,3.5054244932634075,3.52,3.5,15.684651524740046,15.699227031476637,15.679227031476637,-0.20246973982933447,-0.18789423309274333,-0.2078942330927429,4.372652020977778,True
80971,velyka_lepetykha,Velyka Lepetykha,47.175331,33.931094,10.0,2021-10-03,2021-10-03 09:22:21.757275648+00:00,2021,165,gt2r,165_gt2r,16,15.8336393643626,0.02115916072044055,0.01427165838421729,15.786492471370549,15.864704972554247,0.07821250118369782,8.300250492613419,6.554978707155044,12.0,0.17922703147663743,3.5054242988188444,3.52,3.5,15.684651330295482,15.699227031476637,15.679227031476637,-0.14898803406711814,-0.13441233288596344,-0.154412332885963,4.372710354346666,True
80971,velyka_lepetykha,Velyka Lepetykha,47.175331,33.931094,10.0,2021-12-10,2021-12-10 18:23:18.404727296+00:00,2021,1209,gt1l,1209_gt1l,19,16.025679448806358,0.021009145735064273,0.014170474662797972,16.006983559771555,16.062908542963395,0.05592498319184003,5.531419372362002,4.853568599176525,12.0,0.17922703147663743,3.6835607527778373,3.68,3.6914566715909336,15.862787784254474,15.859227031476637,15.870683703067572,-0.16289166455188386,-0.1664524173297206,-0.15499574573878583,0.3884457575822222,True
80977,nova_kakhovka,Nova Kakhovka,46.775432,33.374615,1.0,2020-04-16,2020-04-16 23:12:05.231749888+00:00,2020,325,gt3l,325_gt3l,10,15.69920523983256,0.011761364346103496,0.007932931570284296,15.68057274344455,15.713990236014006,0.033417492569455476,0.8377642721852642,0.7650640142696576,12.0,0.2156529211854059,3.4940290652771555,3.61,3.535089994126015,15.709681986462561,15.825652921185405,15.75074291531142,0.010476746630001088,0.126447681352845,0.05153767547886012,5.798546736142222,True
80977,nova_kakhovka,Nova Kakhovka,46.775432,33.374615,1.0,2020-04-16,2020-04-16 23:12:05.561849856+00:00,2020,325,gt3r,325_gt3r,37,15.658981620755597,0.008108197576699904,0.005468904341494607,15.6452853903021,15.672864567206219,0.02757917690411915,0.7993315599651777,0.677449142674194,12.0,0.2156529211854059,3.4940308991658666,3.61,3.5350904143921777,15.709683820351273,15.825652921185405,15.750743335577583,0.050702199595676234,0.16667130042980816,0.09176171482198647,5.798455041706666,True
80977,nova_kakhovka,Nova Kakhovka,46.775432,33.374615,2.0,2020-02-08,2020-02-08 14:10:58.362156032+00:00,2020,669,gt1l,669_gt1l,24,15.89656154558952,0.0108122255845299,0.007292746246141846,15.882105574180283,15.917097916610858,0.03499234243057536,1.3891202947026695,1.142692659628093,12.0,0.2156529211854059,3.531809346861037,3.5,3.548257134009719,15.747462268046442,15.715652921185406,15.763910055195124,-0.14909927754307795,-0.1809086244041147,-0.13265149039439628,3.8171216233244443,True
80977,nova_kakhovka,Nova Kakhovka,46.775432,33.374615,2.0,2020-02-08,2020-02-08 14:10:58.689455872+00:00,2020,669,gt1r,669_gt1r,105,15.885629624763517,0.01847650048216675,0.01246222884268633,15.844675859117295,15.905828841070473,0.0611529819531782,1.4549954670213419,1.2288420231952735,12.0,0.2156529211854059,3.5318085892225186,3.5,3.548257096127793,15.747461510407923,15.715652921185406,15.763910017313199,-0.13816811435559373,-0.16997670357811145,-0.12171960745031818,3.8170307067022224,True
80977,nova_kakhovka,Nova Kakhovka,46.775432,33.374615,2.0,2020-04-16,2020-04-16 23:12:05.089149696+00:00,2020,325,gt3l,325_gt3l,19,15.709561976319232,0.01876273354130613,0.012655290396132557,15.66650756118648,15.723087531361221,0.05657997017474159,1.0521502161544696,0.7650640142696576,12.0,0.2156529211854059,3.4940282730538668,3.61,3.5350898125748444,15.709681194239273,15.825652921185405,15.75074273376025,0.00011921792004088161,0.11609094486617266,0.041180757441017235,5.798586347306666,True
80977,nova_kakhovka,Nova Kakhovka,46.775432,33.374615,2.0,2020-04-16,2020-04-16 23:12:05.401449984+00:00,2020,325,gt3r,325_gt3r,63,15.659189286453262,0.009471124401250934,0.006388185890497056,15.644122489204012,15.680068254521668,0.03594576531765625,1.0361499068597593,0.677449142674194,12.0,0.2156529211854059,3.4940300080554665,3.61,3.5350902101793777,15.709682929240872,15.825652921185405,15.750743131364784,0.05049364278760926,0.16646363473214265,0.09155384491152141,5.798499597226667,True
80977,nova_kakhovka,Nova Kakhovka,46.775432,33.374615,2.0,2020-07-16,2020-07-16 18:51:53.673551360+00:00,2020,325,gt2l,325_gt2l,14,15.933450381623707,0.015402211247551565,0.010388649161980013,15.912878525005487,15.996201502448715,0.08332297744322759,1.6193993527435195,1.286940791352578,12.0,0.2156529211854059,3.633783635600593,3.64,3.6023311366497777,15.849436556786,15.855652921185406,15.817984057835183,-0.08401382483770803,-0.07779746043830116,-0.1154663237885245,1.8649093198222222,True
80977,nova_kakhovka,Nova Kakhovka,46.775432,33.374615,2.0,2020-08-08,2020-08-08 05:30:33.736059904+00:00,2020,669,gt2l,669_gt2l,35,16.06266411171669,0.028533337596794835,0.019245472546064235,15.982054815385293,18.1098001577615,2.1277453423762083,1.914476175057428,1.8653004949508951,12.0,0.2156529211854059,3.73,3.73,3.73,15.945652921185406,15.945652921185406,15.945652921185406,-0.11701119053128295,-0.11701119053128295,-0.11701119053128295,0.5093711277511112,True
80977,nova_kakhovka,Nova Kakhovka,46.775432,33.374615,2.0,2020-10-15,2020-10-15 14:31:39.476467712+00:00,2020,325,gt2l,325_gt2l,99,15.887603726815588,0.029150457576165672,0.019661714269638253,15.82362307702343,15.926484089374123,0.1028610123506919,1.6850654456979184,1.5125106402486397,12.0,0.2156529211854059,3.497939693626785,3.5,3.495393639706548,15.71359261481219,15.715652921185406,15.711046560891955,-0.17401111200339692,-0.17195080563018195,-0.1765571659236329,2.472367647857778,True
80977,nova_kakhovka,Nova Kakhovka,46.775432,33.374615,2.0,2020-10-15,2020-10-15 14:31:39.881267456+00:00,2020,325,gt2r,325_gt2r,22,15.869165986879619,0.040426367755925806,0.02726721149057454,15.833642968813045,15.931895530383857,0.09825256157081164,1.5388894644133628,1.4222216958268423,12.0,0.2156529211854059,3.49793978733043,3.5,3.4953935460029038,15.713592708515836,15.715652921185406,15.711046467188309,-0.1555732783637822,-0.15351306569421297,-0.15811951969130966,2.4722552034844445,True
80977,nova_kakhovka,Nova Kakhovka,46.775432,33.374615,2.0,2021-07-15,2021-07-15 01:31:16.222403584+00:00,2021,325,gt2r,325_gt2r,15,16.327673128554054,0.015332491036170041,0.01034162352365442,16.31040884937768,16.35355943833944,0.043150588961758274,1.5198724498376566,1.3778395616288512,12.0,0.2156529211854059,3.9042019548164744,3.91,3.916883822037452,16.11985487600188,16.125652921185406,16.132536743222857,-0.20781825255217257,-0.20202020736864768,-0.19513638533119604,3.4788271101155557,True
80977,nova_kakhovka,Nova Kakhovka,46.775432,33.374615,2.0,2021-08-06,2021-08-06 12:09:59.288499712+00:00,2021,669,gt2r,669_gt2r,16,16.267619474015092,0.014920409445030468,0.010063678298280365,16.24616518403484,16.28826078463274,0.042095600597900074,1.5096694117248213,1.0683096745742962,12.0,0.2156529211854059,3.877776460184652,3.91,3.873958086284622,16.093429381370058,16.125652921185406,16.08961100747003,-0.17419009264503416,-0.14196655282968607,-0.1780084665450623,4.833530972302222,True
80977,nova_kakhovka,Nova Kakhovka,46.775432,33.374615,2.0,2021-11-05,2021-11-05 07:50:01.558543360+00:00,2021,669,gt2l,669_gt2l,47,15.944409946127195,0.018415431250156964,0.012421038210007396,15.89410055236254,15.978965520517328,0.08486496815478795,1.5716984466652268,1.1648655262794931,12.0,0.2156529211854059,3.6115281385517037,3.61,3.6218051947816297,15.827181059737109,15.825652921185405,15.837458115967035,-0.11722888639008566,-0.11875702494178952,-0.10695183016015974,1.8337662620444444,True
80977,nova_kakhovka,Nova Kakhovka,46.775432,33.374615,2.0,2021-11-05,2021-11-05 07:50:01.892143360+00:00,2021,669,gt2r,669_gt2r,18,15.931116805986601,0.014290558291030424,0.009638849515061665,15.910951322919153,15.951247963349678,0.04029664043052428,1.5656419263681558,1.0642728296620796,12.0,0.2156529211854059,3.6115282157739257,3.61,3.6218051175594077,15.827181136959332,15.825652921185405,15.837458038744813,-0.10393566902726903,-0.10546388480119617,-0.0936587672417879,1.8338589287111111,True
80977,nova_kakhovka,Nova Kakhovka,46.775432,33.374615,3.0,2020-02-08,2020-02-08 14:10:58.362156032+00:00,2020,669,gt1l,669_gt1l,34,15.897023126360029,0.006603846893583962,0.004454233706720601,15.883001019932768,15.916408389877647,0.033407369944878695,1.7167999766191704,1.142692659628093,12.0,0.2156529211854059,3.531809346861037,3.5,3.548257134009719,15.747462268046442,15.715652921185406,15.763910055195124,-0.14956085831358656,-0.18137020517462332,-0.1331130711649049,3.8171216233244443,True
80977,nova_kakhovka,Nova Kakhovka,46.775432,33.374615,3.0,2020-02-08,2020-02-08 14:10:58.689455872+00:00,2020,669,gt1r,669_gt1r,145,15.885629624763517,0.017246344818422812,0.011632500214773245,15.84914041820243,15.90540028855742,0.05625987035499058,1.7459216450324333,1.2288420231952735,12.0,0.2156529211854059,3.5318085892225186,3.5,3.548257096127793,15.747461510407923,15.715652921185406,15.763910017313199,-0.13816811435559373,-0.16997670357811145,-0.12171960745031818,3.8170307067022224,True
80977,nova_kakhovka,Nova Kakhovka,46.775432,33.374615,3.0,2020-04-16,2020-04-16 23:12:04.918049792+00:00,2020,325,gt3l,325_gt3l,24,15.707903156752382,0.014300469729752857,0.009645534688893065,15.671613216667636,15.72150923715111,0.04989602048347486,1.3531934094088214,0.7650640142696576,12.0,0.2156529211854059,3.4940273224988445,3.61,3.535089594739319,15.70968024368425,15.825652921185405,15.750742515924724,0.00177708693186851,0.11774976443302343,0.042839359172342384,5.798633875057778,True
80977,nova_kakhovka,Nova Kakhovka,46.775432,33.374615,3.0,2020-04-16,2020-04-16 23:12:05.256149760+00:00,2020,325,gt3r,325_gt3r,81,15.659735656707191,0.012101401439216961,0.00816228344746861,15.643955590582042,15.6835669098142,0.03961131923215788,1.362753898536629,0.677449142674194,12.0,0.2156529211854059,3.494029200832,3.61,3.5350900251906667,15.709682122017405,15.825652921185405,15.750742946376072,0.04994646531021374,0.16591726447821387,0.09100728966888028,5.7985399584,True
80977,nova_kakhovka,Nova Kakhovka,46.775432,33.374615,3.0,2020-07-16,2020-07-16 18:51:53.673551360+00:00,2020,325,gt2l,325_gt2l,14,15.933450381623707,0.015402211247551565,0.010388649161980013,15.912878525005487,15.996201502448715,0.08332297744322759,1.6193993527435195,1.286940791352578,12.0,0.2156529211854059,3.633783635600593,3.64,3.6023311366497777,15.849436556786,15.855652921185406,15.817984057835183,-0.08401382483770803,-0.07779746043830116,-0.1154663237885245,1.8649093198222222,True
80977,nova_kakhovka,Nova Kakhovka,46.775432,33.374615,3.0,2020-08-08,2020-08-08 05:30:33.712160+00:00,2020,669,gt2l,669_gt2l,62,16.06607141746551,0.022217552010708876,0.014985533529413786,15.983493093032934,17.81181767289609,1.8283245798631569,2.1113206888779246,1.8653004949508951,12.0,0.2156529211854059,3.73,3.73,3.73,15.945652921185406,15.945652921185406,15.945652921185406,-0.12041849628010226,-0.12041849628010226,-0.12041849628010226,0.5093644888888889,True
80977,nova_kakhovka,Nova Kakhovka,46.775432,33.374615,3.0,2020-08-08,2020-08-08 05:30:34.065559808+00:00,2020,669,gt2r,669_gt2r,20,16.068782561023493,0.020547520719363006,0.01385911285536423,16.03960160562072,16.347730307767883,0.3081287021471617,2.184923538676675,1.9576679864785795,12.0,0.2156529211854059,3.73,3.73,3.73,15.945652921185406,15.945652921185406,15.945652921185406,-0.123129639838087,-0.123129639838087,-0.123129639838087,0.5094626555022223,True
80977,nova_kakhovka,Nova Kakhovka,46.775432,33.374615,3.0,2020-10-15,2020-10-15 14:31:39.312867328+00:00,2020,325,gt2l,325_gt2l,103,15.889381258457004,0.029568871168407142,0.019943930371244534,15.823853341265924,15.926422366263187,0.10256902499726372,1.7177414360364858,1.5125106402486397,12.0,0.2156529211854059,3.497939655756326,3.5,3.4953936775770074,15.713592576941732,15.715652921185406,15.711046598762413,-0.1757886815152716,-0.17372833727159787,-0.17833465969459006,2.472413092408889,True
80977,nova_kakhovka,Nova Kakhovka,46.775432,33.374615,3.0,2020-10-15,2020-10-15 14:31:39.881267456+00:00,2020,325,gt2r,325_gt2r,22,15.869165986879619,0.040426367755925806,0.02726721149057454,15.833642968813045,15.931895530383857,0.09825256157081164,1.5388894644133628,1.4222216958268423,12.0,0.2156529211854059,3.49793978733043,3.5,3.4953935460029038,15.713592708515836,15.715652921185406,15.711046467188309,-0.1555732783637822,-0.15351306569421297,-0.15811951969130966,2.4722552034844445,True
80977,nova_kakhovka,Nova Kakhovka,46.775432,33.374615,3.0,2021-07-15,2021-07-15 01:31:15.891103488+00:00,2021,325,gt1l,325_gt1l,40,16.32404003164472,0.03863400451271141,0.026058279045400923,16.264976744730504,16.356503207558138,0.09152646282763399,2.3292936464891887,2.2684675238425327,12.0,0.2156529211854059,3.9042018014368,3.91,3.9168837836925334,16.119854722622208,16.125652921185406,16.13253670487794,-0.2041853090225132,-0.1983871104593149,-0.1915033267667816,3.47891913792,True
80977,nova_kakhovka,Nova Kakhovka,46.775432,33.374615,3.0,2021-07-15,2021-07-15 01:31:16.133503744+00:00,2021,325,gt1r,325_gt1r,196,16.27165036182039,0.041415911229840015,0.027934649419830038,16.230753207904492,16.322508907663437,0.09175569975894504,2.3076294561651274,2.1789256954074414,12.0,0.2156529211854059,3.904201913659141,3.91,3.9168838117481184,16.119854834844546,16.125652921185406,16.132536732933524,-0.15179552697584597,-0.14599744063498576,-0.13911362888686796,3.4788518045155556,True
80977,nova_kakhovka,Nova Kakhovka,46.775432,33.374615,3.0,2021-07-15,2021-07-15 01:31:16.222403584+00:00,2021,325,gt2r,325_gt2r,15,16.327673128554054,0.015332491036170041,0.01034162352365442,16.31040884937768,16.35355943833944,0.043150588961758274,1.5198724498376566,1.3778395616288512,12.0,0.2156529211854059,3.9042019548164744,3.91,3.916883822037452,16.11985487600188,16.125652921185406,16.132536743222857,-0.20781825255217257,-0.20202020736864768,-0.19513638533119604,3.4788271101155557,True
80977,nova_kakhovka,Nova Kakhovka,46.775432,33.374615,3.0,2021-08-06,2021-08-06 12:09:58.754599936+00:00,2021,669,gt3l,669_gt3l,13,16.264202451905124,0.006758495515583195,0.004558542773224872,16.251357941443327,16.28496578475395,0.03360784331062305,2.731802787721168,2.628339492057557,12.0,0.2156529211854059,3.877775471481363,3.91,3.873957900902756,16.09342839266677,16.125652921185406,16.08961082208816,-0.17077405923835443,-0.1385495307197182,-0.17459162981696252,4.8336792777955555,True
80977,nova_kakhovka,Nova Kakhovka,46.775432,33.374615,3.0,2021-08-06,2021-08-06 12:09:59.133499904+00:00,2021,669,gt3r,669_gt3r,35,16.25284570576206,0.015222592484704697,0.010267497966211181,16.225663134806776,16.274653118105107,0.048989983298330486,2.804454776625323,2.7195694408993583,12.0,0.2156529211854059,3.8777761731479705,3.91,3.8739580324652447,16.093429094333377,16.125652921185406,16.089610953650652,-0.15941661142868213,-0.1271927845766534,-0.16323475211140703,4.833574027804445,True
80977,nova_kakhovka,Nova Kakhovka,46.775432,33.374615,3.0,2021-08-06,2021-08-06 12:09:59.288499712+00:00,2021,669,gt2r,669_gt2r,16,16.267619474015092,0.014920409445030468,0.010063678298280365,16.24616518403484,16.28826078463274,0.042095600597900074,1.5096694117248213,1.0683096745742962,12.0,0.2156529211854059,3.877776460184652,3.91,3.873958086284622,16.093429381370058,16.125652921185406,16.08961100747003,-0.17419009264503416,-0.14196655282968607,-0.1780084665450623,4.833530972302222,True
80977,nova_kakhovka,Nova Kakhovka,46.775432,33.374615,3.0,2021-11-05,2021-11-05 07:50:01.352243456+00:00,2021,669,gt3l,669_gt3l,419,15.861649143219786,0.012296693611687653,0.008294006213198202,15.83299585381582,15.890270746442472,0.05727489262665131,2.73151651648923,2.623721813243261,12.0,0.2156529211854059,3.6115280907970964,3.61,3.621805242536237,15.827181011982502,15.825652921185405,15.837458163721642,-0.03446813123728454,-0.03599622203438102,-0.02419097949814386,1.8337089565155555,True
80977,nova_kakhovka,Nova Kakhovka,46.775432,33.374615,3.0,2021-11-05,2021-11-05 07:50:01.558543360+00:00,2021,669,gt2l,669_gt2l,47,15.944409946127195,0.018415431250156964,0.012421038210007396,15.89410055236254,15.978965520517328,0.08486496815478795,1.5716984466652268,1.1648655262794931,12.0,0.2156529211854059,3.6115281385517037,3.61,3.6218051947816297,15.827181059737109,15.825652921185405,15.837458115967035,-0.11722888639008566,-0.11875702494178952,-0.10695183016015974,1.8337662620444444,True
80977,nova_kakhovka,Nova Kakhovka,46.775432,33.374615,3.0,2021-11-05,2021-11-05 07:50:01.739443200+00:00,2021,669,gt3r,669_gt3r,75,15.926554877607789,0.010754462146697896,0.007253785341088559,15.908680727254266,15.941320406697601,0.03263967944333501,2.8150024721592586,2.719399040828893,12.0,0.2156529211854059,3.611528180426667,3.61,3.6218051529066666,15.827181101612073,15.825652921185405,15.837458074092073,-0.09937377599571562,-0.10090195642238342,-0.0890968035157158,1.833816512,True
80977,nova_kakhovka,Nova Kakhovka,46.775432,33.374615,3.0,2021-11-05,2021-11-05 07:50:01.892143360+00:00,2021,669,gt2r,669_gt2r,18,15.931116805986601,0.014290558291030424,0.009638849515061665,15.910951322919153,15.951247963349678,0.04029664043052428,1.5656419263681558,1.0642728296620796,12.0,0.2156529211854059,3.6115282157739257,3.61,3.6218051175594077,15.827181136959332,15.825652921185405,15.837458038744813,-0.10393566902726903,-0.10546388480119617,-0.0936587672417879,1.8338589287111111,True
80977,nova_kakhovka,Nova Kakhovka,46.775432,33.374615,5.0,2020-02-08,2020-02-08 14:10:58.362156032+00:00,2020,669,gt1l,669_gt1l,45,15.896655662787154,0.00767203490682807,0.005174716651037414,15.882511399815339,15.915571640625563,0.03306024081022407,2.1474291858458128,1.142692659628093,12.0,0.2156529211854059,3.531809346861037,3.5,3.548257134009719,15.747462268046442,15.715652921185406,15.763910055195124,-0.14919339474071158,-0.18100274160174834,-0.1327456075920299,3.8171216233244443,True
80977,nova_kakhovka,Nova Kakhovka,46.775432,33.374615,5.0,2020-02-08,2020-02-08 14:10:58.689455872+00:00,2020,669,gt1r,669_gt1r,202,15.881602282109435,0.015895777386334797,0.010721554961779844,15.842946567421745,15.90495345447436,0.0620068870526147,2.2636473213278885,1.2288420231952735,12.0,0.2156529211854059,3.5318085892225186,3.5,3.548257096127793,15.747461510407923,15.715652921185406,15.763910017313199,-0.13414077170151195,-0.16594936092402968,-0.1176922647962364,3.8170307067022224,True
80977,nova_kakhovka,Nova Kakhovka,46.775432,33.374615,5.0,2020-02-08,2020-02-08 14:10:59.039955968+00:00,2020,669,gt2r,669_gt2r,19,15.90355364871695,0.00991831251964657,0.006689810144102637,15.877196073699436,15.924925799337277,0.047729725637841725,4.807262470582219,4.655452617120344,12.0,0.2156529211854059,3.531807777879704,3.5,3.548257055560652,15.74746069906511,15.715652921185406,15.763909976746058,-0.15609294965184084,-0.1879007275315452,-0.13964367197089267,3.8169333455644443,True
80977,nova_kakhovka,Nova Kakhovka,46.775432,33.374615,5.0,2020-04-16,2020-04-16 23:12:04.755349760+00:00,2020,325,gt3l,325_gt3l,29,15.706244337185531,0.013954114149149889,0.009411921050283212,15.674815664863518,15.719947036606927,0.04513137174340898,1.7457755313031644,0.7650640142696576,12.0,0.2156529211854059,3.494026418609778,3.61,3.5350893875980742,15.709679339795183,15.825652921185405,15.75074230878348,0.003435002609652571,0.1194085839998742,0.04449797159794855,5.7986790695111115,True
80977,nova_kakhovka,Nova Kakhovka,46.775432,33.374615,5.0,2020-04-16,2020-04-16 23:12:05.104249600+00:00,2020,325,gt3r,325_gt3r,101,15.660777830512387,0.011802535194244719,0.007960700926915365,15.643928644303536,15.6835669098142,0.03963826551066418,1.794260394784704,0.677449142674194,12.0,0.2156529211854059,3.494028356942222,3.61,3.5350898317992594,15.709681278127627,15.825652921185405,15.750742752984666,0.048903447615240125,0.16487509067301787,0.08996492247227827,5.798582152888889,True
80977,nova_kakhovka,Nova Kakhovka,46.775432,33.374615,5.0,2020-04-16,2020-04-16 23:12:05.242449664+00:00,2020,325,gt2r,325_gt2r,21,15.703179323893295,0.012901782801575742,0.008702133280436897,15.679004244801355,15.718240442178072,0.039236197376716575,4.5646066083287185,4.307584041720192,12.0,0.2156529211854059,3.4940291247203557,3.61,3.535090007748415,15.709682045905762,15.825652921185405,15.750742928933821,0.006502722012466933,0.12247359729211027,0.04756360504052637,5.798543763982222,True
80977,nova_kakhovka,Nova Kakhovka,46.775432,33.374615,5.0,2020-07-16,2020-07-16 18:51:53.284151296+00:00,2020,325,gt1l,325_gt1l,25,15.952247538795827,0.0163950334824615,0.011058298585229664,15.932621306024402,16.064145736577522,0.1315244305531209,3.5277441902230064,2.263691670076639,12.0,0.2156529211854059,3.6337839961562075,3.64,3.602331001441422,15.849436917341613,15.855652921185406,15.817983922626828,-0.10281062145421416,-0.0965946176104211,-0.13426361616899918,1.8648011531377777,True
80977,nova_kakhovka,Nova Kakhovka,46.775432,33.374615,5.0,2020-07-16,2020-07-16 18:51:53.673551360+00:00,2020,325,gt2l,325_gt2l,14,15.933450381623707,0.015402211247551565,0.010388649161980013,15.912878525005487,15.996201502448715,0.08332297744322759,1.6193993527435195,1.286940791352578,12.0,0.2156529211854059,3.633783635600593,3.64,3.6023311366497777,15.849436556786,15.855652921185406,15.817984057835183,-0.08401382483770803,-0.07779746043830116,-0.1154663237885245,1.8649093198222222,True
80977,nova_kakhovka,Nova Kakhovka,46.775432,33.374615,5.0,2020-08-08,2020-08-08 05:30:33.712160+00:00,2020,669,gt2l,669_gt2l,93,16.07134667672976,0.017827708675299828,0.012024624764130465,15.99858942416502,16.29165407776244,0.29306465359742084,2.714258312513589,1.8653004949508951,12.0,0.2156529211854059,3.73,3.73,3.73,15.945652921185406,15.945652921185406,15.945652921185406,-0.12569375554435425,-0.12569375554435425,-0.12569375554435425,0.5093644888888889,True
80977,nova_kakhovka,Nova Kakhovka,46.775432,33.374615,5.0,2020-08-08,2020-08-08 05:30:34.065559808+00:00,2020,669,gt2r,669_gt2r,31,16.068708947254784,0.02453496980576752,0.016548610418027465,16.039240262101284,16.12010790469921,0.08086764259792645,2.810629827257127,1.9576679864785795,12.0,0.2156529211854059,3.73,3.73,3.73,15.945652921185406,15.945652921185406,15.945652921185406,-0.12305602606937782,-0.12305602606937782,-0.12305602606937782,0.5094626555022223,True
80977,nova_kakhovka,Nova Kakhovka,46.775432,33.374615,5.0,2020-10-15,2020-10-15 14:31:39.009867520+00:00,2020,325,gt2l,325_gt2l,114,15.891587889613323,0.023880946967479503,0.016107478057115543,15.824091005914743,15.92619990177155,0.10210889585680683,1.9271406078376803,1.5125106402486397,12.0,0.2156529211854059,3.4979395856174813,3.5,3.495393747715852,15.713592506802886,15.715652921185406,15.711046668901258,-0.1779953828104368,-0.17593496842791723,-0.18054122071206535,2.472497259022222,True
80977,nova_kakhovka,Nova Kakhovka,46.775432,33.374615,5.0,2020-10-15,2020-10-15 14:31:39.881267456+00:00,2020,325,gt2r,325_gt2r,22,15.869165986879619,0.040426367755925806,0.02726721149057454,15.833642968813045,15.931895530383857,0.09825256157081164,1.5388894644133628,1.4222216958268423,12.0,0.2156529211854059,3.49793978733043,3.5,3.4953935460029038,15.713592708515836,15.715652921185406,15.711046467188309,-0.1555732783637822,-0.15351306569421297,-0.15811951969130966,2.4722552034844445,True
80977,nova_kakhovka,Nova Kakhovka,46.775432,33.374615,5.0,2021-07-15,2021-07-15 01:31:15.884603392+00:00,2021,325,gt1r,325_gt1r,250,16.28801321447547,0.045530530613788645,0.030709922173066673,16.233105837760125,16.328958148622498,0.095852310862373,2.6026307332753786,2.1789256954074414,12.0,0.2156529211854059,3.9042017984274966,3.91,3.9168837829402072,16.119854719612903,16.125652921185406,16.132536704125613,-0.16815849486256695,-0.16236029329006385,-0.15547651034985677,3.478920943502222,True
80977,nova_kakhovka,Nova Kakhovka,46.775432,33.374615,5.0,2021-07-15,2021-07-15 01:31:15.891103488+00:00,2021,325,gt1l,325_gt1l,40,16.32404003164472,0.03863400451271141,0.026058279045400923,16.264976744730504,16.356503207558138,0.09152646282763399,2.3292936464891887,2.2684675238425327,12.0,0.2156529211854059,3.9042018014368,3.91,3.9168837836925334,16.119854722622208,16.125652921185406,16.13253670487794,-0.2041853090225132,-0.1983871104593149,-0.1915033267667816,3.47891913792,True
80977,nova_kakhovka,Nova Kakhovka,46.775432,33.374615,5.0,2021-07-15,2021-07-15 01:31:16.222403584+00:00,2021,325,gt2r,325_gt2r,15,16.327673128554054,0.015332491036170041,0.01034162352365442,16.31040884937768,16.35355943833944,0.043150588961758274,1.5198724498376566,1.3778395616288512,12.0,0.2156529211854059,3.9042019548164744,3.91,3.916883822037452,16.11985487600188,16.125652921185406,16.132536743222857,-0.20781825255217257,-0.20202020736864768,-0.19513638533119604,3.4788271101155557,True
80977,nova_kakhovka,Nova Kakhovka,46.775432,33.374615,5.0,2021-08-06,2021-08-06 12:09:58.754599936+00:00,2021,669,gt3l,669_gt3l,26,16.26029991474058,0.018134922161925776,0.012231837422046254,16.228738937547057,16.28417168066161,0.055432743114554484,3.318325448319851,2.628339492057557,12.0,0.2156529211854059,3.877775471481363,3.91,3.873957900902756,16.09342839266677,16.125652921185406,16.08961082208816,-0.16687152207380862,-0.1346469935551724,-0.17068909265241672,4.8336792777955555,True
80977,nova_kakhovka,Nova Kakhovka,46.775432,33.374615,5.0,2021-08-06,2021-08-06 12:09:59.133499904+00:00,2021,669,gt3r,669_gt3r,90,16.246719101691273,0.014091018049347618,0.009504261465902886,16.222851754591375,16.269920614636902,0.04706886004552757,3.4525446939456854,2.7195694408993583,12.0,0.2156529211854059,3.8777761731479705,3.91,3.8739580324652447,16.093429094333377,16.125652921185406,16.089610953650652,-0.15329000735789577,-0.12106618050586704,-0.15710814804062068,4.833574027804445,True
80977,nova_kakhovka,Nova Kakhovka,46.775432,33.374615,5.0,2021-08-06,2021-08-06 12:09:59.288499712+00:00,2021,669,gt2r,669_gt2r,16,16.267619474015092,0.014920409445030468,0.010063678298280365,16.24616518403484,16.28826078463274,0.042095600597900074,1.5096694117248213,1.0683096745742962,12.0,0.2156529211854059,3.877776460184652,3.91,3.873958086284622,16.093429381370058,16.125652921185406,16.08961100747003,-0.17419009264503416,-0.14196655282968607,-0.1780084665450623,4.833530972302222,True
80977,nova_kakhovka,Nova Kakhovka,46.775432,33.374615,5.0,2021-11-05,2021-11-05 07:50:01.352243456+00:00,2021,669,gt3l,669_gt3l,844,15.875122723180727,0.029768046011758382,0.020078271962605143,15.841014320222625,15.928350667891477,0.08733634766885245,3.290250260669119,2.623721813243261,12.0,0.2156529211854059,3.6115280907970964,3.61,3.621805242536237,15.827181011982502,15.825652921185405,15.837458163721642,-0.047941711198225434,-0.049469801995321916,-0.03766455945908476,1.8337089565155555,True
80977,nova_kakhovka,Nova Kakhovka,46.775432,33.374615,5.0,2021-11-05,2021-11-05 07:50:01.558543360+00:00,2021,669,gt2l,669_gt2l,47,15.944409946127195,0.018415431250156964,0.012421038210007396,15.89410055236254,15.978965520517328,0.08486496815478795,1.5716984466652268,1.1648655262794931,12.0,0.2156529211854059,3.6115281385517037,3.61,3.6218051947816297,15.827181059737109,15.825652921185405,15.837458115967035,-0.11722888639008566,-0.11875702494178952,-0.10695183016015974,1.8337662620444444,True
80977,nova_kakhovka,Nova Kakhovka,46.775432,33.374615,5.0,2021-11-05,2021-11-05 07:50:01.739443200+00:00,2021,669,gt3r,669_gt3r,186,15.937713105249678,0.02683327241058157,0.018098794287455533,15.91429820060435,15.985964260012768,0.07166605940841819,3.390740989892775,2.719399040828893,12.0,0.2156529211854059,3.611528180426667,3.61,3.6218051529066666,15.827181101612073,15.825652921185405,15.837458074092073,-0.11053200363760496,-0.11206018406427276,-0.10025503115760515,1.833816512,True
80977,nova_kakhovka,Nova Kakhovka,46.775432,33.374615,5.0,2021-11-05,2021-11-05 07:50:01.892143360+00:00,2021,669,gt2r,669_gt2r,18,15.931116805986601,0.014290558291030424,0.009638849515061665,15.910951322919153,15.951247963349678,0.04029664043052428,1.5656419263681558,1.0642728296620796,12.0,0.2156529211854059,3.6115282157739257,3.61,3.6218051175594077,15.827181136959332,15.825652921185405,15.837458038744813,-0.10393566902726903,-0.10546388480119617,-0.0936587672417879,1.8338589287111111,True
80977,nova_kakhovka,Nova Kakhovka,46.775432,33.374615,10.0,2020-02-08,2020-02-08 14:10:58.362156032+00:00,2020,669,gt1l,669_gt1l,45,15.896655662787154,0.00767203490682807,0.005174716651037414,15.882511399815339,15.915571640625563,0.03306024081022407,2.1474291858458128,1.142692659628093,12.0,0.2156529211854059,3.531809346861037,3.5,3.548257134009719,15.747462268046442,15.715652921185406,15.763910055195124,-0.14919339474071158,-0.18100274160174834,-0.1327456075920299,3.8171216233244443,True
80977,nova_kakhovka,Nova Kakhovka,46.775432,33.374615,10.0,2020-02-08,2020-02-08 14:10:58.689455872+00:00,2020,669,gt1r,669_gt1r,202,15.881602282109435,0.015895777386334797,0.010721554961779844,15.842946567421745,15.90495345447436,0.0620068870526147,2.2636473213278885,1.2288420231952735,12.0,0.2156529211854059,3.5318085892225186,3.5,3.548257096127793,15.747461510407923,15.715652921185406,15.763910017313199,-0.13414077170151195,-0.16594936092402968,-0.1176922647962364,3.8170307067022224,True
80977,nova_kakhovka,Nova Kakhovka,46.775432,33.374615,10.0,2020-02-08,2020-02-08 14:10:58.696555776+00:00,2020,669,gt2l,669_gt2l,44,15.840124319521555,0.012984689386613742,0.008758053005944788,15.816623065683778,15.859406807484664,0.04278374180088562,6.209361458406096,4.5694096508547135,12.0,0.2156529211854059,3.5318085727875554,3.5,3.548257095306045,15.747461493972962,15.715652921185406,15.763910016491451,-0.09266282554859373,-0.12447139833614962,-0.07621430303010435,3.8170287345066667,True
80977,nova_kakhovka,Nova Kakhovka,46.775432,33.374615,10.0,2020-02-08,2020-02-08 14:10:59.039955968+00:00,2020,669,gt2r,669_gt2r,135,15.899511042170772,0.01632297623774561,0.011009696639515454,15.855710746315758,15.926328004633639,0.07061725831788124,6.290611613278403,4.655452617120344,12.0,0.2156529211854059,3.531807777879704,3.5,3.548257055560652,15.74746069906511,15.715652921185406,15.763909976746058,-0.15205034310566212,-0.18385812098536647,-0.13560106542471395,3.8169333455644443,True
80977,nova_kakhovka,Nova Kakhovka,46.775432,33.374615,10.0,2020-02-08,2020-02-08 14:10:59.041656064+00:00,2020,669,gt3l,669_gt3l,21,15.920185608431321,0.012776763561326043,0.00861780895813169,15.893924754010904,15.946173500091913,0.052248746081009045,9.241826842227729,8.537350519244265,12.0,0.2156529211854059,3.5318077739442963,3.5,3.548257055363882,15.747460695129702,15.715652921185406,15.763909976549288,-0.17272491330161976,-0.20453268724591567,-0.15627563188203375,3.8169328733155554,True
80977,nova_kakhovka,Nova Kakhovka,46.775432,33.374615,10.0,2020-02-08,2020-02-08 14:10:59.382355968+00:00,2020,669,gt3r,669_gt3r,77,15.84730034262832,0.015043817851653124,0.010146916128189076,15.827441454729986,15.870540969412627,0.04309951468264117,9.29119695559265,8.605898626702164,12.0,0.2156529211854059,3.531806985287111,3.5,3.5482570159310223,15.747459906472518,15.715652921185406,15.763909937116427,-0.09984043615580163,-0.13164742144291353,-0.08339040551189214,3.8168382344533334,True
80977,nova_kakhovka,Nova Kakhovka,46.775432,33.374615,10.0,2020-04-16,2020-04-16 23:12:04.307349760+00:00,2020,325,gt2l,325_gt2l,25,15.640518278668253,0.017963429653992134,0.012116167310125547,15.614018149425808,15.700210391345259,0.0861922419194503,6.043042626831388,4.400293906502731,12.0,0.2156529211854059,3.494023929720889,3.61,3.5350888172277037,15.709676850906295,15.825652921185405,15.75074173841311,0.06915857223804167,0.18513464251715206,0.11022345974485681,5.798803513955556,True
80977,nova_kakhovka,Nova Kakhovka,46.775432,33.374615,10.0,2020-04-16,2020-04-16 23:12:04.645249792+00:00,2020,325,gt2r,325_gt2r,75,15.694252969419434,0.013244083432618748,0.008933011893038412,15.663805470662838,15.71606187455232,0.05225640388948172,6.05326320911025,4.307584041720192,12.0,0.2156529211854059,3.494025806943289,3.61,3.5350892474245037,15.709678728128694,15.825652921185405,15.750742168609909,0.01542575870925944,0.13139995176597097,0.05648919919047479,5.798709652835556,True
80977,nova_kakhovka,Nova Kakhovka,46.775432,33.374615,10.0,2020-04-16,2020-04-16 23:12:04.709449728+00:00,2020,325,gt1r,325_gt1r,31,15.677396923735245,0.028196265544845125,0.019018120561746343,15.637756988564483,15.705966166744092,0.06820917817960925,9.388666471495732,8.931676356708016,12.0,0.2156529211854059,3.4940261636096,3.61,3.5350893291605336,15.709679084795006,15.825652921185405,15.75074225034594,0.03228216105976145,0.1482559974501605,0.0733453266106956,5.79869181952,True
80977,nova_kakhovka,Nova Kakhovka,46.775432,33.374615,10.0,2020-04-16,2020-04-16 23:12:04.755349760+00:00,2020,325,gt3l,325_gt3l,29,15.706244337185531,0.013954114149149889,0.009411921050283212,15.674815664863518,15.719947036606927,0.04513137174340898,1.7457755313031644,0.7650640142696576,12.0,0.2156529211854059,3.494026418609778,3.61,3.5350893875980742,15.709679339795183,15.825652921185405,15.75074230878348,0.003435002609652571,0.1194085839998742,0.04449797159794855,5.7986790695111115,True
80977,nova_kakhovka,Nova Kakhovka,46.775432,33.374615,10.0,2020-04-16,2020-04-16 23:12:05.104249600+00:00,2020,325,gt3r,325_gt3r,101,15.660777830512387,0.011802535194244719,0.007960700926915365,15.643928644303536,15.6835669098142,0.03963826551066418,1.794260394784704,0.677449142674194,12.0,0.2156529211854059,3.494028356942222,3.61,3.5350898317992594,15.709681278127627,15.825652921185405,15.750742752984666,0.048903447615240125,0.16487509067301787,0.08996492247227827,5.798582152888889,True
80977,nova_kakhovka,Nova Kakhovka,46.775432,33.374615,10.0,2020-07-16,2020-07-16 18:51:53.046751232+00:00,2020,325,gt1l,325_gt1l,47,15.953792171226048,0.014322085547537802,0.00966011435824754,15.932636855529415,15.975524080073761,0.042887224544346125,4.608178340575679,2.263691670076639,12.0,0.2156529211854059,3.633784215971082,3.64,3.6023309190108446,15.849437137156487,15.855652921185406,15.81798384019625,-0.10435503406956137,-0.09813925004064217,-0.13580833102979817,1.8647352086755555,True
80977,nova_kakhovka,Nova Kakhovka,46.775432,33.374615,10.0,2020-07-16,2020-07-16 18:51:53.673551360+00:00,2020,325,gt2l,325_gt2l,14,15.933450381623707,0.015402211247551565,0.010388649161980013,15.912878525005487,15.996201502448715,0.08332297744322759,1.6193993527435195,1.286940791352578,12.0,0.2156529211854059,3.633783635600593,3.64,3.6023311366497777,15.849436556786,15.855652921185406,15.817984057835183,-0.08401382483770803,-0.07779746043830116,-0.1154663237885245,1.8649093198222222,True
80977,nova_kakhovka,Nova Kakhovka,46.775432,33.374615,10.0,2020-08-08,2020-08-08 05:30:33.712160+00:00,2020,669,gt2l,669_gt2l,93,16.07134667672976,0.017827708675299828,0.012024624764130465,15.99858942416502,16.29165407776244,0.29306465359742084,2.714258312513589,1.8653004949508951,12.0,0.2156529211854059,3.73,3.73,3.73,15.945652921185406,15.945652921185406,15.945652921185406,-0.12569375554435425,-0.12569375554435425,-0.12569375554435425,0.5093644888888889,True
80977,nova_kakhovka,Nova Kakhovka,46.775432,33.374615,10.0,2020-08-08,2020-08-08 05:30:34.065559808+00:00,2020,669,gt2r,669_gt2r,31,16.068708947254784,0.02453496980576752,0.016548610418027465,16.039240262101284,16.12010790469921,0.08086764259792645,2.810629827257127,1.9576679864785795,12.0,0.2156529211854059,3.73,3.73,3.73,15.945652921185406,15.945652921185406,15.945652921185406,-0.12305602606937782,-0.12305602606937782,-0.12305602606937782,0.5094626555022223,True
80977,nova_kakhovka,Nova Kakhovka,46.775432,33.374615,10.0,2020-08-08,2020-08-08 05:30:34.093060096+00:00,2020,669,gt3l,669_gt3l,89,16.029927860985183,0.01828013000719211,0.012329778771881905,15.998220248809762,16.069263208197242,0.07104295938747995,6.734247514436939,5.440864098471681,12.0,0.2156529211854059,3.73,3.73,3.73,15.945652921185406,15.945652921185406,15.945652921185406,-0.0842749397997764,-0.0842749397997764,-0.0842749397997764,0.5094702944711111,True
80977,nova_kakhovka,Nova Kakhovka,46.775432,33.374615,10.0,2020-08-08,2020-08-08 05:30:34.447359744+00:00,2020,669,gt3r,669_gt3r,24,16.09801342164164,0.01677057598962166,0.011311598536099865,16.073214098052745,16.13434630458445,0.061132206531706146,6.805845481795237,5.555036781923734,12.0,0.2156529211854059,3.73,3.73,3.73,15.945652921185406,15.945652921185406,15.945652921185406,-0.15236050045623273,-0.15236050045623273,-0.15236050045623273,0.50956871104,True
80977,nova_kakhovka,Nova Kakhovka,46.775432,33.374615,10.0,2020-10-15,2020-10-15 14:31:38.586167552+00:00,2020,325,gt1l,325_gt1l,74,15.860699940097986,0.024886064377364046,0.016785420462271716,15.815619480029149,15.895176529580905,0.07955704955175591,6.181873664173767,5.450637734385627,12.0,0.2156529211854059,3.497939487538785,3.5,3.495393845794548,15.71359240872419,15.715652921185406,15.711046766979955,-0.14710753137379484,-0.14504701891257987,-0.14965317311803084,2.4726149534577777,True
80977,nova_kakhovka,Nova Kakhovka,46.775432,33.374615,10.0,2020-10-15,2020-10-15 14:31:38.888867328+00:00,2020,325,gt2l,325_gt2l,118,15.892219200427093,0.02270041918005246,0.015311222973190652,15.824177429423404,15.926119005592774,0.10194157616937005,2.0422001254353757,1.5125106402486397,12.0,0.2156529211854059,3.497939557608178,3.5,3.4953937757251556,15.713592478793583,15.715652921185406,15.71104669691056,-0.1786267216335098,-0.17656627924168689,-0.1811725035165317,2.4725308701866666,True
80977,nova_kakhovka,Nova Kakhovka,46.775432,33.374615,10.0,2020-10-15,2020-10-15 14:31:39.111167488+00:00,2020,325,gt1r,325_gt1r,15,15.900874601185247,0.015526765538416563,0.010472659880221613,15.857571061480364,15.919789364121517,0.06221830264115269,5.807157569791373,5.362755453757215,12.0,0.2156529211854059,3.497939609066548,3.5,3.495393724266785,15.713592530251955,15.715652921185406,15.71104664545219,-0.18728207093329274,-0.18522167999984163,-0.18982795573305644,2.472469120142222,True
80977,nova_kakhovka,Nova Kakhovka,46.775432,33.374615,10.0,2020-10-15,2020-10-15 14:31:39.881267456+00:00,2020,325,gt2r,325_gt2r,22,15.869165986879619,0.040426367755925806,0.02726721149057454,15.833642968813045,15.931895530383857,0.09825256157081164,1.5388894644133628,1.4222216958268423,12.0,0.2156529211854059,3.49793978733043,3.5,3.4953935460029038,15.713592708515836,15.715652921185406,15.711046467188309,-0.1555732783637822,-0.15351306569421297,-0.15811951969130966,2.4722552034844445,True
80977,nova_kakhovka,Nova Kakhovka,46.775432,33.374615,10.0,2021-06-05,2021-06-05 15:06:12.495689472+00:00,2021,1109,gt1r,1109_gt1r,23,16.3238195780447,0.012541663721216992,0.00845923628842371,16.30512299543797,16.354251859562435,0.04912886412446582,9.744999077350547,9.514978336822448,12.0,0.2156529211854059,3.988419559187378,3.99,3.979827548291911,16.204072480372783,16.205652921185408,16.195480469477317,-0.11974709767191527,-0.11816665685929095,-0.1283391085673813,1.8965289751466667,True
80977,nova_kakhovka,Nova Kakhovka,46.775432,33.374615,10.0,2021-07-15,2021-07-15 01:31:15.884603392+00:00,2021,325,gt1r,325_gt1r,250,16.28801321447547,0.045530530613788645,0.030709922173066673,16.233105837760125,16.328958148622498,0.095852310862373,2.6026307332753786,2.1789256954074414,12.0,0.2156529211854059,3.9042017984274966,3.91,3.9168837829402072,16.119854719612903,16.125652921185406,16.132536704125613,-0.16815849486256695,-0.16236029329006385,-0.15547651034985677,3.478920943502222,True
80977,nova_kakhovka,Nova Kakhovka,46.775432,33.374615,10.0,2021-07-15,2021-07-15 01:31:15.891103488+00:00,2021,325,gt1l,325_gt1l,40,16.32404003164472,0.03863400451271141,0.026058279045400923,16.264976744730504,16.356503207558138,0.09152646282763399,2.3292936464891887,2.2684675238425327,12.0,0.2156529211854059,3.9042018014368,3.91,3.9168837836925334,16.119854722622208,16.125652921185406,16.13253670487794,-0.2041853090225132,-0.1983871104593149,-0.1915033267667816,3.47891913792,True
80977,nova_kakhovka,Nova Kakhovka,46.775432,33.374615,10.0,2021-07-15,2021-07-15 01:31:16.222403584+00:00,2021,325,gt2r,325_gt2r,15,16.327673128554054,0.015332491036170041,0.01034162352365442,16.31040884937768,16.35355943833944,0.043150588961758274,1.5198724498376566,1.3778395616288512,12.0,0.2156529211854059,3.9042019548164744,3.91,3.916883822037452,16.11985487600188,16.125652921185406,16.132536743222857,-0.20781825255217257,-0.20202020736864768,-0.19513638533119604,3.4788271101155557,True
80977,nova_kakhovka,Nova Kakhovka,46.775432,33.374615,10.0,2021-08-06,2021-08-06 12:09:58.754599936+00:00,2021,669,gt3l,669_gt3l,31,16.260955920349254,0.019038558515424898,0.012841331792408539,16.227595946529863,16.29277547625484,0.06517952972497554,3.654998445978836,2.628339492057557,12.0,0.2156529211854059,3.877775471481363,3.91,3.873957900902756,16.09342839266677,16.125652921185406,16.08961082208816,-0.16752752768248413,-0.13530299916384791,-0.17134509826109223,4.8336792777955555,True
80977,nova_kakhovka,Nova Kakhovka,46.775432,33.374615,10.0,2021-08-06,2021-08-06 12:09:59.133499904+00:00,2021,669,gt3r,669_gt3r,108,16.249619958194145,0.015790180658755953,0.010650330944796949,16.221878425508823,16.27321444100158,0.051336015492758236,3.784498294529308,2.7195694408993583,12.0,0.2156529211854059,3.8777761731479705,3.91,3.8739580324652447,16.093429094333377,16.125652921185406,16.089610953650652,-0.1561908638607683,-0.12396703700873957,-0.1600090045434932,4.833574027804445,True
80977,nova_kakhovka,Nova Kakhovka,46.775432,33.374615,10.0,2021-08-06,2021-08-06 12:09:59.288499712+00:00,2021,669,gt2r,669_gt2r,16,16.267619474015092,0.014920409445030468,0.010063678298280365,16.24616518403484,16.28826078463274,0.042095600597900074,1.5096694117248213,1.0683096745742962,12.0,0.2156529211854059,3.877776460184652,3.91,3.873958086284622,16.093429381370058,16.125652921185406,16.08961100747003,-0.17419009264503416,-0.14196655282968607,-0.1780084665450623,4.833530972302222,True
80977,nova_kakhovka,Nova Kakhovka,46.775432,33.374615,10.0,2021-11-05,2021-11-05 07:50:01.352243456+00:00,2021,669,gt3l,669_gt3l,947,15.880222804795096,0.03524991499160535,0.02377574193417331,15.842398482493882,15.931526469217038,0.08912798672315603,3.521305336557886,2.623721813243261,12.0,0.2156529211854059,3.6115280907970964,3.61,3.621805242536237,15.827181011982502,15.825652921185405,15.837458163721642,-0.05304179281259458,-0.05456988360969106,-0.0427646410734539,1.8337089565155555,True
80977,nova_kakhovka,Nova Kakhovka,46.775432,33.374615,10.0,2021-11-05,2021-11-05 07:50:01.558543360+00:00,2021,669,gt2l,669_gt2l,47,15.944409946127195,0.018415431250156964,0.012421038210007396,15.89410055236254,15.978965520517328,0.08486496815478795,1.5716984466652268,1.1648655262794931,12.0,0.2156529211854059,3.6115281385517037,3.61,3.6218051947816297,15.827181059737109,15.825652921185405,15.837458115967035,-0.11722888639008566,-0.11875702494178952,-0.10695183016015974,1.8337662620444444,True
80977,nova_kakhovka,Nova Kakhovka,46.775432,33.374615,10.0,2021-11-05,2021-11-05 07:50:01.739443200+00:00,2021,669,gt3r,669_gt3r,212,15.942566399949026,0.030519199918104294,0.02058491833138021,15.914805903398578,15.985908969454039,0.07110306605546057,3.6439144695329104,2.719399040828893,12.0,0.2156529211854059,3.611528180426667,3.61,3.6218051529066666,15.827181101612073,15.825652921185405,15.837458074092073,-0.11538529833695321,-0.11691347876362101,-0.1051083258569534,1.833816512,True
80977,nova_kakhovka,Nova Kakhovka,46.775432,33.374615,10.0,2021-11-05,2021-11-05 07:50:01.892143360+00:00,2021,669,gt2r,669_gt2r,18,15.931116805986601,0.014290558291030424,0.009638849515061665,15.910951322919153,15.951247963349678,0.04029664043052428,1.5656419263681558,1.0642728296620796,12.0,0.2156529211854059,3.6115282157739257,3.61,3.6218051175594077,15.827181136959332,15.825652921185405,15.837458038744813,-0.10393566902726903,-0.10546388480119617,-0.0936587672417879,1.8338589287111111,True
80977,nova_kakhovka,Nova Kakhovka,46.775432,33.374615,10.0,2021-11-11,2021-11-11 19:47:21.711216896+00:00,2021,769,gt3l,769_gt3l,70,15.971899111645255,0.02098678439708148,0.014155392146959045,15.936650063797428,16.008923916854027,0.07227385305659872,9.219676834184874,8.725375383042108,12.0,0.2156529211854059,3.5974556842788146,3.59,3.6222367052836444,15.81310860546422,15.805652921185406,15.83788962646905,-0.15879050618103463,-0.16624619045984979,-0.1340094851762057,1.7893642269155556,True
80977,nova_kakhovka,Nova Kakhovka,46.775432,33.374615,10.0,2021-11-11,2021-11-11 19:47:22.052016896+00:00,2021,769,gt3r,769_gt3r,19,15.886369317496456,0.03336126798764104,0.022501866982086227,15.849587827327618,15.915329599517746,0.06574177219012789,9.1409148263641,8.657941077227802,12.0,0.2156529211854059,3.5974560787232592,3.59,3.6222368236169777,15.813108999908664,15.805652921185406,15.837889744802384,-0.07326031758779195,-0.08071639631105043,-0.048479572694072104,1.7894588935822222,True
